2025-03-17-T22:41:34: Opening RTT channel 0 with name "defmt"!
2025-03-17-T22:41:45: RTT-Channel 0 - Message: hello world
2025-03-17-T22:43:23: RTT-Channel 0 - Message: hello world
2025-03-17-T22:43:26: RTT-Channel 0 - Message: hello world
2025-03-17-T22:44:35: RTT-Channel 0 - Message: hello world
2025-03-17-T22:44:45: Opening RTT channel 0 with name "defmt"!
2025-03-17-T22:48:31: Opening RTT channel 0 with name "defmt"!
2025-03-17-T22:48:32: RTT-Channel 0 - Message: hello world
hello world
hello world
hello world
hello world
hello world
hello world
hello world
hello world
hello world
hello world
hello world
hello world
hello world
hello world
hello world
hello world
hello world
hello world
hello world
hello world
hello world
hello world
hello world
hello world
hello world
hello world
hello world
hello world
hello world
hello world
hello world
hello world
hello world
hello world
hello world
hello world
hello world
hello world
hello world
hello world
hello world
hello world
hello world
hello world
hello world
hello world
hello world
hello world
hello world
hello world
hello world
hello world
hello world
hello world
hello world
hello world
hello world
hello world
hello world
hello world
hello world
hello world
hello world
hello world
2025-03-17-T22:50:38: Opening RTT channel 0 with name "defmt"!
2025-03-17-T22:50:38: RTT-Channel 0 - Message: hello world
hello world
2025-03-17-T22:50:38: RTT-Channel 0 - Message: hello world
2025-03-17-T22:50:38: RTT-Channel 0 - Message: hello world
2025-03-17-T22:50:38: RTT-Channel 0 - Message: hello world
2025-03-17-T22:50:39: RTT-Channel 0 - Message: hello world
2025-03-17-T22:50:39: RTT-Channel 0 - Message: hello world
2025-03-17-T22:50:39: RTT-Channel 0 - Message: hello world
2025-03-17-T22:50:39: RTT-Channel 0 - Message: hello world
2025-03-17-T22:50:40: RTT-Channel 0 - Message: hello world
2025-03-17-T22:50:40: RTT-Channel 0 - Message: hello world
2025-03-17-T22:50:40: RTT-Channel 0 - Message: hello world
2025-03-17-T22:50:41: RTT-Channel 0 - Message: hello world
2025-03-17-T22:50:41: RTT-Channel 0 - Message: hello world
2025-03-17-T22:50:41: RTT-Channel 0 - Message: hello world
2025-03-17-T22:50:42: RTT-Channel 0 - Message: hello world
2025-03-17-T22:50:42: RTT-Channel 0 - Message: hello world
2025-03-17-T22:50:42: RTT-Channel 0 - Message: hello world
2025-03-17-T22:50:42: RTT-Channel 0 - Message: hello world
2025-03-17-T22:50:43: RTT-Channel 0 - Message: hello world
2025-03-17-T22:50:43: RTT-Channel 0 - Message: hello world
2025-03-17-T22:50:43: RTT-Channel 0 - Message: hello world
2025-03-17-T22:50:44: RTT-Channel 0 - Message: hello world
2025-03-17-T22:50:44: RTT-Channel 0 - Message: hello world
2025-03-17-T22:50:44: RTT-Channel 0 - Message: hello world
2025-03-17-T22:50:45: RTT-Channel 0 - Message: hello world
2025-03-17-T22:50:45: RTT-Channel 0 - Message: hello world
2025-03-17-T22:50:45: RTT-Channel 0 - Message: hello world
2025-03-17-T22:50:45: RTT-Channel 0 - Message: hello world
2025-03-17-T22:50:46: RTT-Channel 0 - Message: hello world
2025-03-17-T22:50:46: RTT-Channel 0 - Message: hello world
2025-03-17-T22:50:46: RTT-Channel 0 - Message: hello world
2025-03-17-T22:50:47: RTT-Channel 0 - Message: hello world
2025-03-17-T22:50:47: RTT-Channel 0 - Message: hello world
2025-03-17-T22:50:47: RTT-Channel 0 - Message: hello world
2025-03-17-T22:50:48: RTT-Channel 0 - Message: hello world
2025-03-17-T22:50:48: RTT-Channel 0 - Message: hello world
2025-03-17-T22:50:48: RTT-Channel 0 - Message: hello world
2025-03-17-T22:50:48: RTT-Channel 0 - Message: hello world
2025-03-17-T22:50:49: RTT-Channel 0 - Message: hello world
2025-03-17-T22:50:49: RTT-Channel 0 - Message: hello world
2025-03-17-T22:50:49: RTT-Channel 0 - Message: hello world
2025-03-17-T22:50:50: RTT-Channel 0 - Message: hello world
2025-03-17-T22:50:50: RTT-Channel 0 - Message: hello world
2025-03-17-T22:50:50: RTT-Channel 0 - Message: hello world
2025-03-17-T22:50:51: RTT-Channel 0 - Message: hello world
2025-03-17-T22:50:51: RTT-Channel 0 - Message: hello world
2025-03-17-T22:50:51: RTT-Channel 0 - Message: hello world
2025-03-17-T22:50:51: RTT-Channel 0 - Message: hello world
2025-03-17-T22:50:52: RTT-Channel 0 - Message: hello world
2025-03-17-T22:50:53: Opening RTT channel 0 with name "defmt"!
2025-03-17-T22:50:53: RTT-Channel 0 - Message: hello world
hello world
hello world
2025-03-17-T22:50:53: RTT-Channel 0 - Message: hello world
2025-03-17-T22:50:53: RTT-Channel 0 - Message: hello world
2025-03-17-T22:50:54: RTT-Channel 0 - Message: hello world
2025-03-17-T22:50:54: RTT-Channel 0 - Message: hello world
2025-03-17-T22:50:54: RTT-Channel 0 - Message: hello world
2025-03-17-T22:50:54: RTT-Channel 0 - Message: hello world
2025-03-17-T22:50:55: RTT-Channel 0 - Message: hello world
2025-03-17-T22:50:55: RTT-Channel 0 - Message: hello world
2025-03-17-T22:50:55: RTT-Channel 0 - Message: hello world
2025-03-17-T22:50:56: RTT-Channel 0 - Message: hello world
2025-03-17-T22:50:56: RTT-Channel 0 - Message: hello world
2025-03-17-T22:50:56: RTT-Channel 0 - Message: hello world
2025-03-17-T22:50:57: RTT-Channel 0 - Message: hello world
2025-03-17-T22:50:57: RTT-Channel 0 - Message: hello world
2025-03-17-T22:50:57: RTT-Channel 0 - Message: hello world
2025-03-17-T22:50:57: RTT-Channel 0 - Message: hello world
2025-03-17-T22:50:58: RTT-Channel 0 - Message: hello world
2025-03-17-T22:50:58: RTT-Channel 0 - Message: hello world
2025-03-17-T22:50:58: RTT-Channel 0 - Message: hello world
2025-03-17-T22:50:59: RTT-Channel 0 - Message: hello world
2025-03-17-T22:50:59: RTT-Channel 0 - Message: hello world
2025-03-17-T22:50:59: RTT-Channel 0 - Message: hello world
2025-03-17-T22:51:00: RTT-Channel 0 - Message: hello world
2025-03-17-T22:51:00: RTT-Channel 0 - Message: hello world
2025-03-17-T22:51:00: RTT-Channel 0 - Message: hello world
2025-03-17-T22:51:00: RTT-Channel 0 - Message: hello world
2025-03-17-T22:51:01: RTT-Channel 0 - Message: hello world
2025-03-17-T22:51:01: RTT-Channel 0 - Message: hello world
2025-03-17-T22:51:01: RTT-Channel 0 - Message: hello world
2025-03-17-T22:51:02: RTT-Channel 0 - Message: hello world
2025-03-17-T22:51:02: RTT-Channel 0 - Message: hello world
2025-03-17-T22:51:02: RTT-Channel 0 - Message: hello world
2025-03-17-T22:51:03: RTT-Channel 0 - Message: hello world
2025-03-17-T22:51:03: RTT-Channel 0 - Message: hello world
2025-03-17-T22:51:03: RTT-Channel 0 - Message: hello world
2025-03-17-T22:51:03: RTT-Channel 0 - Message: hello world
2025-03-17-T22:51:04: RTT-Channel 0 - Message: hello world
2025-03-17-T22:51:04: RTT-Channel 0 - Message: hello world
2025-03-17-T22:51:04: RTT-Channel 0 - Message: hello world
2025-03-17-T22:51:05: RTT-Channel 0 - Message: hello world
2025-03-17-T22:51:05: RTT-Channel 0 - Message: hello world
2025-03-17-T22:51:05: RTT-Channel 0 - Message: hello world
2025-03-17-T22:51:06: RTT-Channel 0 - Message: hello world
2025-03-17-T22:51:06: RTT-Channel 0 - Message: hello world
2025-03-17-T22:51:06: RTT-Channel 0 - Message: hello world
2025-03-17-T22:51:06: RTT-Channel 0 - Message: hello world
2025-03-17-T22:51:07: RTT-Channel 0 - Message: hello world
2025-03-17-T22:51:07: RTT-Channel 0 - Message: hello world
2025-03-17-T22:51:07: RTT-Channel 0 - Message: hello world
2025-03-17-T22:51:08: RTT-Channel 0 - Message: hello world
2025-03-17-T22:51:08: RTT-Channel 0 - Message: hello world
2025-03-17-T22:51:08: RTT-Channel 0 - Message: hello world
2025-03-17-T22:51:08: RTT-Channel 0 - Message: hello world
2025-03-17-T22:51:09: RTT-Channel 0 - Message: hello world
2025-03-17-T22:51:09: RTT-Channel 0 - Message: hello world
2025-03-17-T22:51:09: RTT-Channel 0 - Message: hello world
2025-03-17-T22:51:10: RTT-Channel 0 - Message: hello world
2025-03-17-T22:51:10: RTT-Channel 0 - Message: hello world
2025-03-17-T22:51:10: RTT-Channel 0 - Message: hello world
2025-03-17-T22:51:11: RTT-Channel 0 - Message: hello world
2025-03-17-T22:51:11: RTT-Channel 0 - Message: hello world
2025-03-17-T22:51:11: RTT-Channel 0 - Message: hello world
2025-03-17-T22:51:11: RTT-Channel 0 - Message: hello world
2025-03-17-T22:51:12: RTT-Channel 0 - Message: hello world
2025-03-17-T22:51:12: RTT-Channel 0 - Message: hello world
2025-03-17-T22:51:12: RTT-Channel 0 - Message: hello world
2025-03-17-T22:51:13: RTT-Channel 0 - Message: hello world
2025-03-17-T22:51:13: RTT-Channel 0 - Message: hello world
2025-03-17-T22:51:13: RTT-Channel 0 - Message: hello world
2025-03-17-T22:51:14: RTT-Channel 0 - Message: hello world
2025-03-17-T22:51:14: RTT-Channel 0 - Message: hello world
2025-03-17-T22:51:14: RTT-Channel 0 - Message: hello world
2025-03-17-T22:51:15: RTT-Channel 0 - Message: hello world
2025-03-17-T22:51:15: RTT-Channel 0 - Message: hello world
2025-03-17-T22:51:15: RTT-Channel 0 - Message: hello world
2025-03-17-T22:51:15: RTT-Channel 0 - Message: hello world
2025-03-17-T22:51:16: RTT-Channel 0 - Message: hello world
2025-03-17-T22:51:16: RTT-Channel 0 - Message: hello world
2025-03-17-T22:51:16: RTT-Channel 0 - Message: hello world
2025-03-17-T22:51:17: RTT-Channel 0 - Message: hello world
2025-03-17-T22:51:17: RTT-Channel 0 - Message: hello world
2025-03-17-T22:51:17: RTT-Channel 0 - Message: hello world
2025-03-17-T22:51:17: RTT-Channel 0 - Message: hello world
2025-03-17-T22:51:18: RTT-Channel 0 - Message: hello world
2025-03-17-T22:51:18: RTT-Channel 0 - Message: hello world
2025-03-17-T22:51:18: RTT-Channel 0 - Message: hello world
2025-03-17-T22:51:19: RTT-Channel 0 - Message: hello world
2025-03-17-T22:51:19: RTT-Channel 0 - Message: hello world
2025-03-17-T22:51:19: RTT-Channel 0 - Message: hello world
2025-03-17-T22:51:20: RTT-Channel 0 - Message: hello world
2025-03-17-T22:51:20: RTT-Channel 0 - Message: hello world
2025-03-17-T22:51:20: RTT-Channel 0 - Message: hello world
2025-03-17-T22:51:20: RTT-Channel 0 - Message: hello world
2025-03-17-T22:51:21: RTT-Channel 0 - Message: hello world
2025-03-17-T22:51:21: RTT-Channel 0 - Message: hello world
2025-03-17-T22:51:21: RTT-Channel 0 - Message: hello world
2025-03-17-T22:51:22: RTT-Channel 0 - Message: hello world
2025-03-17-T22:51:22: RTT-Channel 0 - Message: hello world
2025-03-17-T22:51:22: RTT-Channel 0 - Message: hello world
2025-03-17-T22:51:23: RTT-Channel 0 - Message: hello world
2025-03-17-T22:51:23: RTT-Channel 0 - Message: hello world
2025-03-17-T22:51:23: RTT-Channel 0 - Message: hello world
2025-03-17-T22:51:23: RTT-Channel 0 - Message: hello world
2025-03-17-T22:51:24: RTT-Channel 0 - Message: hello world
2025-03-17-T22:51:24: RTT-Channel 0 - Message: hello world
2025-03-17-T22:51:24: RTT-Channel 0 - Message: hello world
2025-03-17-T22:51:25: RTT-Channel 0 - Message: hello world
2025-03-17-T22:51:25: RTT-Channel 0 - Message: hello world
2025-03-17-T22:51:25: RTT-Channel 0 - Message: hello world
2025-03-17-T22:51:26: RTT-Channel 0 - Message: hello world
2025-03-17-T22:51:26: RTT-Channel 0 - Message: hello world
2025-03-17-T22:51:26: RTT-Channel 0 - Message: hello world
2025-03-17-T22:51:26: RTT-Channel 0 - Message: hello world
2025-03-17-T22:51:27: RTT-Channel 0 - Message: hello world
2025-03-17-T22:51:27: RTT-Channel 0 - Message: hello world
2025-03-17-T22:51:27: RTT-Channel 0 - Message: hello world
2025-03-17-T22:51:28: RTT-Channel 0 - Message: hello world
2025-03-17-T22:51:28: RTT-Channel 0 - Message: hello world
2025-03-17-T22:51:28: RTT-Channel 0 - Message: hello world
2025-03-17-T22:51:29: RTT-Channel 0 - Message: hello world
2025-03-17-T22:51:29: RTT-Channel 0 - Message: hello world
2025-03-17-T22:51:29: RTT-Channel 0 - Message: hello world
2025-03-17-T22:51:29: RTT-Channel 0 - Message: hello world
2025-03-17-T22:51:30: RTT-Channel 0 - Message: hello world
2025-03-17-T22:51:30: RTT-Channel 0 - Message: hello world
2025-03-17-T22:51:30: RTT-Channel 0 - Message: hello world
2025-03-17-T22:51:31: RTT-Channel 0 - Message: hello world
2025-03-17-T22:51:31: RTT-Channel 0 - Message: hello world
2025-03-17-T22:51:31: RTT-Channel 0 - Message: hello world
2025-03-17-T22:51:32: RTT-Channel 0 - Message: hello world
2025-03-17-T22:51:32: RTT-Channel 0 - Message: hello world
2025-03-17-T22:51:32: RTT-Channel 0 - Message: hello world
2025-03-17-T22:51:32: RTT-Channel 0 - Message: hello world
2025-03-17-T22:51:33: RTT-Channel 0 - Message: hello world
2025-03-17-T22:51:33: RTT-Channel 0 - Message: hello world
2025-03-17-T22:51:33: RTT-Channel 0 - Message: hello world
2025-03-17-T22:51:34: RTT-Channel 0 - Message: hello world
2025-03-17-T22:51:34: RTT-Channel 0 - Message: hello world
2025-03-17-T22:51:34: RTT-Channel 0 - Message: hello world
2025-03-17-T22:51:35: RTT-Channel 0 - Message: hello world
2025-03-17-T22:51:35: RTT-Channel 0 - Message: hello world
2025-03-17-T22:51:35: RTT-Channel 0 - Message: hello world
2025-03-17-T22:51:35: RTT-Channel 0 - Message: hello world
2025-03-17-T22:51:36: RTT-Channel 0 - Message: hello world
2025-03-17-T22:51:36: RTT-Channel 0 - Message: hello world
2025-03-17-T22:51:36: RTT-Channel 0 - Message: hello world
2025-03-17-T22:51:37: RTT-Channel 0 - Message: hello world
2025-03-17-T22:51:37: RTT-Channel 0 - Message: hello world
2025-03-17-T22:51:37: RTT-Channel 0 - Message: hello world
2025-03-17-T22:51:38: RTT-Channel 0 - Message: hello world
2025-03-17-T22:51:38: RTT-Channel 0 - Message: hello world
2025-03-17-T22:51:38: RTT-Channel 0 - Message: hello world
2025-03-17-T22:51:38: RTT-Channel 0 - Message: hello world
2025-03-17-T22:51:39: RTT-Channel 0 - Message: hello world
2025-03-17-T22:51:39: RTT-Channel 0 - Message: hello world
2025-03-17-T22:51:39: RTT-Channel 0 - Message: hello world
2025-03-17-T22:51:40: RTT-Channel 0 - Message: hello world
2025-03-17-T22:51:40: RTT-Channel 0 - Message: hello world
2025-03-17-T22:51:40: RTT-Channel 0 - Message: hello world
2025-03-17-T22:51:41: RTT-Channel 0 - Message: hello world
2025-03-17-T22:51:41: RTT-Channel 0 - Message: hello world
2025-03-17-T22:51:41: RTT-Channel 0 - Message: hello world
2025-03-17-T22:51:41: RTT-Channel 0 - Message: hello world
2025-03-17-T22:51:42: RTT-Channel 0 - Message: hello world
2025-03-17-T22:51:42: RTT-Channel 0 - Message: hello world
2025-03-17-T22:51:42: RTT-Channel 0 - Message: hello world
2025-03-17-T22:51:43: RTT-Channel 0 - Message: hello world
2025-03-17-T22:51:43: RTT-Channel 0 - Message: hello world
2025-03-17-T22:51:43: RTT-Channel 0 - Message: hello world
2025-03-17-T22:51:44: RTT-Channel 0 - Message: hello world
2025-03-17-T22:51:44: RTT-Channel 0 - Message: hello world
2025-03-17-T22:51:44: RTT-Channel 0 - Message: hello world
2025-03-17-T22:51:44: RTT-Channel 0 - Message: hello world
2025-03-17-T22:51:45: RTT-Channel 0 - Message: hello world
2025-03-17-T22:51:45: RTT-Channel 0 - Message: hello world
2025-03-17-T22:51:45: RTT-Channel 0 - Message: hello world
2025-03-17-T22:51:46: RTT-Channel 0 - Message: hello world
2025-03-17-T22:51:46: RTT-Channel 0 - Message: hello world
2025-03-17-T22:51:46: RTT-Channel 0 - Message: hello world
2025-03-17-T22:51:47: RTT-Channel 0 - Message: hello world
2025-03-17-T22:51:47: RTT-Channel 0 - Message: hello world
2025-03-17-T22:51:47: RTT-Channel 0 - Message: hello world
2025-03-17-T22:51:47: RTT-Channel 0 - Message: hello world
2025-03-17-T22:51:48: RTT-Channel 0 - Message: hello world
2025-03-17-T22:51:48: RTT-Channel 0 - Message: hello world
2025-03-17-T22:51:48: RTT-Channel 0 - Message: hello world
2025-03-17-T22:51:49: RTT-Channel 0 - Message: hello world
2025-03-17-T22:51:49: RTT-Channel 0 - Message: hello world
2025-03-17-T22:51:49: RTT-Channel 0 - Message: hello world
2025-03-17-T22:51:49: RTT-Channel 0 - Message: hello world
2025-03-17-T22:51:50: RTT-Channel 0 - Message: hello world
2025-03-17-T22:51:50: RTT-Channel 0 - Message: hello world
2025-03-17-T22:51:50: RTT-Channel 0 - Message: hello world
2025-03-17-T22:51:51: RTT-Channel 0 - Message: hello world
2025-03-17-T22:51:51: RTT-Channel 0 - Message: hello world
2025-03-17-T22:51:51: RTT-Channel 0 - Message: hello world
2025-03-17-T22:51:52: RTT-Channel 0 - Message: hello world
2025-03-17-T22:51:52: RTT-Channel 0 - Message: hello world
2025-03-17-T22:51:52: RTT-Channel 0 - Message: hello world
2025-03-17-T22:51:52: RTT-Channel 0 - Message: hello world
2025-03-17-T22:51:53: RTT-Channel 0 - Message: hello world
2025-03-17-T22:51:53: RTT-Channel 0 - Message: hello world
2025-03-17-T22:51:53: RTT-Channel 0 - Message: hello world
2025-03-17-T22:51:54: RTT-Channel 0 - Message: hello world
2025-03-17-T22:51:54: RTT-Channel 0 - Message: hello world
2025-03-17-T22:51:54: RTT-Channel 0 - Message: hello world
2025-03-17-T22:51:55: RTT-Channel 0 - Message: hello world
2025-03-17-T22:51:55: RTT-Channel 0 - Message: hello world
2025-03-17-T22:51:55: RTT-Channel 0 - Message: hello world
2025-03-17-T22:51:55: RTT-Channel 0 - Message: hello world
2025-03-17-T22:51:56: RTT-Channel 0 - Message: hello world
2025-03-17-T22:51:56: RTT-Channel 0 - Message: hello world
2025-03-17-T22:51:56: RTT-Channel 0 - Message: hello world
2025-03-17-T22:51:57: RTT-Channel 0 - Message: hello world
2025-03-17-T22:51:57: RTT-Channel 0 - Message: hello world
2025-03-17-T22:51:57: RTT-Channel 0 - Message: hello world
2025-03-17-T22:51:58: RTT-Channel 0 - Message: hello world
2025-03-17-T22:51:58: RTT-Channel 0 - Message: hello world
2025-03-17-T22:51:58: RTT-Channel 0 - Message: hello world
2025-03-17-T22:51:58: RTT-Channel 0 - Message: hello world
2025-03-17-T22:51:59: RTT-Channel 0 - Message: hello world
2025-03-17-T22:51:59: RTT-Channel 0 - Message: hello world
2025-03-17-T22:51:59: RTT-Channel 0 - Message: hello world
2025-03-17-T22:52:00: RTT-Channel 0 - Message: hello world
2025-03-17-T22:52:00: RTT-Channel 0 - Message: hello world
2025-03-17-T22:52:00: RTT-Channel 0 - Message: hello world
2025-03-17-T22:52:01: RTT-Channel 0 - Message: hello world
2025-03-17-T22:52:01: RTT-Channel 0 - Message: hello world
2025-03-17-T22:52:01: RTT-Channel 0 - Message: hello world
2025-03-17-T22:52:01: RTT-Channel 0 - Message: hello world
2025-03-17-T22:52:02: RTT-Channel 0 - Message: hello world
2025-03-17-T22:52:02: RTT-Channel 0 - Message: hello world
2025-03-17-T22:52:02: RTT-Channel 0 - Message: hello world
2025-03-17-T22:52:03: RTT-Channel 0 - Message: hello world
2025-03-17-T22:52:03: RTT-Channel 0 - Message: hello world
2025-03-17-T22:52:03: RTT-Channel 0 - Message: hello world
2025-03-17-T22:52:04: RTT-Channel 0 - Message: hello world
2025-03-17-T22:52:04: RTT-Channel 0 - Message: hello world
2025-03-17-T22:52:04: RTT-Channel 0 - Message: hello world
2025-03-17-T22:52:04: RTT-Channel 0 - Message: hello world
2025-03-17-T22:52:05: RTT-Channel 0 - Message: hello world
2025-03-17-T22:52:05: RTT-Channel 0 - Message: hello world
2025-03-17-T22:52:05: RTT-Channel 0 - Message: hello world
2025-03-17-T22:52:06: RTT-Channel 0 - Message: hello world
2025-03-17-T22:52:06: RTT-Channel 0 - Message: hello world
2025-03-17-T22:52:06: RTT-Channel 0 - Message: hello world
2025-03-17-T22:52:07: RTT-Channel 0 - Message: hello world
2025-03-17-T22:52:07: RTT-Channel 0 - Message: hello world
2025-03-17-T22:52:07: RTT-Channel 0 - Message: hello world
2025-03-17-T22:52:07: RTT-Channel 0 - Message: hello world
2025-03-17-T22:52:08: RTT-Channel 0 - Message: hello world
2025-03-17-T22:52:08: RTT-Channel 0 - Message: hello world
2025-03-17-T22:52:08: RTT-Channel 0 - Message: hello world
2025-03-17-T22:52:09: RTT-Channel 0 - Message: hello world
2025-03-17-T22:52:09: RTT-Channel 0 - Message: hello world
2025-03-17-T22:52:09: RTT-Channel 0 - Message: hello world
2025-03-17-T22:52:10: RTT-Channel 0 - Message: hello world
2025-03-17-T22:52:10: RTT-Channel 0 - Message: hello world
2025-03-17-T22:52:10: RTT-Channel 0 - Message: hello world
2025-03-17-T22:52:10: RTT-Channel 0 - Message: hello world
2025-03-17-T22:52:11: RTT-Channel 0 - Message: hello world
2025-03-17-T22:52:11: RTT-Channel 0 - Message: hello world
2025-03-17-T22:52:11: RTT-Channel 0 - Message: hello world
2025-03-17-T22:52:12: RTT-Channel 0 - Message: hello world
2025-03-17-T22:52:12: RTT-Channel 0 - Message: hello world
2025-03-17-T22:52:12: RTT-Channel 0 - Message: hello world
2025-03-17-T22:52:13: RTT-Channel 0 - Message: hello world
2025-03-17-T22:52:13: RTT-Channel 0 - Message: hello world
2025-03-17-T22:52:13: RTT-Channel 0 - Message: hello world
2025-03-17-T22:52:13: RTT-Channel 0 - Message: hello world
2025-03-17-T22:52:14: RTT-Channel 0 - Message: hello world
2025-03-17-T22:52:14: RTT-Channel 0 - Message: hello world
2025-03-17-T22:52:14: RTT-Channel 0 - Message: hello world
2025-03-17-T22:52:15: RTT-Channel 0 - Message: hello world
2025-03-17-T22:52:15: RTT-Channel 0 - Message: hello world
2025-03-17-T22:52:15: RTT-Channel 0 - Message: hello world
2025-03-17-T22:52:16: RTT-Channel 0 - Message: hello world
2025-03-17-T22:52:16: RTT-Channel 0 - Message: hello world
2025-03-17-T22:52:16: RTT-Channel 0 - Message: hello world
2025-03-17-T22:52:16: RTT-Channel 0 - Message: hello world
2025-03-17-T22:52:17: RTT-Channel 0 - Message: hello world
2025-03-17-T22:52:17: RTT-Channel 0 - Message: hello world
2025-03-17-T22:52:17: RTT-Channel 0 - Message: hello world
2025-03-17-T22:52:18: RTT-Channel 0 - Message: hello world
2025-03-17-T22:52:18: RTT-Channel 0 - Message: hello world
2025-03-17-T22:52:18: RTT-Channel 0 - Message: hello world
2025-03-17-T22:52:19: RTT-Channel 0 - Message: hello world
2025-03-17-T22:52:19: RTT-Channel 0 - Message: hello world
2025-03-17-T22:52:19: RTT-Channel 0 - Message: hello world
2025-03-17-T22:52:19: RTT-Channel 0 - Message: hello world
2025-03-17-T22:52:20: RTT-Channel 0 - Message: hello world
2025-03-17-T22:52:20: RTT-Channel 0 - Message: hello world
2025-03-17-T22:52:20: RTT-Channel 0 - Message: hello world
2025-03-17-T22:52:21: RTT-Channel 0 - Message: hello world
2025-03-17-T22:52:21: RTT-Channel 0 - Message: hello world
2025-03-17-T22:52:21: RTT-Channel 0 - Message: hello world
2025-03-17-T22:52:22: RTT-Channel 0 - Message: hello world
2025-03-17-T22:52:22: RTT-Channel 0 - Message: hello world
2025-03-17-T22:52:22: RTT-Channel 0 - Message: hello world
2025-03-17-T22:52:22: RTT-Channel 0 - Message: hello world
2025-03-17-T22:52:23: RTT-Channel 0 - Message: hello world
2025-03-17-T22:52:23: RTT-Channel 0 - Message: hello world
2025-03-17-T22:52:23: RTT-Channel 0 - Message: hello world
2025-03-17-T22:52:24: RTT-Channel 0 - Message: hello world
2025-03-17-T22:52:24: RTT-Channel 0 - Message: hello world
2025-03-17-T22:52:24: RTT-Channel 0 - Message: hello world
2025-03-17-T22:52:25: RTT-Channel 0 - Message: hello world
2025-03-17-T22:52:25: RTT-Channel 0 - Message: hello world
2025-03-17-T22:52:25: RTT-Channel 0 - Message: hello world
2025-03-17-T22:52:25: RTT-Channel 0 - Message: hello world
2025-03-17-T22:52:26: RTT-Channel 0 - Message: hello world
2025-03-17-T22:52:26: RTT-Channel 0 - Message: hello world
2025-03-17-T22:52:26: RTT-Channel 0 - Message: hello world
2025-03-17-T22:52:27: RTT-Channel 0 - Message: hello world
2025-03-17-T22:52:27: RTT-Channel 0 - Message: hello world
2025-03-17-T22:52:27: RTT-Channel 0 - Message: hello world
2025-03-17-T22:52:28: RTT-Channel 0 - Message: hello world
2025-03-17-T22:52:28: RTT-Channel 0 - Message: hello world
2025-03-17-T22:52:28: RTT-Channel 0 - Message: hello world
2025-03-17-T22:52:28: RTT-Channel 0 - Message: hello world
2025-03-17-T22:52:29: RTT-Channel 0 - Message: hello world
2025-03-17-T22:52:29: RTT-Channel 0 - Message: hello world
2025-03-17-T22:52:29: RTT-Channel 0 - Message: hello world
2025-03-17-T22:52:30: RTT-Channel 0 - Message: hello world
2025-03-17-T22:52:30: RTT-Channel 0 - Message: hello world
2025-03-17-T22:52:30: RTT-Channel 0 - Message: hello world
2025-03-17-T22:52:31: RTT-Channel 0 - Message: hello world
2025-03-17-T22:52:31: RTT-Channel 0 - Message: hello world
2025-03-17-T22:52:31: RTT-Channel 0 - Message: hello world
2025-03-17-T22:52:31: RTT-Channel 0 - Message: hello world
2025-03-17-T22:52:32: RTT-Channel 0 - Message: hello world
2025-03-17-T22:52:32: RTT-Channel 0 - Message: hello world
2025-03-17-T22:52:32: RTT-Channel 0 - Message: hello world
2025-03-17-T22:52:33: RTT-Channel 0 - Message: hello world
2025-03-17-T22:52:33: RTT-Channel 0 - Message: hello world
2025-03-17-T22:52:33: RTT-Channel 0 - Message: hello world
2025-03-17-T22:52:34: RTT-Channel 0 - Message: hello world
2025-03-17-T22:52:34: RTT-Channel 0 - Message: hello world
2025-03-17-T22:52:34: RTT-Channel 0 - Message: hello world
2025-03-17-T22:52:34: RTT-Channel 0 - Message: hello world
2025-03-17-T22:52:35: RTT-Channel 0 - Message: hello world
2025-03-17-T22:52:35: RTT-Channel 0 - Message: hello world
2025-03-17-T22:52:35: RTT-Channel 0 - Message: hello world
2025-03-17-T22:52:36: RTT-Channel 0 - Message: hello world
2025-03-17-T22:52:36: RTT-Channel 0 - Message: hello world
2025-03-17-T22:52:36: RTT-Channel 0 - Message: hello world
2025-03-17-T22:52:37: RTT-Channel 0 - Message: hello world
2025-03-17-T22:52:37: RTT-Channel 0 - Message: hello world
2025-03-17-T22:52:37: RTT-Channel 0 - Message: hello world
2025-03-17-T22:52:37: RTT-Channel 0 - Message: hello world
2025-03-17-T22:52:38: RTT-Channel 0 - Message: hello world
2025-03-17-T22:52:38: RTT-Channel 0 - Message: hello world
2025-03-17-T22:52:38: RTT-Channel 0 - Message: hello world
2025-03-17-T22:52:39: RTT-Channel 0 - Message: hello world
2025-03-17-T22:52:39: RTT-Channel 0 - Message: hello world
2025-03-17-T22:52:39: RTT-Channel 0 - Message: hello world
2025-03-17-T22:52:40: RTT-Channel 0 - Message: hello world
2025-03-17-T22:52:40: RTT-Channel 0 - Message: hello world
2025-03-17-T22:52:40: RTT-Channel 0 - Message: hello world
2025-03-17-T22:52:40: RTT-Channel 0 - Message: hello world
2025-03-17-T22:52:41: RTT-Channel 0 - Message: hello world
2025-03-17-T22:52:41: RTT-Channel 0 - Message: hello world
2025-03-17-T22:52:41: RTT-Channel 0 - Message: hello world
2025-03-17-T22:52:42: RTT-Channel 0 - Message: hello world
2025-03-17-T22:52:42: RTT-Channel 0 - Message: hello world
2025-03-17-T22:52:42: RTT-Channel 0 - Message: hello world
2025-03-17-T22:52:43: RTT-Channel 0 - Message: hello world
2025-03-17-T22:52:43: RTT-Channel 0 - Message: hello world
2025-03-17-T22:52:43: RTT-Channel 0 - Message: hello world
2025-03-17-T22:52:43: RTT-Channel 0 - Message: hello world
2025-03-17-T22:52:44: RTT-Channel 0 - Message: hello world
2025-03-17-T22:52:44: RTT-Channel 0 - Message: hello world
2025-03-17-T22:52:44: RTT-Channel 0 - Message: hello world
2025-03-17-T22:52:45: RTT-Channel 0 - Message: hello world
2025-03-17-T22:52:45: RTT-Channel 0 - Message: hello world
2025-03-17-T22:52:45: RTT-Channel 0 - Message: hello world
2025-03-17-T22:52:46: RTT-Channel 0 - Message: hello world
2025-03-17-T22:52:46: RTT-Channel 0 - Message: hello world
2025-03-17-T22:52:46: RTT-Channel 0 - Message: hello world
2025-03-17-T22:52:46: RTT-Channel 0 - Message: hello world
2025-03-17-T22:52:47: RTT-Channel 0 - Message: hello world
2025-03-17-T22:52:47: RTT-Channel 0 - Message: hello world
2025-03-17-T22:52:47: RTT-Channel 0 - Message: hello world
2025-03-17-T22:52:48: RTT-Channel 0 - Message: hello world
2025-03-17-T22:52:48: RTT-Channel 0 - Message: hello world
2025-03-17-T22:52:48: RTT-Channel 0 - Message: hello world
2025-03-17-T22:52:48: RTT-Channel 0 - Message: hello world
2025-03-17-T22:52:49: RTT-Channel 0 - Message: hello world
2025-03-17-T22:52:49: RTT-Channel 0 - Message: hello world
2025-03-17-T22:52:49: RTT-Channel 0 - Message: hello world
2025-03-17-T22:52:50: RTT-Channel 0 - Message: hello world
2025-03-17-T22:52:50: RTT-Channel 0 - Message: hello world
2025-03-17-T22:52:50: RTT-Channel 0 - Message: hello world
2025-03-17-T22:52:51: RTT-Channel 0 - Message: hello world
2025-03-17-T22:52:51: RTT-Channel 0 - Message: hello world
2025-03-17-T22:52:51: RTT-Channel 0 - Message: hello world
2025-03-17-T22:52:51: RTT-Channel 0 - Message: hello world
2025-03-17-T22:52:52: RTT-Channel 0 - Message: hello world
2025-03-17-T22:52:52: RTT-Channel 0 - Message: hello world
2025-03-17-T22:52:52: RTT-Channel 0 - Message: hello world
2025-03-17-T22:52:53: RTT-Channel 0 - Message: hello world
2025-03-17-T22:52:53: RTT-Channel 0 - Message: hello world
2025-03-17-T22:52:53: RTT-Channel 0 - Message: hello world
2025-03-17-T22:52:54: RTT-Channel 0 - Message: hello world
2025-03-17-T22:52:54: RTT-Channel 0 - Message: hello world
2025-03-17-T22:52:54: RTT-Channel 0 - Message: hello world
2025-03-17-T22:52:54: RTT-Channel 0 - Message: hello world
2025-03-17-T22:52:55: RTT-Channel 0 - Message: hello world
2025-03-17-T22:52:55: RTT-Channel 0 - Message: hello world
2025-03-17-T22:52:55: RTT-Channel 0 - Message: hello world
2025-03-17-T22:52:56: RTT-Channel 0 - Message: hello world
2025-03-17-T22:52:56: RTT-Channel 0 - Message: hello world
2025-03-17-T22:52:56: RTT-Channel 0 - Message: hello world
2025-03-17-T22:52:57: RTT-Channel 0 - Message: hello world
2025-03-17-T22:52:57: RTT-Channel 0 - Message: hello world
2025-03-17-T22:52:57: RTT-Channel 0 - Message: hello world
2025-03-17-T22:52:57: RTT-Channel 0 - Message: hello world
2025-03-17-T22:52:58: RTT-Channel 0 - Message: hello world
2025-03-17-T22:52:58: RTT-Channel 0 - Message: hello world
2025-03-17-T22:52:58: RTT-Channel 0 - Message: hello world
2025-03-17-T22:52:59: RTT-Channel 0 - Message: hello world
2025-03-17-T22:52:59: RTT-Channel 0 - Message: hello world
2025-03-17-T22:52:59: RTT-Channel 0 - Message: hello world
2025-03-17-T22:53:00: RTT-Channel 0 - Message: hello world
2025-03-17-T22:53:00: RTT-Channel 0 - Message: hello world
2025-03-17-T22:53:00: RTT-Channel 0 - Message: hello world
2025-03-17-T22:53:00: RTT-Channel 0 - Message: hello world
2025-03-17-T22:53:01: RTT-Channel 0 - Message: hello world
2025-03-17-T22:53:01: RTT-Channel 0 - Message: hello world
2025-03-17-T22:53:01: RTT-Channel 0 - Message: hello world
2025-03-17-T22:53:02: RTT-Channel 0 - Message: hello world
2025-03-17-T22:53:02: RTT-Channel 0 - Message: hello world
2025-03-17-T22:53:02: RTT-Channel 0 - Message: hello world
2025-03-17-T22:53:03: RTT-Channel 0 - Message: hello world
2025-03-17-T22:53:03: RTT-Channel 0 - Message: hello world
2025-03-17-T22:53:03: RTT-Channel 0 - Message: hello world
2025-03-17-T22:53:03: RTT-Channel 0 - Message: hello world
2025-03-17-T22:53:04: RTT-Channel 0 - Message: hello world
2025-03-17-T22:53:04: RTT-Channel 0 - Message: hello world
2025-03-17-T22:53:04: RTT-Channel 0 - Message: hello world
2025-03-17-T22:53:05: RTT-Channel 0 - Message: hello world
2025-03-17-T22:53:05: RTT-Channel 0 - Message: hello world
2025-03-17-T22:53:05: RTT-Channel 0 - Message: hello world
2025-03-17-T22:53:06: RTT-Channel 0 - Message: hello world
2025-03-17-T22:53:06: RTT-Channel 0 - Message: hello world
2025-03-17-T22:53:06: RTT-Channel 0 - Message: hello world
2025-03-17-T22:53:06: RTT-Channel 0 - Message: hello world
2025-03-17-T22:53:07: RTT-Channel 0 - Message: hello world
2025-03-17-T22:53:07: RTT-Channel 0 - Message: hello world
2025-03-17-T22:53:07: RTT-Channel 0 - Message: hello world
2025-03-17-T22:53:08: RTT-Channel 0 - Message: hello world
2025-03-17-T22:53:08: RTT-Channel 0 - Message: hello world
2025-03-17-T22:53:08: RTT-Channel 0 - Message: hello world
2025-03-17-T22:53:09: RTT-Channel 0 - Message: hello world
2025-03-17-T22:53:09: RTT-Channel 0 - Message: hello world
2025-03-17-T22:53:09: RTT-Channel 0 - Message: hello world
2025-03-17-T22:53:09: RTT-Channel 0 - Message: hello world
2025-03-17-T22:53:10: RTT-Channel 0 - Message: hello world
2025-03-17-T22:53:10: RTT-Channel 0 - Message: hello world
2025-03-17-T22:53:10: RTT-Channel 0 - Message: hello world
2025-03-17-T22:53:11: RTT-Channel 0 - Message: hello world
2025-03-17-T22:53:11: RTT-Channel 0 - Message: hello world
2025-03-17-T22:53:11: RTT-Channel 0 - Message: hello world
2025-03-17-T22:53:12: RTT-Channel 0 - Message: hello world
2025-03-17-T22:53:12: RTT-Channel 0 - Message: hello world
2025-03-17-T22:53:12: RTT-Channel 0 - Message: hello world
2025-03-17-T22:53:12: RTT-Channel 0 - Message: hello world
2025-03-17-T22:53:13: RTT-Channel 0 - Message: hello world
2025-03-17-T22:53:13: RTT-Channel 0 - Message: hello world
2025-03-17-T22:53:13: RTT-Channel 0 - Message: hello world
2025-03-17-T22:53:14: RTT-Channel 0 - Message: hello world
2025-03-17-T22:53:14: RTT-Channel 0 - Message: hello world
2025-03-17-T22:53:14: RTT-Channel 0 - Message: hello world
2025-03-17-T22:53:15: RTT-Channel 0 - Message: hello world
2025-03-17-T22:53:15: RTT-Channel 0 - Message: hello world
2025-03-17-T22:53:15: RTT-Channel 0 - Message: hello world
2025-03-17-T22:53:15: RTT-Channel 0 - Message: hello world
2025-03-17-T22:53:16: RTT-Channel 0 - Message: hello world
2025-03-17-T22:53:16: RTT-Channel 0 - Message: hello world
2025-03-17-T22:53:16: RTT-Channel 0 - Message: hello world
2025-03-17-T22:53:17: RTT-Channel 0 - Message: hello world
2025-03-17-T22:53:17: RTT-Channel 0 - Message: hello world
2025-03-17-T22:53:17: RTT-Channel 0 - Message: hello world
2025-03-17-T22:53:18: RTT-Channel 0 - Message: hello world
2025-03-17-T22:53:18: RTT-Channel 0 - Message: hello world
2025-03-17-T22:53:18: RTT-Channel 0 - Message: hello world
2025-03-17-T22:53:18: RTT-Channel 0 - Message: hello world
2025-03-17-T22:53:19: RTT-Channel 0 - Message: hello world
2025-03-17-T22:53:19: RTT-Channel 0 - Message: hello world
2025-03-17-T22:53:19: RTT-Channel 0 - Message: hello world
2025-03-17-T22:53:20: RTT-Channel 0 - Message: hello world
2025-03-17-T22:53:20: RTT-Channel 0 - Message: hello world
2025-03-17-T22:53:20: RTT-Channel 0 - Message: hello world
2025-03-17-T22:53:20: RTT-Channel 0 - Message: hello world
2025-03-17-T22:53:21: RTT-Channel 0 - Message: hello world
2025-03-17-T22:53:21: RTT-Channel 0 - Message: hello world
2025-03-17-T22:53:21: RTT-Channel 0 - Message: hello world
2025-03-17-T22:53:22: RTT-Channel 0 - Message: hello world
2025-03-17-T22:53:22: RTT-Channel 0 - Message: hello world
2025-03-17-T22:53:22: RTT-Channel 0 - Message: hello world
2025-03-17-T22:53:23: RTT-Channel 0 - Message: hello world
2025-03-17-T22:53:23: RTT-Channel 0 - Message: hello world
2025-03-17-T22:53:23: RTT-Channel 0 - Message: hello world
2025-03-17-T22:53:23: RTT-Channel 0 - Message: hello world
2025-03-17-T22:53:24: RTT-Channel 0 - Message: hello world
2025-03-17-T22:53:24: RTT-Channel 0 - Message: hello world
2025-03-17-T22:53:24: RTT-Channel 0 - Message: hello world
2025-03-17-T22:53:25: RTT-Channel 0 - Message: hello world
2025-03-17-T22:53:25: RTT-Channel 0 - Message: hello world
2025-03-17-T22:53:25: RTT-Channel 0 - Message: hello world
2025-03-17-T22:53:26: RTT-Channel 0 - Message: hello world
2025-03-17-T22:53:26: RTT-Channel 0 - Message: hello world
2025-03-17-T22:53:26: RTT-Channel 0 - Message: hello world
2025-03-17-T22:53:26: RTT-Channel 0 - Message: hello world
2025-03-17-T22:53:27: RTT-Channel 0 - Message: hello world
2025-03-17-T22:53:27: RTT-Channel 0 - Message: hello world
2025-03-17-T22:53:27: RTT-Channel 0 - Message: hello world
2025-03-17-T22:53:28: RTT-Channel 0 - Message: hello world
2025-03-17-T22:53:28: RTT-Channel 0 - Message: hello world
2025-03-17-T22:53:28: RTT-Channel 0 - Message: hello world
2025-03-17-T22:53:29: RTT-Channel 0 - Message: hello world
2025-03-17-T22:53:29: RTT-Channel 0 - Message: hello world
2025-03-17-T22:53:29: RTT-Channel 0 - Message: hello world
2025-03-17-T22:53:29: RTT-Channel 0 - Message: hello world
2025-03-17-T22:53:30: RTT-Channel 0 - Message: hello world
2025-03-17-T22:53:30: RTT-Channel 0 - Message: hello world
2025-03-17-T22:53:30: RTT-Channel 0 - Message: hello world
2025-03-17-T22:53:31: RTT-Channel 0 - Message: hello world
2025-03-17-T22:53:31: RTT-Channel 0 - Message: hello world
2025-03-17-T22:53:31: RTT-Channel 0 - Message: hello world
2025-03-17-T22:53:32: RTT-Channel 0 - Message: hello world
2025-03-17-T22:53:32: RTT-Channel 0 - Message: hello world
2025-03-17-T22:53:32: RTT-Channel 0 - Message: hello world
2025-03-17-T22:53:32: RTT-Channel 0 - Message: hello world
2025-03-17-T22:53:33: RTT-Channel 0 - Message: hello world
2025-03-17-T22:53:33: RTT-Channel 0 - Message: hello world
2025-03-17-T22:53:33: RTT-Channel 0 - Message: hello world
2025-03-17-T22:53:34: RTT-Channel 0 - Message: hello world
2025-03-17-T22:53:34: RTT-Channel 0 - Message: hello world
2025-03-17-T22:53:34: RTT-Channel 0 - Message: hello world
2025-03-17-T22:53:35: RTT-Channel 0 - Message: hello world
2025-03-17-T22:53:35: RTT-Channel 0 - Message: hello world
2025-03-17-T22:53:35: RTT-Channel 0 - Message: hello world
2025-03-17-T22:53:35: RTT-Channel 0 - Message: hello world
2025-03-17-T22:53:36: RTT-Channel 0 - Message: hello world
2025-03-17-T22:53:36: RTT-Channel 0 - Message: hello world
2025-03-17-T22:53:36: RTT-Channel 0 - Message: hello world
2025-03-17-T22:53:37: RTT-Channel 0 - Message: hello world
2025-03-17-T22:53:37: RTT-Channel 0 - Message: hello world
2025-03-17-T22:53:37: RTT-Channel 0 - Message: hello world
2025-03-17-T22:53:38: RTT-Channel 0 - Message: hello world
2025-03-17-T22:53:38: RTT-Channel 0 - Message: hello world
2025-03-17-T22:53:38: RTT-Channel 0 - Message: hello world
2025-03-17-T22:53:38: RTT-Channel 0 - Message: hello world
2025-03-17-T22:53:39: RTT-Channel 0 - Message: hello world
2025-03-17-T22:53:39: RTT-Channel 0 - Message: hello world
2025-03-17-T22:53:39: RTT-Channel 0 - Message: hello world
2025-03-17-T22:53:40: RTT-Channel 0 - Message: hello world
2025-03-17-T22:53:40: RTT-Channel 0 - Message: hello world
2025-03-17-T22:53:40: RTT-Channel 0 - Message: hello world
2025-03-17-T22:53:41: RTT-Channel 0 - Message: 2025-03-17-T22:53:41: RTT-Channel 0 - Message: 2025-03-17-T22:53:41: RTT-Channel 0 - Message: hello world
2025-03-17-T22:53:41: RTT-Channel 0 - Message: hello world
2025-03-17-T22:53:41: RTT-Channel 0 - Message: hello world
2025-03-17-T22:53:42: RTT-Channel 0 - Message: hello world
2025-03-17-T22:53:42: RTT-Channel 0 - Message: hello world
2025-03-17-T22:53:42: RTT-Channel 0 - Message: hello world
2025-03-17-T22:53:43: RTT-Channel 0 - Message: hello world
2025-03-17-T22:53:43: RTT-Channel 0 - Message: hello world
2025-03-17-T22:53:43: RTT-Channel 0 - Message: hello world
2025-03-17-T22:53:44: RTT-Channel 0 - Message: hello world
2025-03-17-T22:53:44: RTT-Channel 0 - Message: hello world
2025-03-17-T22:53:44: RTT-Channel 0 - Message: hello world
2025-03-17-T22:53:44: RTT-Channel 0 - Message: hello world
2025-03-17-T22:53:45: RTT-Channel 0 - Message: hello world
2025-03-17-T22:53:45: RTT-Channel 0 - Message: hello world
2025-03-17-T22:53:45: RTT-Channel 0 - Message: hello world
2025-03-17-T22:53:46: RTT-Channel 0 - Message: hello world
2025-03-17-T22:53:46: RTT-Channel 0 - Message: hello world
2025-03-17-T22:53:46: RTT-Channel 0 - Message: hello world
2025-03-17-T22:53:47: RTT-Channel 0 - Message: hello world
2025-03-17-T22:53:47: RTT-Channel 0 - Message: hello world
2025-03-17-T22:53:47: RTT-Channel 0 - Message: hello world
2025-03-17-T22:53:47: RTT-Channel 0 - Message: hello world
2025-03-17-T22:53:48: RTT-Channel 0 - Message: hello world
2025-03-17-T22:53:48: RTT-Channel 0 - Message: hello world
2025-03-17-T22:53:48: RTT-Channel 0 - Message: hello world
2025-03-17-T22:53:49: RTT-Channel 0 - Message: hello world
2025-03-17-T22:53:49: RTT-Channel 0 - Message: hello world
2025-03-17-T22:53:49: RTT-Channel 0 - Message: hello world
2025-03-17-T22:53:50: RTT-Channel 0 - Message: hello world
2025-03-17-T22:53:50: RTT-Channel 0 - Message: hello world
2025-03-17-T22:53:50: RTT-Channel 0 - Message: hello world
2025-03-17-T22:53:50: RTT-Channel 0 - Message: hello world
2025-03-17-T22:53:51: RTT-Channel 0 - Message: hello world
2025-03-17-T22:53:51: RTT-Channel 0 - Message: hello world
2025-03-17-T22:53:51: RTT-Channel 0 - Message: hello world
2025-03-17-T22:53:52: RTT-Channel 0 - Message: hello world
2025-03-17-T22:53:52: RTT-Channel 0 - Message: hello world
2025-03-17-T22:53:52: RTT-Channel 0 - Message: hello world
2025-03-17-T22:53:53: RTT-Channel 0 - Message: hello world
2025-03-17-T22:53:53: RTT-Channel 0 - Message: hello world
2025-03-17-T22:53:53: RTT-Channel 0 - Message: hello world
2025-03-17-T22:53:53: RTT-Channel 0 - Message: hello world
2025-03-17-T22:53:54: RTT-Channel 0 - Message: hello world
2025-03-17-T22:53:54: RTT-Channel 0 - Message: hello world
2025-03-17-T22:53:54: RTT-Channel 0 - Message: hello world
2025-03-17-T22:53:55: RTT-Channel 0 - Message: hello world
2025-03-17-T22:53:55: RTT-Channel 0 - Message: hello world
2025-03-17-T22:53:55: RTT-Channel 0 - Message: hello world
2025-03-17-T22:53:56: RTT-Channel 0 - Message: hello world
2025-03-17-T22:53:56: RTT-Channel 0 - Message: hello world
2025-03-17-T22:53:56: RTT-Channel 0 - Message: hello world
2025-03-17-T22:53:56: RTT-Channel 0 - Message: hello world
2025-03-17-T22:53:57: RTT-Channel 0 - Message: hello world
2025-03-17-T22:53:57: RTT-Channel 0 - Message: hello world
2025-03-17-T22:53:57: RTT-Channel 0 - Message: hello world
2025-03-17-T22:53:58: RTT-Channel 0 - Message: hello world
2025-03-17-T22:53:58: RTT-Channel 0 - Message: hello world
2025-03-17-T22:53:58: RTT-Channel 0 - Message: hello world
2025-03-17-T22:53:59: RTT-Channel 0 - Message: hello world
2025-03-17-T22:53:59: RTT-Channel 0 - Message: hello world
2025-03-17-T22:53:59: RTT-Channel 0 - Message: hello world
2025-03-17-T22:53:59: RTT-Channel 0 - Message: hello world
2025-03-17-T22:54:00: RTT-Channel 0 - Message: hello world
2025-03-17-T22:54:00: RTT-Channel 0 - Message: hello world
2025-03-17-T22:54:00: RTT-Channel 0 - Message: hello world
2025-03-17-T22:54:01: RTT-Channel 0 - Message: hello world
2025-03-17-T22:54:01: RTT-Channel 0 - Message: hello world
2025-03-17-T22:54:01: RTT-Channel 0 - Message: hello world
2025-03-17-T22:54:01: RTT-Channel 0 - Message: hello world
2025-03-17-T22:54:02: RTT-Channel 0 - Message: hello world
2025-03-17-T22:54:02: RTT-Channel 0 - Message: hello world
2025-03-17-T22:54:02: RTT-Channel 0 - Message: hello world
2025-03-17-T22:54:03: RTT-Channel 0 - Message: hello world
2025-03-17-T22:54:03: RTT-Channel 0 - Message: hello world
2025-03-17-T22:54:03: RTT-Channel 0 - Message: hello world
2025-03-17-T22:54:04: RTT-Channel 0 - Message: hello world
2025-03-17-T22:54:04: RTT-Channel 0 - Message: hello world
2025-03-17-T22:54:04: RTT-Channel 0 - Message: hello world
2025-03-17-T22:54:04: RTT-Channel 0 - Message: hello world
2025-03-17-T22:54:05: RTT-Channel 0 - Message: hello world
2025-03-17-T22:54:05: RTT-Channel 0 - Message: hello world
2025-03-17-T22:54:05: RTT-Channel 0 - Message: hello world
2025-03-17-T22:54:06: RTT-Channel 0 - Message: hello world
2025-03-17-T22:54:06: RTT-Channel 0 - Message: hello world
2025-03-17-T22:54:06: RTT-Channel 0 - Message: hello world
2025-03-17-T22:54:07: RTT-Channel 0 - Message: hello world
2025-03-17-T22:54:07: RTT-Channel 0 - Message: hello world
2025-03-17-T22:54:07: RTT-Channel 0 - Message: hello world
2025-03-17-T22:54:07: RTT-Channel 0 - Message: hello world
2025-03-17-T22:54:08: RTT-Channel 0 - Message: hello world
2025-03-17-T22:54:08: RTT-Channel 0 - Message: hello world
2025-03-17-T22:54:08: RTT-Channel 0 - Message: hello world
2025-03-17-T22:54:09: RTT-Channel 0 - Message: hello world
2025-03-17-T22:54:09: RTT-Channel 0 - Message: hello world
2025-03-17-T22:54:09: RTT-Channel 0 - Message: hello world
2025-03-17-T22:54:10: RTT-Channel 0 - Message: hello world
2025-03-17-T22:54:10: RTT-Channel 0 - Message: hello world
2025-03-17-T22:54:10: RTT-Channel 0 - Message: hello world
2025-03-17-T22:54:10: RTT-Channel 0 - Message: hello world
2025-03-17-T22:54:11: RTT-Channel 0 - Message: hello world
2025-03-17-T22:54:11: RTT-Channel 0 - Message: hello world
2025-03-17-T22:54:11: RTT-Channel 0 - Message: hello world
2025-03-17-T22:54:12: RTT-Channel 0 - Message: hello world
2025-03-17-T22:54:12: RTT-Channel 0 - Message: hello world
2025-03-17-T22:54:12: RTT-Channel 0 - Message: hello world
2025-03-17-T22:54:13: RTT-Channel 0 - Message: hello world
2025-03-17-T22:54:13: RTT-Channel 0 - Message: hello world
2025-03-17-T22:54:13: RTT-Channel 0 - Message: hello world
2025-03-17-T22:54:13: RTT-Channel 0 - Message: hello world
2025-03-17-T22:54:14: RTT-Channel 0 - Message: hello world
2025-03-17-T22:54:14: RTT-Channel 0 - Message: hello world
2025-03-17-T22:54:14: RTT-Channel 0 - Message: hello world
2025-03-17-T22:54:15: RTT-Channel 0 - Message: hello world
2025-03-17-T22:54:15: RTT-Channel 0 - Message: hello world
2025-03-17-T22:54:15: RTT-Channel 0 - Message: hello world
2025-03-17-T22:54:16: RTT-Channel 0 - Message: hello world
2025-03-17-T22:54:16: RTT-Channel 0 - Message: hello world
2025-03-17-T22:54:16: RTT-Channel 0 - Message: hello world
2025-03-17-T22:54:16: RTT-Channel 0 - Message: hello world
2025-03-17-T22:54:17: RTT-Channel 0 - Message: hello world
2025-03-17-T22:54:17: RTT-Channel 0 - Message: hello world
2025-03-17-T22:54:17: RTT-Channel 0 - Message: hello world
2025-03-17-T22:54:18: RTT-Channel 0 - Message: hello world
2025-03-17-T22:54:18: RTT-Channel 0 - Message: hello world
2025-03-17-T22:54:18: RTT-Channel 0 - Message: hello world
2025-03-17-T22:54:19: RTT-Channel 0 - Message: hello world
2025-03-17-T22:54:19: RTT-Channel 0 - Message: hello world
2025-03-17-T22:54:19: RTT-Channel 0 - Message: hello world
2025-03-17-T22:54:19: RTT-Channel 0 - Message: hello world
2025-03-17-T22:54:20: RTT-Channel 0 - Message: hello world
2025-03-17-T22:54:20: RTT-Channel 0 - Message: hello world
2025-03-17-T22:54:20: RTT-Channel 0 - Message: hello world
2025-03-17-T22:54:21: RTT-Channel 0 - Message: hello world
2025-03-17-T22:54:21: RTT-Channel 0 - Message: hello world
2025-03-17-T22:54:21: RTT-Channel 0 - Message: hello world
2025-03-17-T22:54:22: RTT-Channel 0 - Message: hello world
2025-03-17-T22:54:22: RTT-Channel 0 - Message: hello world
2025-03-17-T22:54:22: RTT-Channel 0 - Message: hello world
2025-03-17-T22:54:22: RTT-Channel 0 - Message: hello world
2025-03-17-T22:54:23: RTT-Channel 0 - Message: hello world
2025-03-17-T22:54:23: RTT-Channel 0 - Message: hello world
2025-03-17-T22:54:23: RTT-Channel 0 - Message: hello world
2025-03-17-T22:54:24: RTT-Channel 0 - Message: hello world
2025-03-17-T22:54:24: RTT-Channel 0 - Message: hello world
2025-03-17-T22:54:24: RTT-Channel 0 - Message: hello world
2025-03-17-T22:54:25: RTT-Channel 0 - Message: hello world
2025-03-17-T22:54:25: RTT-Channel 0 - Message: hello world
2025-03-17-T22:54:25: RTT-Channel 0 - Message: hello world
2025-03-17-T22:54:25: RTT-Channel 0 - Message: hello world
2025-03-17-T22:54:26: RTT-Channel 0 - Message: hello world
2025-03-17-T22:54:26: RTT-Channel 0 - Message: hello world
2025-03-17-T22:54:26: RTT-Channel 0 - Message: hello world
2025-03-17-T22:54:27: RTT-Channel 0 - Message: hello world
2025-03-17-T22:54:27: RTT-Channel 0 - Message: hello world
2025-03-17-T22:54:27: RTT-Channel 0 - Message: hello world
2025-03-17-T22:54:28: RTT-Channel 0 - Message: hello world
2025-03-17-T22:54:28: RTT-Channel 0 - Message: hello world
2025-03-17-T22:54:28: RTT-Channel 0 - Message: hello world
2025-03-17-T22:54:28: RTT-Channel 0 - Message: hello world
2025-03-17-T22:54:29: RTT-Channel 0 - Message: hello world
2025-03-17-T22:54:29: RTT-Channel 0 - Message: hello world
2025-03-17-T22:54:29: RTT-Channel 0 - Message: hello world
2025-03-17-T22:54:30: RTT-Channel 0 - Message: hello world
2025-03-17-T22:54:30: RTT-Channel 0 - Message: hello world
2025-03-17-T22:54:30: RTT-Channel 0 - Message: hello world
2025-03-17-T22:54:31: RTT-Channel 0 - Message: hello world
2025-03-17-T22:54:31: RTT-Channel 0 - Message: hello world
2025-03-17-T22:54:31: RTT-Channel 0 - Message: hello world
2025-03-17-T22:54:31: RTT-Channel 0 - Message: hello world
2025-03-17-T22:54:32: RTT-Channel 0 - Message: hello world
2025-03-17-T22:54:32: RTT-Channel 0 - Message: hello world
2025-03-17-T22:54:32: RTT-Channel 0 - Message: hello world
2025-03-17-T22:54:33: RTT-Channel 0 - Message: hello world
2025-03-17-T22:54:33: RTT-Channel 0 - Message: hello world
2025-03-17-T22:54:33: RTT-Channel 0 - Message: hello world
2025-03-17-T22:54:34: RTT-Channel 0 - Message: hello world
2025-03-17-T22:54:34: RTT-Channel 0 - Message: hello world
2025-03-17-T22:54:34: RTT-Channel 0 - Message: hello world
2025-03-17-T22:54:34: RTT-Channel 0 - Message: hello world
2025-03-17-T22:54:35: RTT-Channel 0 - Message: hello world
2025-03-17-T22:54:35: RTT-Channel 0 - Message: hello world
2025-03-17-T22:54:35: RTT-Channel 0 - Message: hello world
2025-03-17-T22:54:36: RTT-Channel 0 - Message: hello world
2025-03-17-T22:54:36: RTT-Channel 0 - Message: hello world
2025-03-17-T22:54:36: RTT-Channel 0 - Message: hello world
2025-03-17-T22:54:37: RTT-Channel 0 - Message: hello world
2025-03-17-T22:54:37: RTT-Channel 0 - Message: hello world
2025-03-17-T22:54:37: RTT-Channel 0 - Message: hello world
2025-03-17-T22:54:37: RTT-Channel 0 - Message: hello world
2025-03-17-T22:54:38: RTT-Channel 0 - Message: hello world
2025-03-17-T22:54:38: RTT-Channel 0 - Message: hello world
2025-03-17-T22:54:38: RTT-Channel 0 - Message: hello world
2025-03-17-T22:54:39: RTT-Channel 0 - Message: hello world
2025-03-17-T22:54:39: RTT-Channel 0 - Message: hello world
2025-03-17-T22:54:39: RTT-Channel 0 - Message: hello world
2025-03-17-T22:54:40: RTT-Channel 0 - Message: hello world
2025-03-17-T22:54:40: RTT-Channel 0 - Message: hello world
2025-03-17-T22:54:40: RTT-Channel 0 - Message: hello world
2025-03-17-T22:54:40: RTT-Channel 0 - Message: hello world
2025-03-17-T22:54:41: RTT-Channel 0 - Message: hello world
2025-03-17-T22:54:41: RTT-Channel 0 - Message: hello world
2025-03-17-T22:54:41: RTT-Channel 0 - Message: hello world
2025-03-17-T22:54:42: RTT-Channel 0 - Message: hello world
2025-03-17-T22:54:42: RTT-Channel 0 - Message: hello world
2025-03-17-T22:54:42: RTT-Channel 0 - Message: hello world
2025-03-17-T22:54:43: RTT-Channel 0 - Message: hello world
2025-03-17-T22:54:43: RTT-Channel 0 - Message: hello world
2025-03-17-T22:54:43: RTT-Channel 0 - Message: hello world
2025-03-17-T22:54:43: RTT-Channel 0 - Message: hello world
2025-03-17-T22:54:44: RTT-Channel 0 - Message: hello world
2025-03-17-T22:54:44: RTT-Channel 0 - Message: hello world
2025-03-17-T22:54:44: RTT-Channel 0 - Message: hello world
2025-03-17-T22:54:45: RTT-Channel 0 - Message: hello world
2025-03-17-T22:54:45: RTT-Channel 0 - Message: hello world
2025-03-17-T22:54:45: RTT-Channel 0 - Message: hello world
2025-03-17-T22:54:46: RTT-Channel 0 - Message: hello world
2025-03-17-T22:54:46: RTT-Channel 0 - Message: hello world
2025-03-17-T22:54:46: RTT-Channel 0 - Message: hello world
2025-03-17-T22:54:46: RTT-Channel 0 - Message: hello world
2025-03-17-T22:54:47: RTT-Channel 0 - Message: hello world
2025-03-17-T22:54:47: RTT-Channel 0 - Message: hello world
2025-03-17-T22:54:47: RTT-Channel 0 - Message: hello world
2025-03-17-T22:54:48: RTT-Channel 0 - Message: hello world
2025-03-17-T22:54:48: RTT-Channel 0 - Message: hello world
2025-03-17-T22:54:48: RTT-Channel 0 - Message: hello world
2025-03-17-T22:54:49: RTT-Channel 0 - Message: hello world
2025-03-17-T22:54:49: RTT-Channel 0 - Message: hello world
2025-03-17-T22:54:49: RTT-Channel 0 - Message: hello world
2025-03-17-T22:54:49: RTT-Channel 0 - Message: hello world
2025-03-17-T22:54:50: RTT-Channel 0 - Message: hello world
2025-03-17-T22:54:50: RTT-Channel 0 - Message: hello world
2025-03-17-T22:54:50: RTT-Channel 0 - Message: hello world
2025-03-17-T22:54:51: RTT-Channel 0 - Message: hello world
2025-03-17-T22:54:51: RTT-Channel 0 - Message: hello world
2025-03-17-T22:54:51: RTT-Channel 0 - Message: hello world
2025-03-17-T22:54:51: RTT-Channel 0 - Message: hello world
2025-03-17-T22:54:52: RTT-Channel 0 - Message: hello world
2025-03-17-T22:54:52: RTT-Channel 0 - Message: hello world
2025-03-17-T22:54:52: RTT-Channel 0 - Message: hello world
2025-03-17-T22:54:53: RTT-Channel 0 - Message: hello world
2025-03-17-T22:54:53: RTT-Channel 0 - Message: hello world
2025-03-17-T22:54:53: RTT-Channel 0 - Message: hello world
2025-03-17-T22:54:54: RTT-Channel 0 - Message: hello world
2025-03-17-T22:54:54: RTT-Channel 0 - Message: hello world
2025-03-17-T22:54:54: RTT-Channel 0 - Message: hello world
2025-03-17-T22:54:54: RTT-Channel 0 - Message: hello world
2025-03-17-T22:54:55: RTT-Channel 0 - Message: hello world
2025-03-17-T22:54:55: RTT-Channel 0 - Message: hello world
2025-03-17-T22:54:55: RTT-Channel 0 - Message: hello world
2025-03-17-T22:54:56: RTT-Channel 0 - Message: hello world
2025-03-17-T22:54:56: RTT-Channel 0 - Message: hello world
2025-03-17-T22:54:56: RTT-Channel 0 - Message: hello world
2025-03-17-T22:54:57: RTT-Channel 0 - Message: hello world
2025-03-17-T22:54:57: RTT-Channel 0 - Message: hello world
2025-03-17-T22:54:57: RTT-Channel 0 - Message: hello world
2025-03-17-T22:54:57: RTT-Channel 0 - Message: hello world
2025-03-17-T22:54:58: RTT-Channel 0 - Message: hello world
2025-03-17-T22:54:58: RTT-Channel 0 - Message: hello world
2025-03-17-T22:54:58: RTT-Channel 0 - Message: hello world
2025-03-17-T22:54:59: RTT-Channel 0 - Message: hello world
2025-03-17-T22:54:59: RTT-Channel 0 - Message: hello world
2025-03-17-T22:54:59: RTT-Channel 0 - Message: hello world
2025-03-17-T22:55:00: RTT-Channel 0 - Message: hello world
2025-03-17-T22:55:00: RTT-Channel 0 - Message: hello world
2025-03-17-T22:55:00: RTT-Channel 0 - Message: hello world
2025-03-17-T22:55:00: RTT-Channel 0 - Message: hello world
2025-03-17-T22:55:01: RTT-Channel 0 - Message: hello world
2025-03-17-T22:55:01: RTT-Channel 0 - Message: hello world
2025-03-17-T22:55:01: RTT-Channel 0 - Message: hello world
2025-03-17-T22:55:02: RTT-Channel 0 - Message: hello world
2025-03-17-T22:55:02: RTT-Channel 0 - Message: hello world
2025-03-17-T22:55:02: RTT-Channel 0 - Message: hello world
2025-03-17-T22:55:03: RTT-Channel 0 - Message: hello world
2025-03-17-T22:55:03: RTT-Channel 0 - Message: hello world
2025-03-17-T22:55:03: RTT-Channel 0 - Message: hello world
2025-03-17-T22:55:03: RTT-Channel 0 - Message: hello world
2025-03-17-T22:55:04: RTT-Channel 0 - Message: hello world
2025-03-17-T22:55:04: RTT-Channel 0 - Message: hello world
2025-03-17-T22:55:04: RTT-Channel 0 - Message: hello world
2025-03-17-T22:55:05: RTT-Channel 0 - Message: hello world
2025-03-17-T22:55:05: RTT-Channel 0 - Message: hello world
2025-03-17-T22:55:05: RTT-Channel 0 - Message: hello world
2025-03-17-T22:55:06: RTT-Channel 0 - Message: hello world
2025-03-17-T22:55:06: RTT-Channel 0 - Message: hello world
2025-03-17-T22:55:06: RTT-Channel 0 - Message: hello world
2025-03-17-T22:55:06: RTT-Channel 0 - Message: hello world
2025-03-17-T22:55:07: RTT-Channel 0 - Message: hello world
2025-03-17-T22:55:07: RTT-Channel 0 - Message: hello world
2025-03-17-T22:55:07: RTT-Channel 0 - Message: hello world
2025-03-17-T22:55:08: RTT-Channel 0 - Message: hello world
2025-03-17-T22:55:08: RTT-Channel 0 - Message: hello world
2025-03-17-T22:55:08: RTT-Channel 0 - Message: hello world
2025-03-17-T22:55:09: RTT-Channel 0 - Message: hello world
2025-03-17-T22:55:09: RTT-Channel 0 - Message: hello world
2025-03-17-T22:55:09: RTT-Channel 0 - Message: hello world
2025-03-17-T22:55:09: RTT-Channel 0 - Message: hello world
2025-03-17-T22:55:10: RTT-Channel 0 - Message: hello world
2025-03-17-T22:55:10: RTT-Channel 0 - Message: hello world
2025-03-17-T22:55:10: RTT-Channel 0 - Message: hello world
2025-03-17-T22:55:11: RTT-Channel 0 - Message: hello world
2025-03-17-T22:55:11: RTT-Channel 0 - Message: hello world
2025-03-17-T22:55:11: RTT-Channel 0 - Message: hello world
2025-03-17-T22:55:12: RTT-Channel 0 - Message: hello world
2025-03-17-T22:55:12: RTT-Channel 0 - Message: hello world
2025-03-17-T22:55:12: RTT-Channel 0 - Message: hello world
2025-03-17-T22:55:12: RTT-Channel 0 - Message: hello world
2025-03-17-T22:55:13: RTT-Channel 0 - Message: hello world
2025-03-17-T22:55:13: RTT-Channel 0 - Message: hello world
2025-03-17-T22:55:13: RTT-Channel 0 - Message: hello world
2025-03-17-T22:55:14: RTT-Channel 0 - Message: hello world
2025-03-17-T22:55:14: RTT-Channel 0 - Message: hello world
2025-03-17-T22:55:14: RTT-Channel 0 - Message: hello world
2025-03-17-T22:55:15: RTT-Channel 0 - Message: hello world
2025-03-17-T22:55:15: RTT-Channel 0 - Message: hello world
2025-03-17-T22:55:15: RTT-Channel 0 - Message: hello world
2025-03-17-T22:55:15: RTT-Channel 0 - Message: hello world
2025-03-17-T22:55:16: RTT-Channel 0 - Message: hello world
2025-03-17-T22:55:16: RTT-Channel 0 - Message: hello world
2025-03-17-T22:55:16: RTT-Channel 0 - Message: hello world
2025-03-17-T22:55:17: RTT-Channel 0 - Message: hello world
2025-03-17-T22:55:17: RTT-Channel 0 - Message: hello world
2025-03-17-T22:55:17: RTT-Channel 0 - Message: hello world
2025-03-17-T22:55:18: RTT-Channel 0 - Message: hello world
2025-03-17-T22:55:18: RTT-Channel 0 - Message: hello world
2025-03-17-T22:55:18: RTT-Channel 0 - Message: hello world
2025-03-17-T22:55:18: RTT-Channel 0 - Message: hello world
2025-03-17-T22:55:19: RTT-Channel 0 - Message: hello world
2025-03-17-T22:55:19: RTT-Channel 0 - Message: hello world
2025-03-17-T22:55:19: RTT-Channel 0 - Message: hello world
2025-03-17-T22:55:20: RTT-Channel 0 - Message: hello world
2025-03-17-T22:55:20: RTT-Channel 0 - Message: hello world
2025-03-17-T22:55:20: RTT-Channel 0 - Message: hello world
2025-03-17-T22:55:21: RTT-Channel 0 - Message: hello world
2025-03-17-T22:55:21: RTT-Channel 0 - Message: hello world
2025-03-17-T22:55:21: RTT-Channel 0 - Message: hello world
2025-03-17-T22:55:21: RTT-Channel 0 - Message: hello world
2025-03-17-T22:55:22: RTT-Channel 0 - Message: hello world
2025-03-17-T22:55:22: RTT-Channel 0 - Message: hello world
2025-03-17-T22:55:22: RTT-Channel 0 - Message: hello world
2025-03-17-T22:55:23: RTT-Channel 0 - Message: hello world
2025-03-17-T22:55:23: RTT-Channel 0 - Message: hello world
2025-03-17-T22:55:23: RTT-Channel 0 - Message: hello world
2025-03-17-T22:55:24: RTT-Channel 0 - Message: hello world
2025-03-17-T22:55:24: RTT-Channel 0 - Message: hello world
2025-03-17-T22:55:24: RTT-Channel 0 - Message: hello world
2025-03-17-T22:55:24: RTT-Channel 0 - Message: hello world
2025-03-17-T22:55:25: RTT-Channel 0 - Message: hello world
2025-03-17-T22:55:25: RTT-Channel 0 - Message: hello world
2025-03-17-T22:55:25: RTT-Channel 0 - Message: hello world
2025-03-17-T22:55:26: RTT-Channel 0 - Message: hello world
2025-03-17-T22:55:26: RTT-Channel 0 - Message: hello world
2025-03-17-T22:55:26: RTT-Channel 0 - Message: hello world
2025-03-17-T22:55:27: RTT-Channel 0 - Message: hello world
2025-03-17-T22:55:27: RTT-Channel 0 - Message: hello world
2025-03-17-T22:55:27: RTT-Channel 0 - Message: hello world
2025-03-17-T22:55:27: RTT-Channel 0 - Message: hello world
2025-03-17-T22:55:28: RTT-Channel 0 - Message: hello world
2025-03-17-T22:55:28: RTT-Channel 0 - Message: hello world
2025-03-17-T22:55:28: RTT-Channel 0 - Message: hello world
2025-03-17-T22:55:29: RTT-Channel 0 - Message: hello world
2025-03-17-T22:55:29: RTT-Channel 0 - Message: hello world
2025-03-17-T22:55:29: RTT-Channel 0 - Message: hello world
2025-03-17-T22:55:30: RTT-Channel 0 - Message: hello world
2025-03-17-T22:55:30: RTT-Channel 0 - Message: hello world
2025-03-17-T22:55:30: RTT-Channel 0 - Message: hello world
2025-03-17-T22:55:30: RTT-Channel 0 - Message: hello world
2025-03-17-T22:55:31: RTT-Channel 0 - Message: hello world
2025-03-17-T22:55:31: RTT-Channel 0 - Message: hello world
2025-03-17-T22:55:31: RTT-Channel 0 - Message: hello world
2025-03-17-T22:55:32: RTT-Channel 0 - Message: hello world
2025-03-17-T22:55:32: RTT-Channel 0 - Message: hello world
2025-03-17-T22:55:32: RTT-Channel 0 - Message: hello world
2025-03-17-T22:55:33: RTT-Channel 0 - Message: hello world
2025-03-17-T22:55:33: RTT-Channel 0 - Message: hello world
2025-03-17-T22:55:33: RTT-Channel 0 - Message: hello world
2025-03-17-T22:55:33: RTT-Channel 0 - Message: hello world
2025-03-17-T22:55:34: RTT-Channel 0 - Message: hello world
2025-03-17-T22:55:34: RTT-Channel 0 - Message: hello world
2025-03-17-T22:55:34: RTT-Channel 0 - Message: hello world
2025-03-17-T22:55:35: RTT-Channel 0 - Message: hello world
2025-03-17-T22:55:35: RTT-Channel 0 - Message: hello world
2025-03-17-T22:55:35: RTT-Channel 0 - Message: hello world
2025-03-17-T22:55:35: RTT-Channel 0 - Message: hello world
2025-03-17-T22:55:36: RTT-Channel 0 - Message: hello world
2025-03-17-T22:55:36: RTT-Channel 0 - Message: hello world
2025-03-17-T22:55:36: RTT-Channel 0 - Message: hello world
2025-03-17-T22:55:37: RTT-Channel 0 - Message: hello world
2025-03-17-T22:55:37: RTT-Channel 0 - Message: hello world
2025-03-17-T22:55:37: RTT-Channel 0 - Message: hello world
2025-03-17-T22:55:38: RTT-Channel 0 - Message: hello world
2025-03-17-T22:55:38: RTT-Channel 0 - Message: hello world
2025-03-17-T22:55:38: RTT-Channel 0 - Message: hello world
2025-03-17-T22:55:38: RTT-Channel 0 - Message: hello world
2025-03-17-T22:55:39: RTT-Channel 0 - Message: hello world
2025-03-17-T22:55:39: RTT-Channel 0 - Message: hello world
2025-03-17-T22:55:39: RTT-Channel 0 - Message: hello world
2025-03-17-T22:55:40: RTT-Channel 0 - Message: hello world
2025-03-17-T22:55:40: RTT-Channel 0 - Message: hello world
2025-03-17-T22:55:40: RTT-Channel 0 - Message: hello world
2025-03-17-T22:55:41: RTT-Channel 0 - Message: hello world
2025-03-17-T22:55:41: RTT-Channel 0 - Message: hello world
2025-03-17-T22:55:41: RTT-Channel 0 - Message: hello world
2025-03-17-T22:55:41: RTT-Channel 0 - Message: hello world
2025-03-17-T22:55:42: RTT-Channel 0 - Message: hello world
2025-03-17-T22:55:42: RTT-Channel 0 - Message: hello world
2025-03-17-T22:55:42: RTT-Channel 0 - Message: hello world
2025-03-17-T22:55:43: RTT-Channel 0 - Message: hello world
2025-03-17-T22:55:43: RTT-Channel 0 - Message: hello world
2025-03-17-T22:55:43: RTT-Channel 0 - Message: hello world
2025-03-17-T22:55:44: RTT-Channel 0 - Message: hello world
2025-03-17-T22:55:44: RTT-Channel 0 - Message: hello world
2025-03-17-T22:55:44: RTT-Channel 0 - Message: hello world
2025-03-17-T22:55:44: RTT-Channel 0 - Message: hello world
2025-03-17-T22:55:45: RTT-Channel 0 - Message: hello world
2025-03-17-T22:55:45: RTT-Channel 0 - Message: hello world
2025-03-17-T22:55:45: RTT-Channel 0 - Message: hello world
2025-03-17-T22:55:46: RTT-Channel 0 - Message: hello world
2025-03-17-T22:55:46: RTT-Channel 0 - Message: hello world
2025-03-17-T22:55:46: RTT-Channel 0 - Message: hello world
2025-03-17-T22:55:47: RTT-Channel 0 - Message: hello world
2025-03-17-T22:55:47: RTT-Channel 0 - Message: hello world
2025-03-17-T22:55:47: RTT-Channel 0 - Message: hello world
2025-03-17-T22:55:47: RTT-Channel 0 - Message: hello world
2025-03-17-T22:55:48: RTT-Channel 0 - Message: hello world
2025-03-17-T22:55:48: RTT-Channel 0 - Message: hello world
2025-03-17-T22:55:48: RTT-Channel 0 - Message: hello world
2025-03-17-T22:55:49: RTT-Channel 0 - Message: hello world
2025-03-17-T22:55:49: RTT-Channel 0 - Message: hello world
2025-03-17-T22:55:49: RTT-Channel 0 - Message: hello world
2025-03-17-T22:55:50: RTT-Channel 0 - Message: hello world
2025-03-17-T22:55:50: RTT-Channel 0 - Message: hello world
2025-03-17-T22:55:50: RTT-Channel 0 - Message: hello world
2025-03-17-T22:55:50: RTT-Channel 0 - Message: hello world
2025-03-17-T22:55:51: RTT-Channel 0 - Message: hello world
2025-03-17-T22:55:51: RTT-Channel 0 - Message: hello world
2025-03-17-T22:55:51: RTT-Channel 0 - Message: hello world
2025-03-17-T22:55:52: RTT-Channel 0 - Message: hello world
2025-03-17-T22:55:52: RTT-Channel 0 - Message: hello world
2025-03-17-T22:55:52: RTT-Channel 0 - Message: hello world
2025-03-17-T22:55:53: RTT-Channel 0 - Message: hello world
2025-03-17-T22:55:53: RTT-Channel 0 - Message: hello world
2025-03-17-T22:55:53: RTT-Channel 0 - Message: hello world
2025-03-17-T22:55:53: RTT-Channel 0 - Message: hello world
2025-03-17-T22:55:54: RTT-Channel 0 - Message: hello world
2025-03-17-T22:55:54: RTT-Channel 0 - Message: hello world
2025-03-17-T22:55:54: RTT-Channel 0 - Message: hello world
2025-03-17-T22:55:55: RTT-Channel 0 - Message: hello world
2025-03-17-T22:55:55: RTT-Channel 0 - Message: hello world
2025-03-17-T22:55:55: RTT-Channel 0 - Message: hello world
2025-03-17-T22:55:56: RTT-Channel 0 - Message: hello world
2025-03-17-T22:55:56: RTT-Channel 0 - Message: hello world
2025-03-17-T22:55:56: RTT-Channel 0 - Message: hello world
2025-03-17-T22:55:56: RTT-Channel 0 - Message: hello world
2025-03-17-T22:55:57: RTT-Channel 0 - Message: hello world
2025-03-17-T22:55:57: RTT-Channel 0 - Message: hello world
2025-03-17-T22:55:57: RTT-Channel 0 - Message: hello world
2025-03-17-T22:55:58: RTT-Channel 0 - Message: hello world
2025-03-17-T22:55:58: RTT-Channel 0 - Message: hello world
2025-03-17-T22:55:58: RTT-Channel 0 - Message: hello world
2025-03-17-T22:55:59: RTT-Channel 0 - Message: hello world
2025-03-17-T22:55:59: RTT-Channel 0 - Message: hello world
2025-03-17-T22:55:59: RTT-Channel 0 - Message: hello world
2025-03-17-T22:55:59: RTT-Channel 0 - Message: hello world
2025-03-17-T22:56:00: RTT-Channel 0 - Message: hello world
2025-03-17-T22:56:00: RTT-Channel 0 - Message: hello world
2025-03-17-T22:56:00: RTT-Channel 0 - Message: hello world
2025-03-17-T22:56:01: RTT-Channel 0 - Message: hello world
2025-03-17-T22:56:01: RTT-Channel 0 - Message: hello world
2025-03-17-T22:56:01: RTT-Channel 0 - Message: hello world
2025-03-17-T22:56:02: RTT-Channel 0 - Message: hello world
2025-03-17-T22:56:02: RTT-Channel 0 - Message: hello world
2025-03-17-T22:56:02: RTT-Channel 0 - Message: hello world
2025-03-17-T22:56:02: RTT-Channel 0 - Message: hello world
2025-03-17-T22:56:03: RTT-Channel 0 - Message: hello world
2025-03-17-T22:56:03: RTT-Channel 0 - Message: hello world
2025-03-17-T22:56:03: RTT-Channel 0 - Message: hello world
2025-03-17-T22:56:04: RTT-Channel 0 - Message: hello world
2025-03-17-T22:56:04: RTT-Channel 0 - Message: hello world
2025-03-17-T22:56:04: RTT-Channel 0 - Message: hello world
2025-03-17-T22:56:05: RTT-Channel 0 - Message: hello world
2025-03-17-T22:56:05: RTT-Channel 0 - Message: hello world
2025-03-17-T22:56:05: RTT-Channel 0 - Message: hello world
2025-03-17-T22:56:05: RTT-Channel 0 - Message: hello world
2025-03-17-T22:56:06: RTT-Channel 0 - Message: hello world
2025-03-17-T22:56:06: RTT-Channel 0 - Message: hello world
2025-03-17-T22:56:06: RTT-Channel 0 - Message: hello world
2025-03-17-T22:56:07: RTT-Channel 0 - Message: hello world
2025-03-17-T22:56:07: RTT-Channel 0 - Message: hello world
2025-03-17-T22:56:07: RTT-Channel 0 - Message: hello world
2025-03-17-T22:56:08: RTT-Channel 0 - Message: hello world
2025-03-17-T22:56:08: RTT-Channel 0 - Message: hello world
2025-03-17-T22:56:08: RTT-Channel 0 - Message: hello world
2025-03-17-T22:56:08: RTT-Channel 0 - Message: hello world
2025-03-17-T22:56:09: RTT-Channel 0 - Message: hello world
2025-03-17-T22:56:09: RTT-Channel 0 - Message: hello world
2025-03-17-T22:56:09: RTT-Channel 0 - Message: hello world
2025-03-17-T22:56:10: RTT-Channel 0 - Message: hello world
2025-03-17-T22:56:10: RTT-Channel 0 - Message: hello world
2025-03-17-T22:56:10: RTT-Channel 0 - Message: hello world
2025-03-17-T22:56:10: RTT-Channel 0 - Message: hello world
2025-03-17-T22:56:11: RTT-Channel 0 - Message: hello world
2025-03-17-T22:56:11: RTT-Channel 0 - Message: hello world
2025-03-17-T22:56:11: RTT-Channel 0 - Message: hello world
2025-03-17-T22:56:12: RTT-Channel 0 - Message: hello world
2025-03-17-T22:56:12: RTT-Channel 0 - Message: hello world
2025-03-17-T22:56:12: RTT-Channel 0 - Message: hello world
2025-03-17-T22:56:13: RTT-Channel 0 - Message: hello world
2025-03-17-T22:56:13: RTT-Channel 0 - Message: hello world
2025-03-17-T22:56:13: RTT-Channel 0 - Message: hello world
2025-03-17-T22:56:13: RTT-Channel 0 - Message: hello world
2025-03-17-T22:56:14: RTT-Channel 0 - Message: hello world
2025-03-17-T22:56:14: RTT-Channel 0 - Message: hello world
2025-03-17-T22:56:14: RTT-Channel 0 - Message: hello world
2025-03-17-T22:56:15: RTT-Channel 0 - Message: hello world
2025-03-17-T22:56:15: RTT-Channel 0 - Message: hello world
2025-03-17-T22:56:15: RTT-Channel 0 - Message: hello world
2025-03-17-T22:56:16: RTT-Channel 0 - Message: hello world
2025-03-17-T22:56:16: RTT-Channel 0 - Message: hello world
2025-03-17-T22:56:16: RTT-Channel 0 - Message: hello world
2025-03-17-T22:56:16: RTT-Channel 0 - Message: hello world
2025-03-17-T22:56:17: RTT-Channel 0 - Message: hello world
2025-03-17-T22:56:17: RTT-Channel 0 - Message: hello world
2025-03-17-T22:56:17: RTT-Channel 0 - Message: hello world
2025-03-17-T22:56:18: RTT-Channel 0 - Message: hello world
2025-03-17-T22:56:18: RTT-Channel 0 - Message: hello world
2025-03-17-T22:56:18: RTT-Channel 0 - Message: hello world
2025-03-17-T22:56:19: RTT-Channel 0 - Message: hello world
2025-03-17-T22:56:19: RTT-Channel 0 - Message: hello world
2025-03-17-T22:56:19: RTT-Channel 0 - Message: hello world
2025-03-17-T22:56:19: RTT-Channel 0 - Message: hello world
2025-03-17-T22:56:20: RTT-Channel 0 - Message: hello world
2025-03-17-T22:56:20: RTT-Channel 0 - Message: hello world
2025-03-17-T22:56:20: RTT-Channel 0 - Message: hello world
2025-03-17-T22:56:21: RTT-Channel 0 - Message: hello world
2025-03-17-T22:56:21: RTT-Channel 0 - Message: hello world
2025-03-17-T22:56:21: RTT-Channel 0 - Message: hello world
2025-03-17-T22:56:22: RTT-Channel 0 - Message: hello world
2025-03-17-T22:56:22: RTT-Channel 0 - Message: hello world
2025-03-17-T22:56:22: RTT-Channel 0 - Message: hello world
2025-03-17-T22:56:22: RTT-Channel 0 - Message: hello world
2025-03-17-T22:56:23: RTT-Channel 0 - Message: hello world
2025-03-17-T22:56:23: RTT-Channel 0 - Message: hello world
2025-03-17-T22:56:23: RTT-Channel 0 - Message: hello world
2025-03-17-T22:56:24: RTT-Channel 0 - Message: hello world
2025-03-17-T22:56:24: RTT-Channel 0 - Message: hello world
2025-03-17-T22:56:24: RTT-Channel 0 - Message: hello world
2025-03-17-T22:56:25: RTT-Channel 0 - Message: hello world
2025-03-17-T22:56:25: RTT-Channel 0 - Message: hello world
2025-03-17-T22:56:25: RTT-Channel 0 - Message: hello world
2025-03-17-T22:56:25: RTT-Channel 0 - Message: hello world
2025-03-17-T22:56:26: RTT-Channel 0 - Message: hello world
2025-03-17-T22:56:26: RTT-Channel 0 - Message: hello world
2025-03-17-T22:56:26: RTT-Channel 0 - Message: hello world
2025-03-17-T22:56:27: RTT-Channel 0 - Message: hello world
2025-03-17-T22:56:27: RTT-Channel 0 - Message: hello world
2025-03-17-T22:56:27: RTT-Channel 0 - Message: hello world
2025-03-17-T22:56:28: RTT-Channel 0 - Message: hello world
2025-03-17-T22:56:28: RTT-Channel 0 - Message: hello world
2025-03-17-T22:56:28: RTT-Channel 0 - Message: hello world
2025-03-17-T22:56:28: RTT-Channel 0 - Message: hello world
2025-03-17-T22:56:29: RTT-Channel 0 - Message: hello world
2025-03-17-T22:56:29: RTT-Channel 0 - Message: hello world
2025-03-17-T22:56:29: RTT-Channel 0 - Message: hello world
2025-03-17-T22:56:30: RTT-Channel 0 - Message: hello world
2025-03-17-T22:56:30: RTT-Channel 0 - Message: hello world
2025-03-17-T22:56:30: RTT-Channel 0 - Message: hello world
2025-03-17-T22:56:31: RTT-Channel 0 - Message: hello world
2025-03-17-T22:56:31: RTT-Channel 0 - Message: hello world
2025-03-17-T22:56:31: RTT-Channel 0 - Message: hello world
2025-03-17-T22:56:31: RTT-Channel 0 - Message: hello world
2025-03-17-T22:56:32: RTT-Channel 0 - Message: hello world
2025-03-17-T22:56:32: RTT-Channel 0 - Message: hello world
2025-03-17-T22:56:32: RTT-Channel 0 - Message: hello world
2025-03-17-T22:56:33: RTT-Channel 0 - Message: hello world
2025-03-17-T22:56:33: RTT-Channel 0 - Message: hello world
2025-03-17-T22:56:33: RTT-Channel 0 - Message: hello world
2025-03-17-T22:56:34: RTT-Channel 0 - Message: hello world
2025-03-17-T22:56:34: RTT-Channel 0 - Message: hello world
2025-03-17-T22:56:34: RTT-Channel 0 - Message: hello world
2025-03-17-T22:56:34: RTT-Channel 0 - Message: hello world
2025-03-17-T22:56:35: RTT-Channel 0 - Message: hello world
2025-03-17-T22:56:35: RTT-Channel 0 - Message: hello world
2025-03-17-T22:56:35: RTT-Channel 0 - Message: hello world
2025-03-17-T22:56:36: RTT-Channel 0 - Message: hello world
2025-03-17-T22:56:36: RTT-Channel 0 - Message: hello world
2025-03-17-T22:56:36: RTT-Channel 0 - Message: hello world
2025-03-17-T22:56:37: RTT-Channel 0 - Message: hello world
2025-03-17-T22:56:37: RTT-Channel 0 - Message: hello world
2025-03-17-T22:56:37: RTT-Channel 0 - Message: hello world
2025-03-17-T22:56:37: RTT-Channel 0 - Message: hello world
2025-03-17-T22:56:38: RTT-Channel 0 - Message: hello world
2025-03-17-T22:56:38: RTT-Channel 0 - Message: hello world
2025-03-17-T22:56:38: RTT-Channel 0 - Message: hello world
2025-03-17-T22:56:39: RTT-Channel 0 - Message: hello world
2025-03-17-T22:56:39: RTT-Channel 0 - Message: hello world
2025-03-17-T22:56:39: RTT-Channel 0 - Message: hello world
2025-03-17-T22:56:40: RTT-Channel 0 - Message: hello world
2025-03-17-T22:56:40: RTT-Channel 0 - Message: hello world
2025-03-17-T22:56:40: RTT-Channel 0 - Message: hello world
2025-03-17-T22:56:40: RTT-Channel 0 - Message: hello world
2025-03-17-T22:56:41: RTT-Channel 0 - Message: hello world
2025-03-17-T22:56:41: RTT-Channel 0 - Message: hello world
2025-03-17-T22:56:41: RTT-Channel 0 - Message: hello world
2025-03-17-T22:56:42: RTT-Channel 0 - Message: hello world
2025-03-17-T22:56:42: RTT-Channel 0 - Message: hello world
2025-03-17-T22:56:42: RTT-Channel 0 - Message: hello world
2025-03-17-T22:56:43: RTT-Channel 0 - Message: hello world
2025-03-17-T22:56:43: RTT-Channel 0 - Message: hello world
2025-03-17-T22:56:43: RTT-Channel 0 - Message: hello world
2025-03-17-T22:56:43: RTT-Channel 0 - Message: hello world
2025-03-17-T22:56:44: RTT-Channel 0 - Message: hello world
2025-03-17-T22:56:44: RTT-Channel 0 - Message: hello world
2025-03-17-T22:56:44: RTT-Channel 0 - Message: hello world
2025-03-17-T22:56:45: RTT-Channel 0 - Message: hello world
2025-03-17-T22:56:45: RTT-Channel 0 - Message: hello world
2025-03-17-T22:56:45: RTT-Channel 0 - Message: hello world
2025-03-17-T22:56:46: RTT-Channel 0 - Message: hello world
2025-03-17-T22:56:46: RTT-Channel 0 - Message: hello world
2025-03-17-T22:56:46: RTT-Channel 0 - Message: hello world
2025-03-17-T22:56:46: RTT-Channel 0 - Message: hello world
2025-03-17-T22:56:47: RTT-Channel 0 - Message: hello world
2025-03-17-T22:56:47: RTT-Channel 0 - Message: hello world
2025-03-17-T22:56:47: RTT-Channel 0 - Message: hello world
2025-03-17-T22:56:48: RTT-Channel 0 - Message: hello world
2025-03-17-T22:56:48: RTT-Channel 0 - Message: hello world
2025-03-17-T22:56:48: RTT-Channel 0 - Message: hello world
2025-03-17-T22:56:49: RTT-Channel 0 - Message: hello world
2025-03-17-T22:56:49: RTT-Channel 0 - Message: hello world
2025-03-17-T22:56:49: RTT-Channel 0 - Message: hello world
2025-03-17-T22:56:49: RTT-Channel 0 - Message: hello world
2025-03-17-T22:56:50: RTT-Channel 0 - Message: hello world
2025-03-17-T22:56:50: RTT-Channel 0 - Message: hello world
2025-03-17-T22:56:50: RTT-Channel 0 - Message: hello world
2025-03-17-T22:56:51: RTT-Channel 0 - Message: hello world
2025-03-17-T22:56:51: RTT-Channel 0 - Message: hello world
2025-03-17-T22:56:51: RTT-Channel 0 - Message: hello world
2025-03-17-T22:56:52: RTT-Channel 0 - Message: hello world
2025-03-17-T22:56:52: RTT-Channel 0 - Message: hello world
2025-03-17-T22:56:52: RTT-Channel 0 - Message: hello world
2025-03-17-T22:56:52: RTT-Channel 0 - Message: hello world
2025-03-17-T22:56:53: RTT-Channel 0 - Message: hello world
2025-03-17-T22:56:53: RTT-Channel 0 - Message: hello world
2025-03-17-T22:56:53: RTT-Channel 0 - Message: hello world
2025-03-17-T22:56:54: RTT-Channel 0 - Message: hello world
2025-03-17-T22:56:54: RTT-Channel 0 - Message: hello world
2025-03-17-T22:56:54: RTT-Channel 0 - Message: hello world
2025-03-17-T22:56:55: RTT-Channel 0 - Message: hello world
2025-03-17-T22:56:55: RTT-Channel 0 - Message: hello world
2025-03-17-T22:56:55: RTT-Channel 0 - Message: hello world
2025-03-17-T22:56:55: RTT-Channel 0 - Message: hello world
2025-03-17-T22:56:56: RTT-Channel 0 - Message: hello world
2025-03-17-T22:56:56: RTT-Channel 0 - Message: hello world
2025-03-17-T22:56:56: RTT-Channel 0 - Message: hello world
2025-03-17-T22:56:57: RTT-Channel 0 - Message: hello world
2025-03-17-T22:56:57: RTT-Channel 0 - Message: hello world
2025-03-17-T22:56:57: RTT-Channel 0 - Message: hello world
2025-03-17-T22:56:58: RTT-Channel 0 - Message: hello world
2025-03-17-T22:56:58: RTT-Channel 0 - Message: hello world
2025-03-17-T22:56:58: RTT-Channel 0 - Message: hello world
2025-03-17-T22:56:58: RTT-Channel 0 - Message: hello world
2025-03-17-T22:56:59: RTT-Channel 0 - Message: hello world
2025-03-17-T22:56:59: RTT-Channel 0 - Message: hello world
2025-03-17-T22:56:59: RTT-Channel 0 - Message: hello world
2025-03-17-T22:57:00: RTT-Channel 0 - Message: hello world
2025-03-17-T22:57:00: RTT-Channel 0 - Message: hello world
2025-03-17-T22:57:00: RTT-Channel 0 - Message: hello world
2025-03-17-T22:57:01: RTT-Channel 0 - Message: hello world
2025-03-17-T22:57:01: RTT-Channel 0 - Message: hello world
2025-03-17-T22:57:01: RTT-Channel 0 - Message: hello world
2025-03-17-T22:57:01: RTT-Channel 0 - Message: hello world
2025-03-17-T22:57:02: RTT-Channel 0 - Message: hello world
2025-03-17-T22:57:02: RTT-Channel 0 - Message: hello world
2025-03-17-T22:57:02: RTT-Channel 0 - Message: hello world
2025-03-17-T22:57:03: RTT-Channel 0 - Message: hello world
2025-03-17-T22:57:03: RTT-Channel 0 - Message: hello world
2025-03-17-T22:57:03: RTT-Channel 0 - Message: hello world
2025-03-17-T22:57:04: RTT-Channel 0 - Message: hello world
2025-03-17-T22:57:04: RTT-Channel 0 - Message: hello world
2025-03-17-T22:57:04: RTT-Channel 0 - Message: hello world
2025-03-17-T22:57:04: RTT-Channel 0 - Message: hello world
2025-03-17-T22:57:05: RTT-Channel 0 - Message: hello world
2025-03-17-T22:57:05: RTT-Channel 0 - Message: hello world
2025-03-17-T22:57:05: RTT-Channel 0 - Message: hello world
2025-03-17-T22:57:06: RTT-Channel 0 - Message: hello world
2025-03-17-T22:57:06: RTT-Channel 0 - Message: hello world
2025-03-17-T22:57:06: RTT-Channel 0 - Message: hello world
2025-03-17-T22:57:06: RTT-Channel 0 - Message: hello world
2025-03-17-T22:57:07: RTT-Channel 0 - Message: hello world
2025-03-17-T22:57:07: RTT-Channel 0 - Message: hello world
2025-03-17-T22:57:07: RTT-Channel 0 - Message: hello world
2025-03-17-T22:57:08: RTT-Channel 0 - Message: hello world
2025-03-17-T22:57:08: RTT-Channel 0 - Message: hello world
2025-03-17-T22:57:08: RTT-Channel 0 - Message: hello world
2025-03-17-T22:57:09: RTT-Channel 0 - Message: hello world
2025-03-17-T22:57:09: RTT-Channel 0 - Message: hello world
2025-03-17-T22:57:09: RTT-Channel 0 - Message: hello world
2025-03-17-T22:57:09: RTT-Channel 0 - Message: hello world
2025-03-17-T22:57:10: RTT-Channel 0 - Message: hello world
2025-03-17-T22:57:10: RTT-Channel 0 - Message: hello world
2025-03-17-T22:57:10: RTT-Channel 0 - Message: hello world
2025-03-17-T22:57:11: RTT-Channel 0 - Message: hello world
2025-03-17-T22:57:11: RTT-Channel 0 - Message: hello world
2025-03-17-T22:57:11: RTT-Channel 0 - Message: hello world
2025-03-17-T22:57:12: RTT-Channel 0 - Message: hello world
2025-03-17-T22:57:12: RTT-Channel 0 - Message: hello world
2025-03-17-T22:57:12: RTT-Channel 0 - Message: hello world
2025-03-17-T22:57:12: RTT-Channel 0 - Message: hello world
2025-03-17-T22:57:13: RTT-Channel 0 - Message: hello world
2025-03-17-T22:57:13: RTT-Channel 0 - Message: hello world
2025-03-17-T22:57:13: RTT-Channel 0 - Message: hello world
2025-03-17-T22:57:14: RTT-Channel 0 - Message: hello world
2025-03-17-T22:57:14: RTT-Channel 0 - Message: hello world
2025-03-17-T22:57:14: RTT-Channel 0 - Message: hello world
2025-03-17-T22:57:15: RTT-Channel 0 - Message: hello world
2025-03-17-T22:57:15: RTT-Channel 0 - Message: hello world
2025-03-17-T22:57:15: RTT-Channel 0 - Message: hello world
2025-03-17-T22:57:15: RTT-Channel 0 - Message: hello world
2025-03-17-T22:57:16: RTT-Channel 0 - Message: hello world
2025-03-17-T22:57:16: RTT-Channel 0 - Message: hello world
2025-03-17-T22:57:16: RTT-Channel 0 - Message: hello world
2025-03-17-T22:57:17: RTT-Channel 0 - Message: hello world
2025-03-17-T22:57:17: RTT-Channel 0 - Message: hello world
2025-03-17-T22:57:17: RTT-Channel 0 - Message: hello world
2025-03-17-T22:57:18: RTT-Channel 0 - Message: hello world
2025-03-17-T22:57:18: RTT-Channel 0 - Message: hello world
2025-03-17-T22:57:18: RTT-Channel 0 - Message: hello world
2025-03-17-T22:57:18: RTT-Channel 0 - Message: hello world
2025-03-17-T22:57:19: RTT-Channel 0 - Message: hello world
2025-03-17-T22:57:19: RTT-Channel 0 - Message: hello world
2025-03-17-T22:57:19: RTT-Channel 0 - Message: hello world
2025-03-17-T22:57:20: RTT-Channel 0 - Message: hello world
2025-03-17-T22:57:20: RTT-Channel 0 - Message: hello world
2025-03-17-T22:57:20: RTT-Channel 0 - Message: hello world
2025-03-17-T22:57:21: RTT-Channel 0 - Message: hello world
2025-03-17-T22:57:21: RTT-Channel 0 - Message: hello world
2025-03-17-T22:57:21: RTT-Channel 0 - Message: hello world
2025-03-17-T22:57:21: RTT-Channel 0 - Message: hello world
2025-03-17-T22:57:22: RTT-Channel 0 - Message: hello world
2025-03-17-T22:57:22: RTT-Channel 0 - Message: hello world
2025-03-17-T22:57:22: RTT-Channel 0 - Message: hello world
2025-03-17-T22:57:23: RTT-Channel 0 - Message: hello world
2025-03-17-T22:57:23: RTT-Channel 0 - Message: hello world
2025-03-17-T22:57:23: RTT-Channel 0 - Message: hello world
2025-03-17-T22:57:24: RTT-Channel 0 - Message: hello world
2025-03-17-T22:57:24: RTT-Channel 0 - Message: hello world
2025-03-17-T22:57:24: RTT-Channel 0 - Message: hello world
2025-03-17-T22:57:24: RTT-Channel 0 - Message: hello world
2025-03-17-T22:57:25: RTT-Channel 0 - Message: hello world
2025-03-17-T22:57:25: RTT-Channel 0 - Message: hello world
2025-03-17-T22:57:25: RTT-Channel 0 - Message: hello world
2025-03-17-T22:57:26: RTT-Channel 0 - Message: hello world
2025-03-17-T22:57:26: RTT-Channel 0 - Message: hello world
2025-03-17-T22:57:26: RTT-Channel 0 - Message: hello world
2025-03-17-T22:57:27: RTT-Channel 0 - Message: hello world
2025-03-17-T22:57:27: RTT-Channel 0 - Message: hello world
2025-03-17-T22:57:27: RTT-Channel 0 - Message: hello world
2025-03-17-T22:57:27: RTT-Channel 0 - Message: hello world
2025-03-17-T22:57:28: RTT-Channel 0 - Message: hello world
2025-03-17-T22:57:28: RTT-Channel 0 - Message: hello world
2025-03-17-T22:57:28: RTT-Channel 0 - Message: hello world
2025-03-17-T22:57:29: RTT-Channel 0 - Message: hello world
2025-03-17-T22:57:29: RTT-Channel 0 - Message: hello world
2025-03-17-T22:57:29: RTT-Channel 0 - Message: hello world
2025-03-17-T22:57:30: RTT-Channel 0 - Message: hello world
2025-03-17-T22:57:30: RTT-Channel 0 - Message: hello world
2025-03-17-T22:57:30: RTT-Channel 0 - Message: hello world
2025-03-17-T22:57:30: RTT-Channel 0 - Message: hello world
2025-03-17-T22:57:31: RTT-Channel 0 - Message: hello world
2025-03-17-T22:57:31: RTT-Channel 0 - Message: hello world
2025-03-17-T22:57:31: RTT-Channel 0 - Message: hello world
2025-03-17-T22:57:32: RTT-Channel 0 - Message: hello world
2025-03-17-T22:57:32: RTT-Channel 0 - Message: hello world
2025-03-17-T22:57:32: RTT-Channel 0 - Message: hello world
2025-03-17-T22:57:33: RTT-Channel 0 - Message: hello world
2025-03-17-T22:57:33: RTT-Channel 0 - Message: hello world
2025-03-17-T22:57:33: RTT-Channel 0 - Message: hello world
2025-03-17-T22:57:33: RTT-Channel 0 - Message: hello world
2025-03-17-T22:57:34: RTT-Channel 0 - Message: hello world
2025-03-17-T22:57:34: RTT-Channel 0 - Message: hello world
2025-03-17-T22:57:34: RTT-Channel 0 - Message: hello world
2025-03-17-T22:57:35: RTT-Channel 0 - Message: hello world
2025-03-17-T22:57:35: RTT-Channel 0 - Message: hello world
2025-03-17-T22:57:35: RTT-Channel 0 - Message: hello world
2025-03-17-T22:57:36: RTT-Channel 0 - Message: hello world
2025-03-17-T22:57:36: RTT-Channel 0 - Message: hello world
2025-03-17-T22:57:36: RTT-Channel 0 - Message: hello world
2025-03-17-T22:57:36: RTT-Channel 0 - Message: hello world
2025-03-17-T22:57:37: RTT-Channel 0 - Message: hello world
2025-03-17-T22:57:37: RTT-Channel 0 - Message: hello world
2025-03-17-T22:57:37: RTT-Channel 0 - Message: hello world
2025-03-17-T22:57:38: RTT-Channel 0 - Message: hello world
2025-03-17-T22:57:38: RTT-Channel 0 - Message: hello world
2025-03-17-T22:57:38: RTT-Channel 0 - Message: hello world
2025-03-17-T22:57:39: RTT-Channel 0 - Message: hello world
2025-03-17-T22:57:39: RTT-Channel 0 - Message: hello world
2025-03-17-T22:57:39: RTT-Channel 0 - Message: hello world
2025-03-17-T22:57:39: RTT-Channel 0 - Message: hello world
2025-03-17-T22:57:40: RTT-Channel 0 - Message: hello world
2025-03-17-T22:57:40: RTT-Channel 0 - Message: hello world
2025-03-17-T22:57:40: RTT-Channel 0 - Message: hello world
2025-03-17-T22:57:41: RTT-Channel 0 - Message: hello world
2025-03-17-T22:57:41: RTT-Channel 0 - Message: hello world
2025-03-17-T22:57:41: RTT-Channel 0 - Message: hello world
2025-03-17-T22:57:42: RTT-Channel 0 - Message: hello world
2025-03-17-T22:57:42: RTT-Channel 0 - Message: hello world
2025-03-17-T22:57:42: RTT-Channel 0 - Message: hello world
2025-03-17-T22:57:42: RTT-Channel 0 - Message: hello world
2025-03-17-T22:57:43: RTT-Channel 0 - Message: hello world
2025-03-17-T22:57:43: RTT-Channel 0 - Message: hello world
2025-03-17-T22:57:43: RTT-Channel 0 - Message: hello world
2025-03-17-T22:57:44: RTT-Channel 0 - Message: hello world
2025-03-17-T22:57:44: RTT-Channel 0 - Message: hello world
2025-03-17-T22:57:44: RTT-Channel 0 - Message: hello world
2025-03-17-T22:57:45: RTT-Channel 0 - Message: hello world
2025-03-17-T22:57:45: RTT-Channel 0 - Message: hello world
2025-03-17-T22:57:45: RTT-Channel 0 - Message: hello world
2025-03-17-T22:57:45: RTT-Channel 0 - Message: hello world
2025-03-17-T22:57:46: RTT-Channel 0 - Message: hello world
2025-03-17-T22:57:46: RTT-Channel 0 - Message: hello world
2025-03-17-T22:57:46: RTT-Channel 0 - Message: hello world
2025-03-17-T22:57:47: RTT-Channel 0 - Message: hello world
2025-03-17-T22:57:47: RTT-Channel 0 - Message: hello world
2025-03-17-T22:57:47: RTT-Channel 0 - Message: hello world
2025-03-17-T22:57:48: RTT-Channel 0 - Message: hello world
2025-03-17-T22:57:48: RTT-Channel 0 - Message: hello world
2025-03-17-T22:57:48: RTT-Channel 0 - Message: hello world
2025-03-17-T22:57:48: RTT-Channel 0 - Message: hello world
2025-03-17-T22:57:49: RTT-Channel 0 - Message: hello world
2025-03-17-T22:57:49: RTT-Channel 0 - Message: hello world
2025-03-17-T22:57:49: RTT-Channel 0 - Message: hello world
2025-03-17-T22:57:50: RTT-Channel 0 - Message: hello world
2025-03-17-T22:57:50: RTT-Channel 0 - Message: hello world
2025-03-17-T22:57:50: RTT-Channel 0 - Message: hello world
2025-03-17-T22:57:50: RTT-Channel 0 - Message: hello world
2025-03-17-T22:57:51: RTT-Channel 0 - Message: hello world
2025-03-17-T22:57:51: RTT-Channel 0 - Message: hello world
2025-03-17-T22:57:51: RTT-Channel 0 - Message: hello world
2025-03-17-T22:57:52: RTT-Channel 0 - Message: hello world
2025-03-17-T22:57:52: RTT-Channel 0 - Message: hello world
2025-03-17-T22:57:52: RTT-Channel 0 - Message: hello world
2025-03-17-T22:57:53: RTT-Channel 0 - Message: hello world
2025-03-17-T22:57:53: RTT-Channel 0 - Message: hello world
2025-03-17-T22:57:53: RTT-Channel 0 - Message: hello world
2025-03-17-T22:57:53: RTT-Channel 0 - Message: hello world
2025-03-17-T22:57:54: RTT-Channel 0 - Message: hello world
2025-03-17-T22:57:54: RTT-Channel 0 - Message: hello world
2025-03-17-T22:57:54: RTT-Channel 0 - Message: hello world
2025-03-17-T22:57:55: RTT-Channel 0 - Message: hello world
2025-03-17-T22:57:55: RTT-Channel 0 - Message: hello world
2025-03-17-T22:57:55: RTT-Channel 0 - Message: hello world
2025-03-17-T22:57:56: RTT-Channel 0 - Message: hello world
2025-03-17-T22:57:56: RTT-Channel 0 - Message: hello world
2025-03-17-T22:57:56: RTT-Channel 0 - Message: hello world
2025-03-17-T22:57:56: RTT-Channel 0 - Message: hello world
2025-03-17-T22:57:57: RTT-Channel 0 - Message: hello world
2025-03-17-T22:57:57: RTT-Channel 0 - Message: hello world
2025-03-17-T22:57:57: RTT-Channel 0 - Message: hello world
2025-03-17-T22:57:58: RTT-Channel 0 - Message: hello world
2025-03-17-T22:57:58: RTT-Channel 0 - Message: hello world
2025-03-17-T22:57:58: RTT-Channel 0 - Message: hello world
2025-03-17-T22:57:59: RTT-Channel 0 - Message: hello world
2025-03-17-T22:57:59: RTT-Channel 0 - Message: hello world
2025-03-17-T22:57:59: RTT-Channel 0 - Message: hello world
2025-03-17-T22:57:59: RTT-Channel 0 - Message: hello world
2025-03-17-T22:58:00: RTT-Channel 0 - Message: hello world
2025-03-17-T22:58:00: RTT-Channel 0 - Message: hello world
2025-03-17-T22:58:00: RTT-Channel 0 - Message: hello world
2025-03-17-T22:58:01: RTT-Channel 0 - Message: hello world
2025-03-17-T22:58:01: RTT-Channel 0 - Message: hello world
2025-03-17-T22:58:01: RTT-Channel 0 - Message: hello world
2025-03-17-T22:58:02: RTT-Channel 0 - Message: hello world
2025-03-17-T22:58:02: RTT-Channel 0 - Message: hello world
2025-03-17-T22:58:02: RTT-Channel 0 - Message: hello world
2025-03-17-T22:58:02: RTT-Channel 0 - Message: hello world
2025-03-17-T22:58:03: RTT-Channel 0 - Message: hello world
2025-03-17-T22:58:03: RTT-Channel 0 - Message: hello world
2025-03-17-T22:58:03: RTT-Channel 0 - Message: hello world
2025-03-17-T22:58:04: RTT-Channel 0 - Message: hello world
2025-03-17-T22:58:04: RTT-Channel 0 - Message: hello world
2025-03-17-T22:58:04: RTT-Channel 0 - Message: hello world
2025-03-17-T22:58:05: RTT-Channel 0 - Message: hello world
2025-03-17-T22:58:05: RTT-Channel 0 - Message: hello world
2025-03-17-T22:58:05: RTT-Channel 0 - Message: hello world
2025-03-17-T22:58:05: RTT-Channel 0 - Message: hello world
2025-03-17-T22:58:06: RTT-Channel 0 - Message: hello world
2025-03-17-T22:58:06: RTT-Channel 0 - Message: hello world
2025-03-17-T22:58:06: RTT-Channel 0 - Message: hello world
2025-03-17-T22:58:07: RTT-Channel 0 - Message: hello world
2025-03-17-T22:58:07: RTT-Channel 0 - Message: hello world
2025-03-17-T22:58:07: RTT-Channel 0 - Message: hello world
2025-03-17-T22:58:08: RTT-Channel 0 - Message: hello world
2025-03-17-T22:58:08: RTT-Channel 0 - Message: hello world
2025-03-17-T22:58:08: RTT-Channel 0 - Message: hello world
2025-03-17-T22:58:08: RTT-Channel 0 - Message: hello world
2025-03-17-T22:58:09: RTT-Channel 0 - Message: hello world
2025-03-17-T22:58:09: RTT-Channel 0 - Message: hello world
2025-03-17-T22:58:09: RTT-Channel 0 - Message: hello world
2025-03-17-T22:58:10: RTT-Channel 0 - Message: hello world
2025-03-17-T22:58:10: RTT-Channel 0 - Message: hello world
2025-03-17-T22:58:10: RTT-Channel 0 - Message: hello world
2025-03-17-T22:58:11: RTT-Channel 0 - Message: hello world
2025-03-17-T22:58:11: RTT-Channel 0 - Message: hello world
2025-03-17-T22:58:11: RTT-Channel 0 - Message: hello world
2025-03-17-T22:58:11: RTT-Channel 0 - Message: hello world
2025-03-17-T22:58:12: RTT-Channel 0 - Message: hello world
2025-03-17-T22:58:12: RTT-Channel 0 - Message: hello world
2025-03-17-T22:58:12: RTT-Channel 0 - Message: hello world
2025-03-17-T22:58:13: RTT-Channel 0 - Message: hello world
2025-03-17-T22:58:13: RTT-Channel 0 - Message: hello world
2025-03-17-T22:58:13: RTT-Channel 0 - Message: hello world
2025-03-17-T22:58:14: RTT-Channel 0 - Message: hello world
2025-03-17-T22:58:14: RTT-Channel 0 - Message: hello world
2025-03-17-T22:58:14: RTT-Channel 0 - Message: hello world
2025-03-17-T22:58:14: RTT-Channel 0 - Message: hello world
2025-03-17-T22:58:15: RTT-Channel 0 - Message: hello world
2025-03-17-T22:58:15: RTT-Channel 0 - Message: hello world
2025-03-17-T22:58:15: RTT-Channel 0 - Message: hello world
2025-03-17-T22:58:16: RTT-Channel 0 - Message: hello world
2025-03-17-T22:58:16: RTT-Channel 0 - Message: hello world
2025-03-17-T22:58:16: RTT-Channel 0 - Message: hello world
2025-03-17-T22:58:17: RTT-Channel 0 - Message: hello world
2025-03-17-T22:58:17: RTT-Channel 0 - Message: hello world
2025-03-17-T22:58:17: RTT-Channel 0 - Message: hello world
2025-03-17-T22:58:17: RTT-Channel 0 - Message: hello world
2025-03-17-T22:58:18: RTT-Channel 0 - Message: hello world
2025-03-17-T22:58:18: RTT-Channel 0 - Message: hello world
2025-03-17-T22:58:18: RTT-Channel 0 - Message: hello world
2025-03-17-T22:58:19: RTT-Channel 0 - Message: hello world
2025-03-17-T22:58:19: RTT-Channel 0 - Message: hello world
2025-03-17-T22:58:19: RTT-Channel 0 - Message: hello world
2025-03-17-T22:58:20: RTT-Channel 0 - Message: hello world
2025-03-17-T22:58:20: RTT-Channel 0 - Message: hello world
2025-03-17-T22:58:20: RTT-Channel 0 - Message: hello world
2025-03-17-T22:58:20: RTT-Channel 0 - Message: hello world
2025-03-17-T22:58:21: RTT-Channel 0 - Message: hello world
2025-03-17-T22:58:21: RTT-Channel 0 - Message: hello world
2025-03-17-T22:58:21: RTT-Channel 0 - Message: hello world
2025-03-17-T22:58:22: RTT-Channel 0 - Message: hello world
2025-03-17-T22:58:22: RTT-Channel 0 - Message: hello world
2025-03-17-T22:58:22: RTT-Channel 0 - Message: hello world
2025-03-17-T22:58:23: RTT-Channel 0 - Message: hello world
2025-03-17-T22:58:23: RTT-Channel 0 - Message: hello world
2025-03-17-T22:58:23: RTT-Channel 0 - Message: hello world
2025-03-17-T22:58:23: RTT-Channel 0 - Message: hello world
2025-03-17-T22:58:24: RTT-Channel 0 - Message: hello world
2025-03-17-T22:58:24: RTT-Channel 0 - Message: hello world
2025-03-17-T22:58:24: RTT-Channel 0 - Message: hello world
2025-03-17-T22:58:25: RTT-Channel 0 - Message: hello world
2025-03-17-T22:58:25: RTT-Channel 0 - Message: hello world
2025-03-17-T22:58:25: RTT-Channel 0 - Message: hello world
2025-03-17-T22:58:26: RTT-Channel 0 - Message: hello world
2025-03-17-T22:58:26: RTT-Channel 0 - Message: hello world
2025-03-17-T22:58:26: RTT-Channel 0 - Message: hello world
2025-03-17-T22:58:26: RTT-Channel 0 - Message: hello world
2025-03-17-T22:58:27: RTT-Channel 0 - Message: hello world
2025-03-17-T22:58:27: RTT-Channel 0 - Message: hello world
2025-03-17-T22:58:27: RTT-Channel 0 - Message: hello world
2025-03-17-T22:58:28: RTT-Channel 0 - Message: hello world
2025-03-17-T22:58:28: RTT-Channel 0 - Message: hello world
2025-03-17-T22:58:28: RTT-Channel 0 - Message: hello world
2025-03-17-T22:58:29: RTT-Channel 0 - Message: hello world
2025-03-17-T22:58:29: RTT-Channel 0 - Message: hello world
2025-03-17-T22:58:29: RTT-Channel 0 - Message: hello world
2025-03-17-T22:58:29: RTT-Channel 0 - Message: hello world
2025-03-17-T22:58:30: RTT-Channel 0 - Message: hello world
2025-03-17-T22:58:30: RTT-Channel 0 - Message: hello world
2025-03-17-T22:58:30: RTT-Channel 0 - Message: hello world
2025-03-17-T22:58:31: RTT-Channel 0 - Message: hello world
2025-03-17-T22:58:31: RTT-Channel 0 - Message: hello world
2025-03-17-T22:58:31: RTT-Channel 0 - Message: hello world
2025-03-17-T22:58:32: RTT-Channel 0 - Message: hello world
2025-03-17-T22:58:32: RTT-Channel 0 - Message: hello world
2025-03-17-T22:58:32: RTT-Channel 0 - Message: hello world
2025-03-17-T22:58:32: RTT-Channel 0 - Message: hello world
2025-03-17-T22:58:33: RTT-Channel 0 - Message: hello world
2025-03-17-T22:58:33: RTT-Channel 0 - Message: hello world
2025-03-17-T22:58:33: RTT-Channel 0 - Message: hello world
2025-03-17-T22:58:34: RTT-Channel 0 - Message: hello world
2025-03-17-T22:58:34: RTT-Channel 0 - Message: hello world
2025-03-17-T22:58:34: RTT-Channel 0 - Message: hello world
2025-03-17-T22:58:35: RTT-Channel 0 - Message: hello world
2025-03-17-T22:58:35: RTT-Channel 0 - Message: hello world
2025-03-17-T22:58:35: RTT-Channel 0 - Message: hello world
2025-03-17-T22:58:35: RTT-Channel 0 - Message: hello world
2025-03-17-T22:58:36: RTT-Channel 0 - Message: hello world
2025-03-17-T22:58:36: RTT-Channel 0 - Message: hello world
2025-03-17-T22:58:36: RTT-Channel 0 - Message: hello world
2025-03-17-T22:58:37: RTT-Channel 0 - Message: hello world
2025-03-17-T22:58:37: RTT-Channel 0 - Message: hello world
2025-03-17-T22:58:37: RTT-Channel 0 - Message: hello world
2025-03-17-T22:58:38: RTT-Channel 0 - Message: hello world
2025-03-17-T22:58:38: RTT-Channel 0 - Message: hello world
2025-03-17-T22:58:38: RTT-Channel 0 - Message: hello world
2025-03-17-T22:58:38: RTT-Channel 0 - Message: hello world
2025-03-17-T22:58:39: RTT-Channel 0 - Message: hello world
2025-03-17-T22:58:39: RTT-Channel 0 - Message: hello world
2025-03-17-T22:58:39: RTT-Channel 0 - Message: hello world
2025-03-17-T22:58:40: RTT-Channel 0 - Message: hello world
2025-03-17-T22:58:40: RTT-Channel 0 - Message: hello world
2025-03-17-T22:58:40: RTT-Channel 0 - Message: hello world
2025-03-17-T22:58:40: RTT-Channel 0 - Message: hello world
2025-03-17-T22:58:41: RTT-Channel 0 - Message: hello world
2025-03-17-T22:58:41: RTT-Channel 0 - Message: hello world
2025-03-17-T22:58:41: RTT-Channel 0 - Message: hello world
2025-03-17-T23:06:06: RTT-Channel 0 - Message: hello world
hello world
hello world
hello world
hello world
hello world
hello world
hello world
hello world
hello world
hello world
hello world
hello world
hello world
hello world
hello world
hello world
hello world
hello world
hello world
hello world
hello world
hello world
hello world
hello world
hello world
hello world
hello world
hello world
hello world
hello world
hello world
hello world
hello world
hello world
hello world
hello world
hello world
hello world
hello world
hello world
hello world
hello world
hello world
hello world
hello world
hello world
hello world
hello world
hello world
hello world
hello world
hello world
hello world
hello world
hello world
hello world
hello world
hello world
hello world
hello world
hello world
hello world
hello world
hello world
hello world
hello world
hello world
hello world
hello world
hello world
hello world
hello world
hello world
hello world
hello world
hello world
hello world
hello world
hello world
hello world
hello world
hello world
hello world
hello world
hello world
hello world
hello world
hello world
hello world
hello world
hello world
hello world
hello world
hello world
hello world
hello world
hello world
hello world
hello world
hello world
hello world
hello world
hello world
hello world
hello world
hello world
hello world
hello world
hello world
hello world
hello world
hello world
hello world
hello world
hello world
hello world
hello world
hello world
hello world
hello world
hello world
hello world
hello world
hello world
hello world
hello world
hello world
hello world
hello world
hello world
hello world
hello world
hello world
hello world
hello world
hello world
hello world
hello world
hello world
hello world
hello world
hello world
hello world
hello world
hello world
hello world
hello world
hello world
hello world
hello world
hello world
hello world
hello world
hello world
hello world
hello world
hello world
hello world
hello world
hello world
hello world
hello world
hello world
hello world
hello world
hello world
hello world
hello world
hello world
hello world
hello world
hello world
hello world
hello world
hello world
hello world
hello world
hello world
hello world
hello world
hello world
hello world
hello world
hello world
hello world
hello world
hello world
hello world
hello world
hello world
hello world
hello world
hello world
hello world
hello world
hello world
hello world
hello world
hello world
hello world
hello world
hello world
hello world
hello world
hello world
hello world
hello world
hello world
hello world
hello world
hello world
hello world
hello world
hello world
hello world
hello world
hello world
hello world
hello world
hello world
hello world
hello world
hello world
hello world
hello world
hello world
hello world
hello world
hello world
hello world
hello world
hello world
hello world
hello world
hello world
hello world
hello world
hello world
hello world
hello world
hello world
hello world
hello world
hello world
hello world
hello world
hello world
hello world
hello world
hello world
hello world
hello world
hello world
hello world
hello world
hello world
hello world
hello world
hello world
hello world
hello world
hello world
hello world
hello world
hello world
hello world
hello world
hello world
hello world
hello world
hello world
hello world
hello world
hello world
hello world
hello world
hello world
hello world
hello world
hello world
hello world
hello world
hello world
hello world
hello world
hello world
hello world
hello world
hello world
hello world
hello world
hello world
hello world
hello world
hello world
hello world
hello world
hello world
hello world
hello world
hello world
hello world
hello world
hello world
hello world
hello world
hello world
hello world
hello world
hello world
hello world
hello world
hello world
hello world
hello world
hello world
hello world
hello world
hello world
hello world
hello world
hello world
hello world
hello world
hello world
hello world
hello world
hello world
hello world
hello world
hello world
hello world
hello world
hello world
hello world
hello world
hello world
hello world
hello world
hello world
2025-03-17-T23:06:07: RTT-Channel 0 - Message: hello world
2025-03-17-T23:06:07: RTT-Channel 0 - Message: hello world
2025-03-17-T23:06:07: RTT-Channel 0 - Message: hello world
2025-03-17-T23:06:08: RTT-Channel 0 - Message: hello world
2025-03-17-T23:06:08: RTT-Channel 0 - Message: hello world
2025-03-17-T23:06:08: RTT-Channel 0 - Message: hello world
2025-03-17-T23:06:09: RTT-Channel 0 - Message: hello world
2025-03-17-T23:06:09: RTT-Channel 0 - Message: hello world
2025-03-17-T23:06:09: RTT-Channel 0 - Message: hello world
2025-03-17-T23:06:10: RTT-Channel 0 - Message: hello world
2025-03-17-T23:06:10: RTT-Channel 0 - Message: hello world
2025-03-17-T23:06:11: RTT-Channel 0 - Message: hello world
2025-03-17-T23:06:11: RTT-Channel 0 - Message: hello world
2025-03-17-T23:06:11: RTT-Channel 0 - Message: hello world
2025-03-17-T23:06:12: RTT-Channel 0 - Message: hello world
2025-03-17-T23:06:12: RTT-Channel 0 - Message: hello world
2025-03-17-T23:06:12: RTT-Channel 0 - Message: hello world
2025-03-17-T23:06:13: RTT-Channel 0 - Message: hello world
2025-03-17-T23:06:13: RTT-Channel 0 - Message: hello world
2025-03-17-T23:06:13: RTT-Channel 0 - Message: hello world
2025-03-17-T23:06:14: RTT-Channel 0 - Message: hello world
2025-03-17-T23:06:14: RTT-Channel 0 - Message: hello world
2025-03-17-T23:06:15: RTT-Channel 0 - Message: hello world
2025-03-17-T23:06:15: RTT-Channel 0 - Message: hello world
2025-03-17-T23:06:15: RTT-Channel 0 - Message: hello world
2025-03-17-T23:06:16: RTT-Channel 0 - Message: hello world
2025-03-17-T23:06:16: RTT-Channel 0 - Message: hello world
2025-03-17-T23:06:16: RTT-Channel 0 - Message: hello world
2025-03-17-T23:06:17: RTT-Channel 0 - Message: hello world
2025-03-17-T23:06:17: RTT-Channel 0 - Message: hello world
2025-03-17-T23:06:17: RTT-Channel 0 - Message: hello world
2025-03-17-T23:06:18: RTT-Channel 0 - Message: hello world
2025-03-17-T23:06:18: RTT-Channel 0 - Message: hello world
2025-03-17-T23:06:19: RTT-Channel 0 - Message: hello world
2025-03-17-T23:06:19: RTT-Channel 0 - Message: hello world
2025-03-17-T23:06:19: RTT-Channel 0 - Message: hello world
2025-03-17-T23:06:20: RTT-Channel 0 - Message: hello world
2025-03-17-T23:06:20: RTT-Channel 0 - Message: hello world
2025-03-17-T23:06:20: RTT-Channel 0 - Message: hello world
2025-03-17-T23:06:21: RTT-Channel 0 - Message: hello world
2025-03-17-T23:06:21: RTT-Channel 0 - Message: hello world
2025-03-17-T23:06:21: RTT-Channel 0 - Message: hello world
2025-03-17-T23:06:22: RTT-Channel 0 - Message: hello world
2025-03-17-T23:06:22: RTT-Channel 0 - Message: hello world
2025-03-17-T23:06:23: RTT-Channel 0 - Message: hello world
2025-03-17-T23:06:23: RTT-Channel 0 - Message: hello world
2025-03-17-T23:06:23: RTT-Channel 0 - Message: hello world
2025-03-17-T23:06:24: RTT-Channel 0 - Message: hello world
2025-03-17-T23:06:24: RTT-Channel 0 - Message: hello world
2025-03-17-T23:06:24: RTT-Channel 0 - Message: hello world
2025-03-17-T23:06:25: RTT-Channel 0 - Message: hello world
2025-03-17-T23:06:25: RTT-Channel 0 - Message: hello world
2025-03-17-T23:06:26: RTT-Channel 0 - Message: hello world
2025-03-17-T23:06:26: RTT-Channel 0 - Message: hello world
2025-03-17-T23:06:26: RTT-Channel 0 - Message: hello world
2025-03-17-T23:06:27: RTT-Channel 0 - Message: hello world
2025-03-17-T23:06:27: RTT-Channel 0 - Message: hello world
2025-03-17-T23:06:27: RTT-Channel 0 - Message: hello world
2025-03-17-T23:06:28: RTT-Channel 0 - Message: hello world
2025-03-17-T23:06:28: RTT-Channel 0 - Message: hello world
2025-03-17-T23:06:28: RTT-Channel 0 - Message: hello world
2025-03-17-T23:06:29: RTT-Channel 0 - Message: hello world
2025-03-17-T23:06:29: RTT-Channel 0 - Message: hello world
2025-03-17-T23:06:29: RTT-Channel 0 - Message: hello world
2025-03-17-T23:06:30: RTT-Channel 0 - Message: hello world
2025-03-17-T23:06:30: RTT-Channel 0 - Message: hello world
2025-03-17-T23:06:31: RTT-Channel 0 - Message: hello world
2025-03-17-T23:06:31: RTT-Channel 0 - Message: hello world
2025-03-17-T23:06:31: RTT-Channel 0 - Message: hello world
2025-03-17-T23:06:32: RTT-Channel 0 - Message: hello world
2025-03-17-T23:06:32: RTT-Channel 0 - Message: hello world
2025-03-17-T23:06:32: RTT-Channel 0 - Message: hello world
2025-03-17-T23:06:33: RTT-Channel 0 - Message: hello world
2025-03-17-T23:06:33: RTT-Channel 0 - Message: hello world
2025-03-17-T23:06:33: RTT-Channel 0 - Message: hello world
2025-03-17-T23:06:34: RTT-Channel 0 - Message: hello world
2025-03-17-T23:06:34: RTT-Channel 0 - Message: hello world
2025-03-17-T23:06:35: RTT-Channel 0 - Message: hello world
2025-03-17-T23:06:35: RTT-Channel 0 - Message: hello world
2025-03-17-T23:06:35: RTT-Channel 0 - Message: hello world
2025-03-17-T23:06:36: RTT-Channel 0 - Message: hello world
2025-03-17-T23:06:36: RTT-Channel 0 - Message: hello world
2025-03-17-T23:06:36: RTT-Channel 0 - Message: hello world
2025-03-17-T23:06:37: RTT-Channel 0 - Message: hello world
2025-03-17-T23:06:37: RTT-Channel 0 - Message: hello world
2025-03-17-T23:06:38: RTT-Channel 0 - Message: hello world
2025-03-17-T23:06:38: RTT-Channel 0 - Message: hello world
2025-03-17-T23:06:38: RTT-Channel 0 - Message: hello world
2025-03-17-T23:06:39: RTT-Channel 0 - Message: hello world
2025-03-17-T23:06:39: RTT-Channel 0 - Message: hello world
2025-03-17-T23:06:39: RTT-Channel 0 - Message: hello world
2025-03-17-T23:06:40: RTT-Channel 0 - Message: hello world
2025-03-17-T23:06:40: RTT-Channel 0 - Message: hello world
2025-03-17-T23:06:40: RTT-Channel 0 - Message: hello world
2025-03-17-T23:06:41: RTT-Channel 0 - Message: hello world
2025-03-17-T23:06:41: RTT-Channel 0 - Message: hello world
2025-03-17-T23:06:41: RTT-Channel 0 - Message: hello world
2025-03-17-T23:06:42: RTT-Channel 0 - Message: hello world
2025-03-17-T23:06:42: RTT-Channel 0 - Message: hello world
2025-03-17-T23:06:43: RTT-Channel 0 - Message: hello world
2025-03-17-T23:06:43: RTT-Channel 0 - Message: hello world
2025-03-17-T23:06:43: RTT-Channel 0 - Message: hello world
2025-03-17-T23:06:44: RTT-Channel 0 - Message: hello world
2025-03-17-T23:06:44: RTT-Channel 0 - Message: hello world
2025-03-17-T23:06:44: RTT-Channel 0 - Message: hello world
2025-03-17-T23:06:45: RTT-Channel 0 - Message: hello world
2025-03-17-T23:06:45: RTT-Channel 0 - Message: hello world
2025-03-17-T23:06:45: RTT-Channel 0 - Message: hello world
2025-03-17-T23:06:46: RTT-Channel 0 - Message: hello world
2025-03-17-T23:06:46: RTT-Channel 0 - Message: hello world
2025-03-17-T23:06:47: RTT-Channel 0 - Message: hello world
2025-03-17-T23:06:47: RTT-Channel 0 - Message: hello world
2025-03-17-T23:06:47: RTT-Channel 0 - Message: hello world
2025-03-17-T23:06:48: RTT-Channel 0 - Message: hello world
2025-03-17-T23:06:48: RTT-Channel 0 - Message: hello world
2025-03-17-T23:06:48: RTT-Channel 0 - Message: hello world
2025-03-17-T23:06:49: RTT-Channel 0 - Message: hello world
2025-03-17-T23:06:49: RTT-Channel 0 - Message: hello world
2025-03-17-T23:06:50: RTT-Channel 0 - Message: hello world
2025-03-17-T23:06:50: RTT-Channel 0 - Message: hello world
2025-03-17-T23:06:50: RTT-Channel 0 - Message: hello world
2025-03-17-T23:06:51: RTT-Channel 0 - Message: hello world
2025-03-17-T23:06:51: RTT-Channel 0 - Message: hello world
2025-03-17-T23:06:51: RTT-Channel 0 - Message: hello world
2025-03-17-T23:06:52: RTT-Channel 0 - Message: hello world
2025-03-17-T23:06:52: RTT-Channel 0 - Message: hello world
2025-03-17-T23:06:52: RTT-Channel 0 - Message: hello world
2025-03-17-T23:06:53: RTT-Channel 0 - Message: hello world
2025-03-17-T23:06:53: RTT-Channel 0 - Message: hello world
2025-03-17-T23:06:54: RTT-Channel 0 - Message: hello world
2025-03-17-T23:06:54: RTT-Channel 0 - Message: hello world
2025-03-17-T23:06:54: RTT-Channel 0 - Message: hello world
2025-03-17-T23:06:55: RTT-Channel 0 - Message: hello world
2025-03-17-T23:06:55: RTT-Channel 0 - Message: hello world
2025-03-17-T23:06:55: RTT-Channel 0 - Message: hello world
2025-03-17-T23:06:56: RTT-Channel 0 - Message: hello world
2025-03-17-T23:06:56: RTT-Channel 0 - Message: hello world
2025-03-17-T23:06:56: RTT-Channel 0 - Message: hello world
2025-03-17-T23:06:57: RTT-Channel 0 - Message: hello world
2025-03-17-T23:06:57: RTT-Channel 0 - Message: hello world
2025-03-17-T23:06:58: RTT-Channel 0 - Message: hello world
2025-03-17-T23:06:58: RTT-Channel 0 - Message: hello world
2025-03-17-T23:06:58: RTT-Channel 0 - Message: hello world
2025-03-17-T23:06:59: RTT-Channel 0 - Message: hello world
2025-03-17-T23:06:59: RTT-Channel 0 - Message: hello world
2025-03-17-T23:06:59: RTT-Channel 0 - Message: hello world
2025-03-17-T23:07:00: RTT-Channel 0 - Message: hello world
2025-03-17-T23:07:00: RTT-Channel 0 - Message: hello world
2025-03-17-T23:07:00: RTT-Channel 0 - Message: hello world
2025-03-17-T23:07:01: RTT-Channel 0 - Message: hello world
2025-03-17-T23:07:01: RTT-Channel 0 - Message: hello world
2025-03-17-T23:07:02: RTT-Channel 0 - Message: hello world
2025-03-17-T23:07:02: RTT-Channel 0 - Message: hello world
2025-03-17-T23:07:02: RTT-Channel 0 - Message: hello world
2025-03-17-T23:07:03: RTT-Channel 0 - Message: hello world
2025-03-17-T23:07:03: RTT-Channel 0 - Message: hello world
2025-03-17-T23:07:03: RTT-Channel 0 - Message: hello world
2025-03-17-T23:07:04: RTT-Channel 0 - Message: hello world
2025-03-17-T23:07:04: RTT-Channel 0 - Message: hello world
2025-03-17-T23:07:04: RTT-Channel 0 - Message: hello world
2025-03-17-T23:07:05: RTT-Channel 0 - Message: hello world
2025-03-17-T23:07:05: RTT-Channel 0 - Message: hello world
2025-03-17-T23:07:06: RTT-Channel 0 - Message: hello world
2025-03-17-T23:07:06: RTT-Channel 0 - Message: hello world
2025-03-17-T23:07:06: RTT-Channel 0 - Message: hello world
2025-03-17-T23:07:07: RTT-Channel 0 - Message: hello world
2025-03-17-T23:07:07: RTT-Channel 0 - Message: hello world
2025-03-17-T23:07:07: RTT-Channel 0 - Message: hello world
2025-03-17-T23:07:08: RTT-Channel 0 - Message: hello world
2025-03-17-T23:07:08: RTT-Channel 0 - Message: hello world
2025-03-17-T23:07:08: RTT-Channel 0 - Message: hello world
2025-03-17-T23:07:09: RTT-Channel 0 - Message: hello world
2025-03-17-T23:07:09: RTT-Channel 0 - Message: hello world
2025-03-17-T23:07:10: RTT-Channel 0 - Message: hello world
2025-03-17-T23:07:10: RTT-Channel 0 - Message: hello world
2025-03-17-T23:07:10: RTT-Channel 0 - Message: hello world
2025-03-17-T23:07:11: RTT-Channel 0 - Message: hello world
2025-03-17-T23:07:11: RTT-Channel 0 - Message: hello world
2025-03-17-T23:07:11: RTT-Channel 0 - Message: hello world
2025-03-17-T23:07:12: RTT-Channel 0 - Message: hello world
2025-03-17-T23:07:12: RTT-Channel 0 - Message: hello world
2025-03-17-T23:07:12: RTT-Channel 0 - Message: hello world
2025-03-17-T23:07:13: RTT-Channel 0 - Message: hello world
2025-03-17-T23:07:13: RTT-Channel 0 - Message: hello world
2025-03-17-T23:07:14: RTT-Channel 0 - Message: hello world
2025-03-17-T23:07:14: RTT-Channel 0 - Message: hello world
2025-03-17-T23:07:14: RTT-Channel 0 - Message: hello world
2025-03-17-T23:07:15: RTT-Channel 0 - Message: hello world
2025-03-17-T23:07:15: RTT-Channel 0 - Message: hello world
2025-03-17-T23:07:15: RTT-Channel 0 - Message: hello world
2025-03-17-T23:07:16: RTT-Channel 0 - Message: hello world
2025-03-17-T23:07:16: RTT-Channel 0 - Message: hello world
2025-03-17-T23:07:16: RTT-Channel 0 - Message: hello world
2025-03-17-T23:07:17: RTT-Channel 0 - Message: hello world
2025-03-17-T23:07:17: RTT-Channel 0 - Message: hello world
2025-03-17-T23:07:18: RTT-Channel 0 - Message: hello world
2025-03-17-T23:07:18: RTT-Channel 0 - Message: hello world
2025-03-17-T23:07:18: RTT-Channel 0 - Message: hello world
2025-03-17-T23:07:19: RTT-Channel 0 - Message: hello world
2025-03-17-T23:07:19: RTT-Channel 0 - Message: hello world
2025-03-17-T23:07:19: RTT-Channel 0 - Message: hello world
2025-03-17-T23:07:20: RTT-Channel 0 - Message: hello world
2025-03-17-T23:07:20: RTT-Channel 0 - Message: hello world
2025-03-17-T23:07:20: RTT-Channel 0 - Message: hello world
2025-03-17-T23:07:21: RTT-Channel 0 - Message: hello world
2025-03-17-T23:07:21: RTT-Channel 0 - Message: hello world
2025-03-17-T23:07:22: RTT-Channel 0 - Message: hello world
2025-03-17-T23:07:22: RTT-Channel 0 - Message: hello world
2025-03-17-T23:07:22: RTT-Channel 0 - Message: hello world
2025-03-17-T23:07:23: RTT-Channel 0 - Message: hello world
2025-03-17-T23:07:23: RTT-Channel 0 - Message: hello world
2025-03-17-T23:07:23: RTT-Channel 0 - Message: hello world
2025-03-17-T23:07:24: RTT-Channel 0 - Message: hello world
2025-03-17-T23:07:24: RTT-Channel 0 - Message: hello world
2025-03-17-T23:07:24: RTT-Channel 0 - Message: hello world
2025-03-17-T23:07:25: RTT-Channel 0 - Message: hello world
2025-03-17-T23:07:25: RTT-Channel 0 - Message: hello world
2025-03-17-T23:07:26: RTT-Channel 0 - Message: hello world
2025-03-17-T23:07:26: RTT-Channel 0 - Message: hello world
2025-03-17-T23:07:26: RTT-Channel 0 - Message: hello world
2025-03-17-T23:07:27: RTT-Channel 0 - Message: hello world
2025-03-17-T23:07:27: RTT-Channel 0 - Message: hello world
2025-03-17-T23:07:27: RTT-Channel 0 - Message: hello world
2025-03-17-T23:07:28: RTT-Channel 0 - Message: hello world
2025-03-17-T23:07:28: RTT-Channel 0 - Message: hello world
2025-03-17-T23:07:29: RTT-Channel 0 - Message: hello world
2025-03-17-T23:07:29: RTT-Channel 0 - Message: hello world
2025-03-17-T23:07:29: RTT-Channel 0 - Message: hello world
2025-03-17-T23:07:30: RTT-Channel 0 - Message: hello world
2025-03-17-T23:07:30: RTT-Channel 0 - Message: hello world
2025-03-17-T23:07:30: RTT-Channel 0 - Message: hello world
2025-03-17-T23:07:31: RTT-Channel 0 - Message: hello world
2025-03-17-T23:07:31: RTT-Channel 0 - Message: hello world
2025-03-17-T23:07:31: RTT-Channel 0 - Message: hello world
2025-03-17-T23:07:32: RTT-Channel 0 - Message: hello world
2025-03-17-T23:07:32: RTT-Channel 0 - Message: hello world
2025-03-17-T23:07:32: RTT-Channel 0 - Message: hello world
2025-03-17-T23:07:33: RTT-Channel 0 - Message: hello world
2025-03-17-T23:07:33: RTT-Channel 0 - Message: hello world
2025-03-17-T23:07:34: RTT-Channel 0 - Message: hello world
2025-03-17-T23:07:34: RTT-Channel 0 - Message: hello world
2025-03-17-T23:07:34: RTT-Channel 0 - Message: hello world
2025-03-17-T23:07:35: RTT-Channel 0 - Message: hello world
2025-03-17-T23:07:35: RTT-Channel 0 - Message: hello world
2025-03-17-T23:07:35: RTT-Channel 0 - Message: hello world
2025-03-17-T23:07:36: RTT-Channel 0 - Message: hello world
2025-03-17-T23:07:36: RTT-Channel 0 - Message: hello world
2025-03-17-T23:07:36: RTT-Channel 0 - Message: hello world
2025-03-17-T23:07:37: RTT-Channel 0 - Message: hello world
2025-03-17-T23:07:37: RTT-Channel 0 - Message: hello world
2025-03-17-T23:07:38: RTT-Channel 0 - Message: hello world
2025-03-17-T23:07:38: RTT-Channel 0 - Message: hello world
2025-03-17-T23:07:38: RTT-Channel 0 - Message: hello world
2025-03-17-T23:07:39: RTT-Channel 0 - Message: hello world
2025-03-17-T23:07:39: RTT-Channel 0 - Message: hello world
2025-03-17-T23:07:39: RTT-Channel 0 - Message: hello world
2025-03-17-T23:07:40: RTT-Channel 0 - Message: hello world
2025-03-17-T23:07:40: RTT-Channel 0 - Message: hello world
2025-03-17-T23:07:41: RTT-Channel 0 - Message: hello world
2025-03-17-T23:07:41: RTT-Channel 0 - Message: hello world
2025-03-17-T23:07:41: RTT-Channel 0 - Message: hello world
2025-03-17-T23:07:42: RTT-Channel 0 - Message: hello world
2025-03-17-T23:07:42: RTT-Channel 0 - Message: hello world
2025-03-17-T23:07:42: RTT-Channel 0 - Message: hello world
2025-03-17-T23:07:43: RTT-Channel 0 - Message: hello world
2025-03-17-T23:07:43: RTT-Channel 0 - Message: hello world
2025-03-17-T23:07:43: RTT-Channel 0 - Message: hello world
2025-03-17-T23:07:44: RTT-Channel 0 - Message: hello world
2025-03-17-T23:07:44: RTT-Channel 0 - Message: hello world
2025-03-17-T23:07:45: RTT-Channel 0 - Message: hello world
2025-03-17-T23:07:45: RTT-Channel 0 - Message: hello world
2025-03-17-T23:07:45: RTT-Channel 0 - Message: hello world
2025-03-17-T23:07:46: RTT-Channel 0 - Message: hello world
2025-03-17-T23:07:46: RTT-Channel 0 - Message: hello world
2025-03-17-T23:07:46: RTT-Channel 0 - Message: hello world
2025-03-17-T23:07:47: RTT-Channel 0 - Message: hello world
2025-03-17-T23:07:47: RTT-Channel 0 - Message: hello world
2025-03-17-T23:07:47: RTT-Channel 0 - Message: hello world
2025-03-17-T23:07:48: RTT-Channel 0 - Message: hello world
2025-03-17-T23:07:48: RTT-Channel 0 - Message: hello world
2025-03-17-T23:07:48: RTT-Channel 0 - Message: hello world
2025-03-17-T23:07:49: RTT-Channel 0 - Message: hello world
2025-03-17-T23:07:49: RTT-Channel 0 - Message: hello world
2025-03-17-T23:07:50: RTT-Channel 0 - Message: hello world
2025-03-17-T23:07:50: RTT-Channel 0 - Message: hello world
2025-03-17-T23:07:50: RTT-Channel 0 - Message: hello world
2025-03-17-T23:07:51: RTT-Channel 0 - Message: hello world
2025-03-17-T23:07:51: RTT-Channel 0 - Message: hello world
2025-03-17-T23:07:51: RTT-Channel 0 - Message: hello world
2025-03-17-T23:07:52: RTT-Channel 0 - Message: hello world
2025-03-17-T23:07:52: RTT-Channel 0 - Message: hello world
2025-03-17-T23:07:53: RTT-Channel 0 - Message: hello world
2025-03-17-T23:07:53: RTT-Channel 0 - Message: hello world
2025-03-17-T23:07:53: RTT-Channel 0 - Message: hello world
2025-03-17-T23:07:54: RTT-Channel 0 - Message: hello world
2025-03-17-T23:07:54: RTT-Channel 0 - Message: hello world
2025-03-17-T23:07:54: RTT-Channel 0 - Message: hello world
2025-03-17-T23:07:55: RTT-Channel 0 - Message: hello world
2025-03-17-T23:07:55: RTT-Channel 0 - Message: hello world
2025-03-17-T23:07:55: RTT-Channel 0 - Message: hello world
2025-03-17-T23:07:56: RTT-Channel 0 - Message: hello world
2025-03-17-T23:07:56: RTT-Channel 0 - Message: hello world
2025-03-17-T23:07:57: RTT-Channel 0 - Message: hello world
2025-03-17-T23:07:57: RTT-Channel 0 - Message: hello world
2025-03-17-T23:07:57: RTT-Channel 0 - Message: hello world
2025-03-17-T23:07:58: RTT-Channel 0 - Message: hello world
2025-03-17-T23:07:58: RTT-Channel 0 - Message: hello world
2025-03-17-T23:07:58: RTT-Channel 0 - Message: hello world
2025-03-17-T23:07:59: RTT-Channel 0 - Message: hello world
2025-03-17-T23:07:59: RTT-Channel 0 - Message: hello world
2025-03-17-T23:07:59: RTT-Channel 0 - Message: hello world
2025-03-17-T23:08:00: RTT-Channel 0 - Message: hello world
2025-03-17-T23:08:00: RTT-Channel 0 - Message: hello world
2025-03-17-T23:08:01: RTT-Channel 0 - Message: hello world
2025-03-17-T23:08:01: RTT-Channel 0 - Message: hello world
2025-03-17-T23:08:01: RTT-Channel 0 - Message: hello world
2025-03-17-T23:08:02: RTT-Channel 0 - Message: hello world
2025-03-17-T23:08:02: RTT-Channel 0 - Message: hello world
2025-03-17-T23:08:02: RTT-Channel 0 - Message: hello world
2025-03-17-T23:08:03: RTT-Channel 0 - Message: hello world
2025-03-17-T23:08:03: RTT-Channel 0 - Message: hello world
2025-03-17-T23:08:03: RTT-Channel 0 - Message: hello world
2025-03-17-T23:08:04: RTT-Channel 0 - Message: hello world
2025-03-17-T23:08:04: RTT-Channel 0 - Message: hello world
2025-03-17-T23:08:05: RTT-Channel 0 - Message: hello world
2025-03-17-T23:08:05: RTT-Channel 0 - Message: hello world
2025-03-17-T23:08:05: RTT-Channel 0 - Message: hello world
2025-03-17-T23:08:06: RTT-Channel 0 - Message: hello world
2025-03-17-T23:08:06: RTT-Channel 0 - Message: hello world
2025-03-17-T23:08:06: RTT-Channel 0 - Message: hello world
2025-03-17-T23:08:07: RTT-Channel 0 - Message: hello world
2025-03-17-T23:08:07: RTT-Channel 0 - Message: hello world
2025-03-17-T23:08:08: RTT-Channel 0 - Message: hello world
2025-03-17-T23:08:08: RTT-Channel 0 - Message: hello world
2025-03-17-T23:08:08: RTT-Channel 0 - Message: hello world
2025-03-17-T23:08:09: RTT-Channel 0 - Message: hello world
2025-03-17-T23:08:09: RTT-Channel 0 - Message: hello world
2025-03-17-T23:08:09: RTT-Channel 0 - Message: hello world
2025-03-17-T23:08:10: RTT-Channel 0 - Message: hello world
2025-03-17-T23:08:10: RTT-Channel 0 - Message: hello world
2025-03-17-T23:08:10: RTT-Channel 0 - Message: hello world
2025-03-17-T23:08:11: RTT-Channel 0 - Message: hello world
2025-03-17-T23:08:11: RTT-Channel 0 - Message: hello world
2025-03-17-T23:08:11: RTT-Channel 0 - Message: hello world
2025-03-17-T23:08:12: RTT-Channel 0 - Message: hello world
2025-03-17-T23:08:12: RTT-Channel 0 - Message: hello world
2025-03-17-T23:08:13: RTT-Channel 0 - Message: hello world
2025-03-17-T23:08:13: RTT-Channel 0 - Message: hello world
2025-03-17-T23:08:13: RTT-Channel 0 - Message: hello world
2025-03-17-T23:08:14: RTT-Channel 0 - Message: hello world
2025-03-17-T23:08:14: RTT-Channel 0 - Message: hello world
2025-03-17-T23:08:14: RTT-Channel 0 - Message: hello world
2025-03-17-T23:08:15: RTT-Channel 0 - Message: hello world
2025-03-17-T23:08:15: RTT-Channel 0 - Message: hello world
2025-03-17-T23:08:15: RTT-Channel 0 - Message: hello world
2025-03-17-T23:08:16: RTT-Channel 0 - Message: hello world
2025-03-17-T23:08:16: RTT-Channel 0 - Message: hello world
2025-03-17-T23:08:17: RTT-Channel 0 - Message: hello world
2025-03-17-T23:08:17: RTT-Channel 0 - Message: hello world
2025-03-17-T23:08:17: RTT-Channel 0 - Message: hello world
2025-03-17-T23:08:18: RTT-Channel 0 - Message: hello world
2025-03-17-T23:08:18: RTT-Channel 0 - Message: hello world
2025-03-17-T23:08:18: RTT-Channel 0 - Message: hello world
2025-03-17-T23:08:19: RTT-Channel 0 - Message: hello world
2025-03-17-T23:08:19: RTT-Channel 0 - Message: hello world
2025-03-17-T23:08:20: RTT-Channel 0 - Message: hello world
2025-03-17-T23:08:20: RTT-Channel 0 - Message: hello world
2025-03-17-T23:08:20: RTT-Channel 0 - Message: hello world
2025-03-17-T23:08:21: RTT-Channel 0 - Message: hello world
2025-03-17-T23:08:21: RTT-Channel 0 - Message: hello world
2025-03-17-T23:08:21: RTT-Channel 0 - Message: hello world
2025-03-17-T23:08:22: RTT-Channel 0 - Message: hello world
2025-03-17-T23:08:22: RTT-Channel 0 - Message: hello world
2025-03-17-T23:08:22: RTT-Channel 0 - Message: hello world
2025-03-17-T23:08:23: RTT-Channel 0 - Message: hello world
2025-03-17-T23:08:23: RTT-Channel 0 - Message: hello world
2025-03-17-T23:08:24: RTT-Channel 0 - Message: hello world
2025-03-17-T23:08:24: RTT-Channel 0 - Message: hello world
2025-03-17-T23:08:24: RTT-Channel 0 - Message: hello world
2025-03-17-T23:08:25: RTT-Channel 0 - Message: hello world
2025-03-17-T23:08:25: RTT-Channel 0 - Message: hello world
2025-03-17-T23:08:25: RTT-Channel 0 - Message: hello world
2025-03-17-T23:08:26: RTT-Channel 0 - Message: hello world
2025-03-17-T23:08:26: RTT-Channel 0 - Message: hello world
2025-03-17-T23:08:26: RTT-Channel 0 - Message: hello world
2025-03-17-T23:08:27: RTT-Channel 0 - Message: hello world
2025-03-17-T23:08:27: RTT-Channel 0 - Message: hello world
2025-03-17-T23:08:28: RTT-Channel 0 - Message: hello world
2025-03-17-T23:08:28: RTT-Channel 0 - Message: hello world
2025-03-17-T23:08:28: RTT-Channel 0 - Message: hello world
2025-03-17-T23:08:29: RTT-Channel 0 - Message: hello world
2025-03-17-T23:08:29: RTT-Channel 0 - Message: hello world
2025-03-17-T23:08:29: RTT-Channel 0 - Message: hello world
2025-03-17-T23:08:30: RTT-Channel 0 - Message: hello world
2025-03-17-T23:08:30: RTT-Channel 0 - Message: hello world
2025-03-17-T23:08:30: RTT-Channel 0 - Message: hello world
2025-03-17-T23:08:31: RTT-Channel 0 - Message: hello world
2025-03-17-T23:08:31: RTT-Channel 0 - Message: hello world
2025-03-17-T23:08:32: RTT-Channel 0 - Message: hello world
2025-03-17-T23:08:32: RTT-Channel 0 - Message: hello world
2025-03-17-T23:08:32: RTT-Channel 0 - Message: hello world
2025-03-17-T23:08:33: RTT-Channel 0 - Message: hello world
2025-03-17-T23:08:33: RTT-Channel 0 - Message: hello world
2025-03-17-T23:08:33: RTT-Channel 0 - Message: hello world
2025-03-17-T23:08:34: RTT-Channel 0 - Message: hello world
2025-03-17-T23:08:34: RTT-Channel 0 - Message: hello world
2025-03-17-T23:08:34: RTT-Channel 0 - Message: hello world
2025-03-17-T23:08:35: RTT-Channel 0 - Message: hello world
2025-03-17-T23:08:35: RTT-Channel 0 - Message: hello world
2025-03-17-T23:08:36: RTT-Channel 0 - Message: hello world
2025-03-17-T23:08:36: RTT-Channel 0 - Message: hello world
2025-03-17-T23:08:36: RTT-Channel 0 - Message: hello world
2025-03-17-T23:08:37: RTT-Channel 0 - Message: hello world
2025-03-17-T23:08:37: RTT-Channel 0 - Message: hello world
2025-03-17-T23:08:37: RTT-Channel 0 - Message: hello world
2025-03-17-T23:08:38: RTT-Channel 0 - Message: hello world
2025-03-17-T23:08:38: RTT-Channel 0 - Message: hello world
2025-03-17-T23:08:38: RTT-Channel 0 - Message: hello world
2025-03-17-T23:08:39: RTT-Channel 0 - Message: hello world
2025-03-17-T23:08:39: RTT-Channel 0 - Message: hello world
2025-03-17-T23:08:39: RTT-Channel 0 - Message: hello world
2025-03-17-T23:08:40: RTT-Channel 0 - Message: hello world
2025-03-17-T23:08:40: RTT-Channel 0 - Message: hello world
2025-03-17-T23:08:41: RTT-Channel 0 - Message: hello world
2025-03-17-T23:08:41: RTT-Channel 0 - Message: hello world
2025-03-17-T23:08:41: RTT-Channel 0 - Message: hello world
2025-03-17-T23:08:42: RTT-Channel 0 - Message: hello world
2025-03-17-T23:08:42: RTT-Channel 0 - Message: hello world
2025-03-17-T23:08:42: RTT-Channel 0 - Message: hello world
2025-03-17-T23:08:43: RTT-Channel 0 - Message: hello world
2025-03-17-T23:08:43: RTT-Channel 0 - Message: hello world
2025-03-17-T23:08:43: RTT-Channel 0 - Message: hello world
2025-03-17-T23:08:44: RTT-Channel 0 - Message: hello world
2025-03-17-T23:08:44: RTT-Channel 0 - Message: hello world
2025-03-17-T23:08:45: RTT-Channel 0 - Message: hello world
2025-03-17-T23:08:45: RTT-Channel 0 - Message: hello world
2025-03-17-T23:08:45: RTT-Channel 0 - Message: hello world
2025-03-17-T23:08:46: RTT-Channel 0 - Message: hello world
2025-03-17-T23:08:46: RTT-Channel 0 - Message: hello world
2025-03-17-T23:08:46: RTT-Channel 0 - Message: hello world
2025-03-17-T23:08:47: RTT-Channel 0 - Message: hello world
2025-03-17-T23:08:47: RTT-Channel 0 - Message: hello world
2025-03-17-T23:08:48: RTT-Channel 0 - Message: hello world
2025-03-17-T23:08:48: RTT-Channel 0 - Message: hello world
2025-03-17-T23:08:48: RTT-Channel 0 - Message: hello world
2025-03-17-T23:08:49: RTT-Channel 0 - Message: hello world
2025-03-17-T23:08:49: RTT-Channel 0 - Message: hello world
2025-03-17-T23:08:49: RTT-Channel 0 - Message: hello world
2025-03-17-T23:08:50: RTT-Channel 0 - Message: hello world
2025-03-17-T23:08:50: RTT-Channel 0 - Message: hello world
2025-03-17-T23:08:50: RTT-Channel 0 - Message: hello world
2025-03-17-T23:08:51: RTT-Channel 0 - Message: hello world
2025-03-17-T23:08:51: RTT-Channel 0 - Message: hello world
2025-03-17-T23:08:52: RTT-Channel 0 - Message: hello world
2025-03-17-T23:08:52: RTT-Channel 0 - Message: hello world
2025-03-17-T23:08:52: RTT-Channel 0 - Message: hello world
2025-03-17-T23:08:53: RTT-Channel 0 - Message: hello world
2025-03-17-T23:08:53: RTT-Channel 0 - Message: hello world
2025-03-17-T23:08:53: RTT-Channel 0 - Message: hello world
2025-03-17-T23:08:54: RTT-Channel 0 - Message: hello world
2025-03-17-T23:08:54: RTT-Channel 0 - Message: hello world
2025-03-17-T23:08:54: RTT-Channel 0 - Message: hello world
2025-03-17-T23:08:55: RTT-Channel 0 - Message: hello world
2025-03-17-T23:08:55: RTT-Channel 0 - Message: hello world
2025-03-17-T23:08:56: RTT-Channel 0 - Message: hello world
2025-03-17-T23:08:56: RTT-Channel 0 - Message: 2025-03-17-T23:08:56: RTT-Channel 0 - Message: 2025-03-17-T23:08:56: RTT-Channel 0 - Message: hello world
2025-03-17-T23:08:57: RTT-Channel 0 - Message: hello world
2025-03-17-T23:08:57: RTT-Channel 0 - Message: hello world
2025-03-17-T23:08:57: RTT-Channel 0 - Message: hello world
2025-03-17-T23:08:58: RTT-Channel 0 - Message: hello world
2025-03-17-T23:08:58: RTT-Channel 0 - Message: hello world
2025-03-17-T23:08:58: RTT-Channel 0 - Message: hello world
2025-03-17-T23:08:59: RTT-Channel 0 - Message: hello world
2025-03-17-T23:08:59: RTT-Channel 0 - Message: hello world
2025-03-17-T23:09:00: RTT-Channel 0 - Message: hello world
2025-03-17-T23:09:00: RTT-Channel 0 - Message: hello world
2025-03-17-T23:09:00: RTT-Channel 0 - Message: hello world
2025-03-17-T23:09:01: RTT-Channel 0 - Message: hello world
2025-03-17-T23:09:01: RTT-Channel 0 - Message: hello world
2025-03-17-T23:09:01: RTT-Channel 0 - Message: hello world
2025-03-17-T23:09:02: RTT-Channel 0 - Message: hello world
2025-03-17-T23:09:02: RTT-Channel 0 - Message: hello world
2025-03-17-T23:09:02: RTT-Channel 0 - Message: hello world
2025-03-17-T23:09:03: RTT-Channel 0 - Message: hello world
2025-03-17-T23:09:03: RTT-Channel 0 - Message: hello world
2025-03-17-T23:09:04: RTT-Channel 0 - Message: hello world
2025-03-17-T23:09:04: RTT-Channel 0 - Message: hello world
2025-03-17-T23:09:04: RTT-Channel 0 - Message: hello world
2025-03-17-T23:09:05: RTT-Channel 0 - Message: hello world
2025-03-17-T23:09:05: RTT-Channel 0 - Message: hello world
2025-03-17-T23:09:05: RTT-Channel 0 - Message: hello world
2025-03-17-T23:09:06: RTT-Channel 0 - Message: hello world
2025-03-17-T23:09:06: RTT-Channel 0 - Message: hello world
2025-03-17-T23:09:06: RTT-Channel 0 - Message: hello world
2025-03-17-T23:09:07: RTT-Channel 0 - Message: hello world
2025-03-17-T23:09:07: RTT-Channel 0 - Message: hello world
2025-03-17-T23:09:08: RTT-Channel 0 - Message: hello world
2025-03-17-T23:09:08: RTT-Channel 0 - Message: hello world
2025-03-17-T23:09:08: RTT-Channel 0 - Message: hello world
2025-03-17-T23:09:09: RTT-Channel 0 - Message: hello world
2025-03-17-T23:09:09: RTT-Channel 0 - Message: hello world
2025-03-17-T23:09:09: RTT-Channel 0 - Message: hello world
2025-03-17-T23:09:10: RTT-Channel 0 - Message: hello world
2025-03-17-T23:09:10: RTT-Channel 0 - Message: hello world
2025-03-17-T23:09:11: RTT-Channel 0 - Message: hello world
2025-03-17-T23:09:11: RTT-Channel 0 - Message: hello world
2025-03-17-T23:09:11: RTT-Channel 0 - Message: hello world
2025-03-17-T23:09:12: RTT-Channel 0 - Message: hello world
2025-03-17-T23:09:12: RTT-Channel 0 - Message: hello world
2025-03-17-T23:09:12: RTT-Channel 0 - Message: hello world
2025-03-17-T23:09:13: RTT-Channel 0 - Message: hello world
2025-03-17-T23:09:13: RTT-Channel 0 - Message: hello world
2025-03-17-T23:09:13: RTT-Channel 0 - Message: hello world
2025-03-17-T23:09:14: RTT-Channel 0 - Message: hello world
2025-03-17-T23:09:14: RTT-Channel 0 - Message: hello world
2025-03-17-T23:09:14: RTT-Channel 0 - Message: hello world
2025-03-17-T23:09:15: RTT-Channel 0 - Message: hello world
2025-03-17-T23:09:15: RTT-Channel 0 - Message: hello world
2025-03-17-T23:09:16: RTT-Channel 0 - Message: hello world
2025-03-17-T23:09:16: RTT-Channel 0 - Message: hello world
2025-03-17-T23:09:16: RTT-Channel 0 - Message: hello world
2025-03-17-T23:09:17: RTT-Channel 0 - Message: hello world
2025-03-17-T23:09:17: RTT-Channel 0 - Message: hello world
2025-03-17-T23:09:17: RTT-Channel 0 - Message: hello world
2025-03-17-T23:09:18: RTT-Channel 0 - Message: hello world
2025-03-17-T23:09:18: RTT-Channel 0 - Message: hello world
2025-03-17-T23:09:18: RTT-Channel 0 - Message: hello world
2025-03-17-T23:09:19: RTT-Channel 0 - Message: hello world
2025-03-17-T23:09:19: RTT-Channel 0 - Message: hello world
2025-03-17-T23:09:20: RTT-Channel 0 - Message: hello world
2025-03-17-T23:09:20: RTT-Channel 0 - Message: hello world
2025-03-17-T23:09:20: RTT-Channel 0 - Message: hello world
2025-03-17-T23:09:21: RTT-Channel 0 - Message: hello world
2025-03-17-T23:09:21: RTT-Channel 0 - Message: hello world
2025-03-17-T23:09:21: RTT-Channel 0 - Message: hello world
2025-03-17-T23:09:22: RTT-Channel 0 - Message: hello world
2025-03-17-T23:09:22: RTT-Channel 0 - Message: hello world
2025-03-17-T23:09:23: RTT-Channel 0 - Message: hello world
2025-03-17-T23:09:23: RTT-Channel 0 - Message: hello world
2025-03-17-T23:09:23: RTT-Channel 0 - Message: hello world
2025-03-17-T23:09:24: RTT-Channel 0 - Message: hello world
2025-03-17-T23:09:24: RTT-Channel 0 - Message: hello world
2025-03-17-T23:09:24: RTT-Channel 0 - Message: hello world
2025-03-17-T23:09:25: RTT-Channel 0 - Message: hello world
2025-03-17-T23:09:25: RTT-Channel 0 - Message: hello world
2025-03-17-T23:09:25: RTT-Channel 0 - Message: hello world
2025-03-17-T23:09:26: RTT-Channel 0 - Message: hello world
2025-03-17-T23:09:26: RTT-Channel 0 - Message: hello world
2025-03-17-T23:09:26: RTT-Channel 0 - Message: hello world
2025-03-17-T23:09:27: RTT-Channel 0 - Message: hello world
2025-03-17-T23:09:27: RTT-Channel 0 - Message: hello world
2025-03-17-T23:09:28: RTT-Channel 0 - Message: hello world
2025-03-17-T23:09:28: RTT-Channel 0 - Message: hello world
2025-03-17-T23:09:28: RTT-Channel 0 - Message: hello world
2025-03-17-T23:09:29: RTT-Channel 0 - Message: hello world
2025-03-17-T23:09:29: RTT-Channel 0 - Message: hello world
2025-03-17-T23:09:29: RTT-Channel 0 - Message: hello world
2025-03-17-T23:09:30: RTT-Channel 0 - Message: hello world
2025-03-17-T23:09:30: RTT-Channel 0 - Message: hello world
2025-03-17-T23:09:30: RTT-Channel 0 - Message: hello world
2025-03-17-T23:09:31: RTT-Channel 0 - Message: hello world
2025-03-17-T23:09:31: RTT-Channel 0 - Message: hello world
2025-03-17-T23:09:32: RTT-Channel 0 - Message: hello world
2025-03-17-T23:09:32: RTT-Channel 0 - Message: hello world
2025-03-17-T23:09:32: RTT-Channel 0 - Message: hello world
2025-03-17-T23:09:33: RTT-Channel 0 - Message: hello world
2025-03-17-T23:09:33: RTT-Channel 0 - Message: hello world
2025-03-17-T23:09:33: RTT-Channel 0 - Message: hello world
2025-03-17-T23:09:34: RTT-Channel 0 - Message: hello world
2025-03-17-T23:09:34: RTT-Channel 0 - Message: hello world
2025-03-17-T23:09:34: RTT-Channel 0 - Message: hello world
2025-03-17-T23:09:35: RTT-Channel 0 - Message: hello world
2025-03-17-T23:09:35: RTT-Channel 0 - Message: hello world
2025-03-17-T23:09:36: RTT-Channel 0 - Message: hello world
2025-03-17-T23:09:36: RTT-Channel 0 - Message: hello world
2025-03-17-T23:09:36: RTT-Channel 0 - Message: hello world
2025-03-17-T23:09:37: RTT-Channel 0 - Message: hello world
2025-03-17-T23:09:37: RTT-Channel 0 - Message: hello world
2025-03-17-T23:09:37: RTT-Channel 0 - Message: hello world
2025-03-17-T23:09:38: RTT-Channel 0 - Message: hello world
2025-03-17-T23:09:38: RTT-Channel 0 - Message: hello world
2025-03-17-T23:09:39: RTT-Channel 0 - Message: hello world
2025-03-17-T23:09:39: RTT-Channel 0 - Message: hello world
2025-03-17-T23:09:39: RTT-Channel 0 - Message: hello world
2025-03-17-T23:09:40: RTT-Channel 0 - Message: hello world
2025-03-17-T23:09:40: RTT-Channel 0 - Message: hello world
2025-03-17-T23:09:40: RTT-Channel 0 - Message: hello world
2025-03-17-T23:09:41: RTT-Channel 0 - Message: hello world
2025-03-17-T23:09:41: RTT-Channel 0 - Message: hello world
2025-03-17-T23:09:41: RTT-Channel 0 - Message: hello world
2025-03-17-T23:09:42: RTT-Channel 0 - Message: hello world
2025-03-17-T23:09:42: RTT-Channel 0 - Message: hello world
2025-03-17-T23:09:42: RTT-Channel 0 - Message: hello world
2025-03-17-T23:09:43: RTT-Channel 0 - Message: hello world
2025-03-17-T23:09:43: RTT-Channel 0 - Message: hello world
2025-03-17-T23:09:44: RTT-Channel 0 - Message: hello world
2025-03-17-T23:09:44: RTT-Channel 0 - Message: hello world
2025-03-17-T23:09:44: RTT-Channel 0 - Message: hello world
2025-03-17-T23:09:45: RTT-Channel 0 - Message: hello world
2025-03-17-T23:09:45: RTT-Channel 0 - Message: hello world
2025-03-17-T23:09:45: RTT-Channel 0 - Message: hello world
2025-03-17-T23:09:46: RTT-Channel 0 - Message: hello world
2025-03-17-T23:09:46: RTT-Channel 0 - Message: hello world
2025-03-17-T23:09:47: RTT-Channel 0 - Message: hello world
2025-03-17-T23:09:47: RTT-Channel 0 - Message: hello world
2025-03-17-T23:09:47: RTT-Channel 0 - Message: hello world
2025-03-17-T23:09:48: RTT-Channel 0 - Message: hello world
2025-03-17-T23:09:48: RTT-Channel 0 - Message: hello world
2025-03-17-T23:09:48: RTT-Channel 0 - Message: hello world
2025-03-17-T23:09:49: RTT-Channel 0 - Message: hello world
2025-03-17-T23:09:49: RTT-Channel 0 - Message: hello world
2025-03-17-T23:09:49: RTT-Channel 0 - Message: hello world
2025-03-17-T23:09:50: RTT-Channel 0 - Message: hello world
2025-03-17-T23:09:50: RTT-Channel 0 - Message: hello world
2025-03-17-T23:09:51: RTT-Channel 0 - Message: hello world
2025-03-17-T23:09:51: RTT-Channel 0 - Message: hello world
2025-03-17-T23:09:51: RTT-Channel 0 - Message: hello world
2025-03-17-T23:09:52: RTT-Channel 0 - Message: hello world
2025-03-17-T23:09:52: RTT-Channel 0 - Message: hello world
2025-03-17-T23:09:52: RTT-Channel 0 - Message: hello world
2025-03-17-T23:09:53: RTT-Channel 0 - Message: hello world
2025-03-17-T23:09:53: RTT-Channel 0 - Message: hello world
2025-03-17-T23:09:53: RTT-Channel 0 - Message: hello world
2025-03-17-T23:09:54: RTT-Channel 0 - Message: hello world
2025-03-17-T23:09:54: RTT-Channel 0 - Message: hello world
2025-03-17-T23:09:55: RTT-Channel 0 - Message: hello world
2025-03-17-T23:09:55: RTT-Channel 0 - Message: hello world
2025-03-17-T23:09:55: RTT-Channel 0 - Message: hello world
2025-03-17-T23:09:56: RTT-Channel 0 - Message: hello world
2025-03-17-T23:09:56: RTT-Channel 0 - Message: hello world
2025-03-17-T23:09:56: RTT-Channel 0 - Message: hello world
2025-03-17-T23:09:57: RTT-Channel 0 - Message: hello world
2025-03-17-T23:09:57: RTT-Channel 0 - Message: hello world
2025-03-17-T23:09:57: RTT-Channel 0 - Message: hello world
2025-03-17-T23:09:58: RTT-Channel 0 - Message: hello world
2025-03-17-T23:09:58: RTT-Channel 0 - Message: hello world
2025-03-17-T23:09:59: RTT-Channel 0 - Message: hello world
2025-03-17-T23:09:59: RTT-Channel 0 - Message: hello world
2025-03-17-T23:09:59: RTT-Channel 0 - Message: hello world
2025-03-17-T23:10:00: RTT-Channel 0 - Message: hello world
2025-03-17-T23:10:00: RTT-Channel 0 - Message: hello world
2025-03-17-T23:10:00: RTT-Channel 0 - Message: hello world
2025-03-17-T23:10:01: RTT-Channel 0 - Message: hello world
2025-03-17-T23:10:01: RTT-Channel 0 - Message: hello world
2025-03-17-T23:10:01: RTT-Channel 0 - Message: hello world
2025-03-17-T23:10:02: RTT-Channel 0 - Message: hello world
2025-03-17-T23:10:02: RTT-Channel 0 - Message: hello world
2025-03-17-T23:10:03: RTT-Channel 0 - Message: hello world
2025-03-17-T23:10:03: RTT-Channel 0 - Message: hello world
2025-03-17-T23:10:03: RTT-Channel 0 - Message: hello world
2025-03-17-T23:10:04: RTT-Channel 0 - Message: hello world
2025-03-17-T23:10:04: RTT-Channel 0 - Message: hello world
2025-03-17-T23:10:04: RTT-Channel 0 - Message: hello world
2025-03-17-T23:10:05: RTT-Channel 0 - Message: hello world
2025-03-17-T23:10:05: RTT-Channel 0 - Message: hello world
2025-03-17-T23:10:05: RTT-Channel 0 - Message: hello world
2025-03-17-T23:10:06: RTT-Channel 0 - Message: hello world
2025-03-17-T23:10:06: RTT-Channel 0 - Message: hello world
2025-03-17-T23:10:07: RTT-Channel 0 - Message: hello world
2025-03-17-T23:10:07: RTT-Channel 0 - Message: hello world
2025-03-17-T23:10:07: RTT-Channel 0 - Message: hello world
2025-03-17-T23:10:08: RTT-Channel 0 - Message: hello world
2025-03-17-T23:10:08: RTT-Channel 0 - Message: hello world
2025-03-17-T23:10:08: RTT-Channel 0 - Message: hello world
2025-03-17-T23:10:09: RTT-Channel 0 - Message: hello world
2025-03-17-T23:10:09: RTT-Channel 0 - Message: hello world
2025-03-17-T23:10:09: RTT-Channel 0 - Message: hello world
2025-03-17-T23:10:10: RTT-Channel 0 - Message: hello world
2025-03-17-T23:10:10: RTT-Channel 0 - Message: hello world
2025-03-17-T23:10:11: RTT-Channel 0 - Message: hello world
2025-03-17-T23:10:11: RTT-Channel 0 - Message: hello world
2025-03-17-T23:10:11: RTT-Channel 0 - Message: hello world
2025-03-17-T23:10:12: RTT-Channel 0 - Message: hello world
2025-03-17-T23:10:12: RTT-Channel 0 - Message: hello world
2025-03-17-T23:10:12: RTT-Channel 0 - Message: hello world
2025-03-17-T23:10:13: RTT-Channel 0 - Message: hello world
2025-03-17-T23:10:13: RTT-Channel 0 - Message: hello world
2025-03-17-T23:10:14: RTT-Channel 0 - Message: hello world
2025-03-17-T23:10:14: RTT-Channel 0 - Message: hello world
2025-03-17-T23:10:14: RTT-Channel 0 - Message: hello world
2025-03-17-T23:10:15: RTT-Channel 0 - Message: hello world
2025-03-17-T23:10:15: RTT-Channel 0 - Message: hello world
2025-03-17-T23:10:15: RTT-Channel 0 - Message: hello world
2025-03-17-T23:10:16: RTT-Channel 0 - Message: hello world
2025-03-17-T23:10:16: RTT-Channel 0 - Message: hello world
2025-03-17-T23:10:16: RTT-Channel 0 - Message: hello world
2025-03-17-T23:10:17: RTT-Channel 0 - Message: hello world
2025-03-17-T23:10:17: RTT-Channel 0 - Message: hello world
2025-03-17-T23:10:17: RTT-Channel 0 - Message: hello world
2025-03-17-T23:10:18: RTT-Channel 0 - Message: hello world
2025-03-17-T23:10:18: RTT-Channel 0 - Message: hello world
2025-03-17-T23:10:19: RTT-Channel 0 - Message: hello world
2025-03-17-T23:10:19: RTT-Channel 0 - Message: hello world
2025-03-17-T23:10:19: RTT-Channel 0 - Message: hello world
2025-03-17-T23:10:20: RTT-Channel 0 - Message: hello world
2025-03-17-T23:10:20: RTT-Channel 0 - Message: hello world
2025-03-17-T23:10:20: RTT-Channel 0 - Message: hello world
2025-03-17-T23:10:21: RTT-Channel 0 - Message: hello world
2025-03-17-T23:10:21: RTT-Channel 0 - Message: hello world
2025-03-17-T23:10:21: RTT-Channel 0 - Message: hello world
2025-03-17-T23:10:22: RTT-Channel 0 - Message: hello world
2025-03-17-T23:10:22: RTT-Channel 0 - Message: hello world
2025-03-17-T23:10:23: RTT-Channel 0 - Message: hello world
2025-03-17-T23:10:23: RTT-Channel 0 - Message: hello world
2025-03-17-T23:10:23: RTT-Channel 0 - Message: hello world
2025-03-17-T23:10:24: RTT-Channel 0 - Message: hello world
2025-03-17-T23:10:24: RTT-Channel 0 - Message: hello world
2025-03-17-T23:10:24: RTT-Channel 0 - Message: hello world
2025-03-17-T23:10:25: RTT-Channel 0 - Message: hello world
2025-03-17-T23:10:25: RTT-Channel 0 - Message: hello world
2025-03-17-T23:10:26: RTT-Channel 0 - Message: hello world
2025-03-17-T23:10:26: RTT-Channel 0 - Message: hello world
2025-03-17-T23:10:26: RTT-Channel 0 - Message: hello world
2025-03-17-T23:10:27: RTT-Channel 0 - Message: hello world
2025-03-17-T23:10:27: RTT-Channel 0 - Message: hello world
2025-03-17-T23:10:27: RTT-Channel 0 - Message: hello world
2025-03-17-T23:10:28: RTT-Channel 0 - Message: hello world
2025-03-17-T23:10:28: RTT-Channel 0 - Message: hello world
2025-03-17-T23:10:28: RTT-Channel 0 - Message: hello world
2025-03-17-T23:10:29: RTT-Channel 0 - Message: hello world
2025-03-17-T23:10:29: RTT-Channel 0 - Message: hello world
2025-03-17-T23:10:30: RTT-Channel 0 - Message: hello world
2025-03-17-T23:10:30: RTT-Channel 0 - Message: hello world
2025-03-17-T23:10:30: RTT-Channel 0 - Message: hello world
2025-03-17-T23:10:31: RTT-Channel 0 - Message: hello world
2025-03-17-T23:10:31: RTT-Channel 0 - Message: hello world
2025-03-17-T23:10:31: RTT-Channel 0 - Message: hello world
2025-03-17-T23:10:32: RTT-Channel 0 - Message: hello world
2025-03-17-T23:10:32: RTT-Channel 0 - Message: hello world
2025-03-17-T23:10:32: RTT-Channel 0 - Message: hello world
2025-03-17-T23:10:33: RTT-Channel 0 - Message: hello world
2025-03-17-T23:10:33: RTT-Channel 0 - Message: hello world
2025-03-17-T23:10:33: RTT-Channel 0 - Message: hello world
2025-03-17-T23:10:34: RTT-Channel 0 - Message: hello world
2025-03-17-T23:10:34: RTT-Channel 0 - Message: hello world
2025-03-17-T23:10:35: RTT-Channel 0 - Message: hello world
2025-03-17-T23:10:35: RTT-Channel 0 - Message: hello world
2025-03-17-T23:10:35: RTT-Channel 0 - Message: hello world
2025-03-17-T23:10:36: RTT-Channel 0 - Message: hello world
2025-03-17-T23:10:36: RTT-Channel 0 - Message: hello world
2025-03-17-T23:10:36: RTT-Channel 0 - Message: hello world
2025-03-17-T23:10:37: RTT-Channel 0 - Message: hello world
2025-03-17-T23:10:37: RTT-Channel 0 - Message: hello world
2025-03-17-T23:10:38: RTT-Channel 0 - Message: hello world
2025-03-17-T23:10:38: RTT-Channel 0 - Message: hello world
2025-03-17-T23:10:38: RTT-Channel 0 - Message: hello world
2025-03-17-T23:10:39: RTT-Channel 0 - Message: hello world
2025-03-17-T23:10:39: RTT-Channel 0 - Message: hello world
2025-03-17-T23:10:39: RTT-Channel 0 - Message: hello world
2025-03-17-T23:10:40: RTT-Channel 0 - Message: hello world
2025-03-17-T23:10:40: RTT-Channel 0 - Message: hello world
2025-03-17-T23:10:40: RTT-Channel 0 - Message: hello world
2025-03-17-T23:10:41: RTT-Channel 0 - Message: hello world
2025-03-17-T23:10:41: RTT-Channel 0 - Message: hello world
2025-03-17-T23:10:42: RTT-Channel 0 - Message: hello world
2025-03-17-T23:10:42: RTT-Channel 0 - Message: hello world
2025-03-17-T23:10:42: RTT-Channel 0 - Message: hello world
2025-03-17-T23:10:43: RTT-Channel 0 - Message: hello world
2025-03-17-T23:10:43: RTT-Channel 0 - Message: hello world
2025-03-17-T23:10:43: RTT-Channel 0 - Message: hello world
2025-03-17-T23:10:44: RTT-Channel 0 - Message: hello world
2025-03-17-T23:10:44: RTT-Channel 0 - Message: hello world
2025-03-17-T23:10:44: RTT-Channel 0 - Message: hello world
2025-03-17-T23:10:45: RTT-Channel 0 - Message: hello world
2025-03-17-T23:10:45: RTT-Channel 0 - Message: hello world
2025-03-17-T23:10:45: RTT-Channel 0 - Message: hello world
2025-03-17-T23:10:46: RTT-Channel 0 - Message: hello world
2025-03-17-T23:10:46: RTT-Channel 0 - Message: hello world
2025-03-17-T23:10:47: RTT-Channel 0 - Message: hello world
2025-03-17-T23:10:47: RTT-Channel 0 - Message: hello world
2025-03-17-T23:10:47: RTT-Channel 0 - Message: hello world
2025-03-17-T23:10:48: RTT-Channel 0 - Message: hello world
2025-03-17-T23:10:48: RTT-Channel 0 - Message: hello world
2025-03-17-T23:10:48: RTT-Channel 0 - Message: hello world
2025-03-17-T23:10:49: RTT-Channel 0 - Message: hello world
2025-03-17-T23:10:49: RTT-Channel 0 - Message: hello world
2025-03-17-T23:10:50: RTT-Channel 0 - Message: hello world
2025-03-17-T23:10:50: RTT-Channel 0 - Message: hello world
2025-03-17-T23:10:50: RTT-Channel 0 - Message: hello world
2025-03-17-T23:10:51: RTT-Channel 0 - Message: hello world
2025-03-17-T23:10:51: RTT-Channel 0 - Message: hello world
2025-03-17-T23:10:51: RTT-Channel 0 - Message: hello world
2025-03-17-T23:10:52: RTT-Channel 0 - Message: hello world
2025-03-17-T23:10:52: RTT-Channel 0 - Message: hello world
2025-03-17-T23:10:52: RTT-Channel 0 - Message: hello world
2025-03-17-T23:10:53: RTT-Channel 0 - Message: hello world
2025-03-17-T23:10:53: RTT-Channel 0 - Message: hello world
2025-03-17-T23:10:54: RTT-Channel 0 - Message: hello world
2025-03-17-T23:10:54: RTT-Channel 0 - Message: hello world
2025-03-17-T23:10:54: RTT-Channel 0 - Message: hello world
2025-03-17-T23:10:55: RTT-Channel 0 - Message: hello world
2025-03-17-T23:10:55: RTT-Channel 0 - Message: hello world
2025-03-17-T23:10:55: RTT-Channel 0 - Message: hello world
2025-03-17-T23:10:56: RTT-Channel 0 - Message: hello world
2025-03-17-T23:10:56: RTT-Channel 0 - Message: hello world
2025-03-17-T23:10:56: RTT-Channel 0 - Message: hello world
2025-03-17-T23:10:57: RTT-Channel 0 - Message: hello world
2025-03-17-T23:10:57: RTT-Channel 0 - Message: hello world
2025-03-17-T23:10:57: RTT-Channel 0 - Message: hello world
2025-03-17-T23:10:58: RTT-Channel 0 - Message: hello world
2025-03-17-T23:10:58: RTT-Channel 0 - Message: hello world
2025-03-17-T23:10:59: RTT-Channel 0 - Message: hello world
2025-03-17-T23:10:59: RTT-Channel 0 - Message: hello world
2025-03-17-T23:10:59: RTT-Channel 0 - Message: hello world
2025-03-17-T23:11:00: RTT-Channel 0 - Message: hello world
2025-03-17-T23:11:00: RTT-Channel 0 - Message: hello world
2025-03-17-T23:11:00: RTT-Channel 0 - Message: hello world
2025-03-17-T23:11:01: RTT-Channel 0 - Message: hello world
2025-03-17-T23:11:01: RTT-Channel 0 - Message: hello world
2025-03-17-T23:11:01: RTT-Channel 0 - Message: hello world
2025-03-17-T23:11:02: RTT-Channel 0 - Message: hello world
2025-03-17-T23:11:02: RTT-Channel 0 - Message: hello world
2025-03-17-T23:11:03: RTT-Channel 0 - Message: hello world
2025-03-17-T23:11:03: RTT-Channel 0 - Message: hello world
2025-03-17-T23:11:03: RTT-Channel 0 - Message: hello world
2025-03-17-T23:11:04: RTT-Channel 0 - Message: hello world
2025-03-17-T23:11:04: RTT-Channel 0 - Message: hello world
2025-03-17-T23:11:05: RTT-Channel 0 - Message: hello world
2025-03-17-T23:11:05: RTT-Channel 0 - Message: hello world
2025-03-17-T23:11:05: RTT-Channel 0 - Message: hello world
2025-03-17-T23:11:05: RTT-Channel 0 - Message: hello world
2025-03-17-T23:11:06: RTT-Channel 0 - Message: hello world
2025-03-17-T23:11:06: RTT-Channel 0 - Message: hello world
2025-03-17-T23:11:07: RTT-Channel 0 - Message: hello world
2025-03-17-T23:11:07: RTT-Channel 0 - Message: hello world
2025-03-17-T23:11:07: RTT-Channel 0 - Message: hello world
2025-03-17-T23:11:08: RTT-Channel 0 - Message: hello world
2025-03-17-T23:11:08: RTT-Channel 0 - Message: hello world
2025-03-17-T23:11:08: RTT-Channel 0 - Message: hello world
2025-03-17-T23:11:09: RTT-Channel 0 - Message: hello world
2025-03-17-T23:11:09: RTT-Channel 0 - Message: hello world
2025-03-17-T23:11:10: RTT-Channel 0 - Message: hello world
2025-03-17-T23:11:10: RTT-Channel 0 - Message: hello world
2025-03-17-T23:11:10: RTT-Channel 0 - Message: hello world
2025-03-17-T23:11:11: RTT-Channel 0 - Message: hello world
2025-03-17-T23:11:11: RTT-Channel 0 - Message: hello world
2025-03-17-T23:11:11: RTT-Channel 0 - Message: hello world
2025-03-17-T23:11:12: RTT-Channel 0 - Message: hello world
2025-03-17-T23:11:12: RTT-Channel 0 - Message: hello world
2025-03-17-T23:11:12: RTT-Channel 0 - Message: hello world
2025-03-17-T23:11:13: RTT-Channel 0 - Message: hello world
2025-03-17-T23:11:13: RTT-Channel 0 - Message: hello world
2025-03-17-T23:11:13: RTT-Channel 0 - Message: hello world
2025-03-17-T23:11:14: RTT-Channel 0 - Message: hello world
2025-03-17-T23:11:14: RTT-Channel 0 - Message: hello world
2025-03-17-T23:11:15: RTT-Channel 0 - Message: hello world
2025-03-17-T23:11:15: RTT-Channel 0 - Message: hello world
2025-03-17-T23:11:15: RTT-Channel 0 - Message: hello world
2025-03-17-T23:11:16: RTT-Channel 0 - Message: hello world
2025-03-17-T23:11:16: RTT-Channel 0 - Message: hello world
2025-03-17-T23:11:17: RTT-Channel 0 - Message: hello world
2025-03-17-T23:11:17: RTT-Channel 0 - Message: hello world
2025-03-17-T23:11:17: RTT-Channel 0 - Message: hello world
2025-03-17-T23:11:18: RTT-Channel 0 - Message: hello world
2025-03-17-T23:11:18: RTT-Channel 0 - Message: hello world
2025-03-17-T23:11:18: RTT-Channel 0 - Message: hello world
2025-03-17-T23:11:19: RTT-Channel 0 - Message: hello world
2025-03-17-T23:11:19: RTT-Channel 0 - Message: hello world
2025-03-17-T23:11:19: RTT-Channel 0 - Message: hello world
2025-03-17-T23:11:20: RTT-Channel 0 - Message: hello world
2025-03-17-T23:11:20: RTT-Channel 0 - Message: hello world
2025-03-17-T23:11:20: RTT-Channel 0 - Message: hello world
2025-03-17-T23:11:21: RTT-Channel 0 - Message: hello world
2025-03-17-T23:11:21: RTT-Channel 0 - Message: hello world
2025-03-17-T23:11:22: RTT-Channel 0 - Message: hello world
2025-03-17-T23:11:22: RTT-Channel 0 - Message: hello world
2025-03-17-T23:11:22: RTT-Channel 0 - Message: hello world
2025-03-17-T23:11:23: RTT-Channel 0 - Message: hello world
2025-03-17-T23:11:23: RTT-Channel 0 - Message: hello world
2025-03-17-T23:11:23: RTT-Channel 0 - Message: hello world
2025-03-17-T23:11:24: RTT-Channel 0 - Message: hello world
2025-03-17-T23:11:24: RTT-Channel 0 - Message: hello world
2025-03-17-T23:11:24: RTT-Channel 0 - Message: hello world
2025-03-17-T23:11:25: RTT-Channel 0 - Message: hello world
2025-03-17-T23:11:25: RTT-Channel 0 - Message: hello world
2025-03-17-T23:11:25: RTT-Channel 0 - Message: hello world
2025-03-17-T23:11:26: RTT-Channel 0 - Message: hello world
2025-03-17-T23:11:26: RTT-Channel 0 - Message: hello world
2025-03-17-T23:11:27: RTT-Channel 0 - Message: hello world
2025-03-17-T23:11:27: RTT-Channel 0 - Message: hello world
2025-03-17-T23:11:27: RTT-Channel 0 - Message: hello world
2025-03-17-T23:11:28: RTT-Channel 0 - Message: hello world
2025-03-17-T23:11:28: RTT-Channel 0 - Message: hello world
2025-03-17-T23:11:29: RTT-Channel 0 - Message: hello world
2025-03-17-T23:11:29: RTT-Channel 0 - Message: hello world
2025-03-17-T23:11:29: RTT-Channel 0 - Message: hello world
2025-03-17-T23:11:30: RTT-Channel 0 - Message: hello world
2025-03-17-T23:11:30: RTT-Channel 0 - Message: hello world
2025-03-17-T23:11:30: RTT-Channel 0 - Message: hello world
2025-03-17-T23:11:31: RTT-Channel 0 - Message: hello world
2025-03-17-T23:11:31: RTT-Channel 0 - Message: hello world
2025-03-17-T23:11:31: RTT-Channel 0 - Message: hello world
2025-03-17-T23:11:32: RTT-Channel 0 - Message: hello world
2025-03-17-T23:11:32: RTT-Channel 0 - Message: hello world
2025-03-17-T23:11:33: RTT-Channel 0 - Message: hello world
2025-03-17-T23:11:33: RTT-Channel 0 - Message: hello world
2025-03-17-T23:11:33: RTT-Channel 0 - Message: hello world
2025-03-17-T23:11:34: RTT-Channel 0 - Message: hello world
2025-03-17-T23:11:34: RTT-Channel 0 - Message: hello world
2025-03-17-T23:11:34: RTT-Channel 0 - Message: hello world
2025-03-17-T23:11:35: RTT-Channel 0 - Message: hello world
2025-03-17-T23:11:35: RTT-Channel 0 - Message: hello world
2025-03-17-T23:11:35: RTT-Channel 0 - Message: hello world
2025-03-17-T23:11:36: RTT-Channel 0 - Message: hello world
2025-03-17-T23:11:36: RTT-Channel 0 - Message: hello world
2025-03-17-T23:11:36: RTT-Channel 0 - Message: hello world
2025-03-17-T23:11:37: RTT-Channel 0 - Message: hello world
2025-03-17-T23:11:37: RTT-Channel 0 - Message: hello world
2025-03-17-T23:11:38: RTT-Channel 0 - Message: hello world
2025-03-17-T23:11:38: RTT-Channel 0 - Message: hello world
2025-03-17-T23:11:38: RTT-Channel 0 - Message: hello world
2025-03-17-T23:11:39: RTT-Channel 0 - Message: hello world
2025-03-17-T23:11:39: RTT-Channel 0 - Message: hello world
2025-03-17-T23:11:39: RTT-Channel 0 - Message: hello world
2025-03-17-T23:11:40: RTT-Channel 0 - Message: hello world
2025-03-17-T23:11:40: RTT-Channel 0 - Message: hello world
2025-03-17-T23:11:40: RTT-Channel 0 - Message: hello world
2025-03-17-T23:11:41: RTT-Channel 0 - Message: hello world
2025-03-17-T23:11:41: RTT-Channel 0 - Message: hello world
2025-03-17-T23:11:42: RTT-Channel 0 - Message: hello world
2025-03-17-T23:11:42: RTT-Channel 0 - Message: hello world
2025-03-17-T23:11:42: RTT-Channel 0 - Message: hello world
2025-03-17-T23:11:43: RTT-Channel 0 - Message: hello world
2025-03-17-T23:11:43: RTT-Channel 0 - Message: hello world
2025-03-17-T23:11:43: RTT-Channel 0 - Message: hello world
2025-03-17-T23:11:44: RTT-Channel 0 - Message: hello world
2025-03-17-T23:11:44: RTT-Channel 0 - Message: hello world
2025-03-17-T23:11:45: RTT-Channel 0 - Message: hello world
2025-03-17-T23:11:45: RTT-Channel 0 - Message: hello world
2025-03-17-T23:11:45: RTT-Channel 0 - Message: hello world
2025-03-17-T23:11:46: RTT-Channel 0 - Message: hello world
2025-03-17-T23:11:46: RTT-Channel 0 - Message: hello world
2025-03-17-T23:11:46: RTT-Channel 0 - Message: hello world
2025-03-17-T23:11:47: RTT-Channel 0 - Message: hello world
2025-03-17-T23:11:47: RTT-Channel 0 - Message: hello world
2025-03-17-T23:11:47: RTT-Channel 0 - Message: hello world
2025-03-17-T23:11:48: RTT-Channel 0 - Message: hello world
2025-03-17-T23:11:48: RTT-Channel 0 - Message: hello world
2025-03-17-T23:11:48: RTT-Channel 0 - Message: hello world
2025-03-17-T23:11:49: RTT-Channel 0 - Message: hello world
2025-03-17-T23:11:49: RTT-Channel 0 - Message: hello world
2025-03-17-T23:11:50: RTT-Channel 0 - Message: hello world
2025-03-17-T23:11:50: RTT-Channel 0 - Message: hello world
2025-03-17-T23:11:50: RTT-Channel 0 - Message: hello world
2025-03-17-T23:11:51: RTT-Channel 0 - Message: hello world
2025-03-17-T23:11:51: RTT-Channel 0 - Message: hello world
2025-03-17-T23:11:51: RTT-Channel 0 - Message: hello world
2025-03-17-T23:11:52: RTT-Channel 0 - Message: hello world
2025-03-17-T23:11:52: RTT-Channel 0 - Message: hello world
2025-03-17-T23:11:52: RTT-Channel 0 - Message: hello world
2025-03-17-T23:11:53: RTT-Channel 0 - Message: hello world
2025-03-17-T23:11:53: RTT-Channel 0 - Message: hello world
2025-03-17-T23:11:54: RTT-Channel 0 - Message: hello world
2025-03-17-T23:11:54: RTT-Channel 0 - Message: hello world
2025-03-17-T23:11:54: RTT-Channel 0 - Message: hello world
2025-03-17-T23:11:55: RTT-Channel 0 - Message: hello world
2025-03-17-T23:11:55: RTT-Channel 0 - Message: hello world
2025-03-17-T23:11:55: RTT-Channel 0 - Message: hello world
2025-03-17-T23:11:56: RTT-Channel 0 - Message: hello world
2025-03-17-T23:11:56: RTT-Channel 0 - Message: hello world
2025-03-17-T23:11:57: RTT-Channel 0 - Message: hello world
2025-03-17-T23:11:57: RTT-Channel 0 - Message: hello world
2025-03-17-T23:11:57: RTT-Channel 0 - Message: hello world
2025-03-17-T23:11:58: RTT-Channel 0 - Message: hello world
2025-03-17-T23:11:58: RTT-Channel 0 - Message: hello world
2025-03-17-T23:11:58: RTT-Channel 0 - Message: hello world
2025-03-17-T23:11:59: RTT-Channel 0 - Message: hello world
2025-03-17-T23:11:59: RTT-Channel 0 - Message: hello world
2025-03-17-T23:11:59: RTT-Channel 0 - Message: hello world
2025-03-17-T23:12:00: RTT-Channel 0 - Message: hello world
2025-03-17-T23:12:00: RTT-Channel 0 - Message: hello world
2025-03-17-T23:12:00: RTT-Channel 0 - Message: hello world
2025-03-17-T23:12:01: RTT-Channel 0 - Message: hello world
2025-03-17-T23:12:01: RTT-Channel 0 - Message: hello world
2025-03-17-T23:12:02: RTT-Channel 0 - Message: hello world
2025-03-17-T23:12:02: RTT-Channel 0 - Message: hello world
2025-03-17-T23:12:02: RTT-Channel 0 - Message: hello world
2025-03-17-T23:12:03: RTT-Channel 0 - Message: hello world
2025-03-17-T23:12:03: RTT-Channel 0 - Message: hello world
2025-03-17-T23:12:03: RTT-Channel 0 - Message: hello world
2025-03-17-T23:12:04: RTT-Channel 0 - Message: hello world
2025-03-17-T23:12:04: RTT-Channel 0 - Message: hello world
2025-03-17-T23:12:05: RTT-Channel 0 - Message: hello world
2025-03-17-T23:12:05: RTT-Channel 0 - Message: hello world
2025-03-17-T23:12:05: RTT-Channel 0 - Message: hello world
2025-03-17-T23:12:06: RTT-Channel 0 - Message: hello world
2025-03-17-T23:12:06: RTT-Channel 0 - Message: hello world
2025-03-17-T23:12:06: RTT-Channel 0 - Message: hello world
2025-03-17-T23:12:07: RTT-Channel 0 - Message: hello world
2025-03-17-T23:12:07: RTT-Channel 0 - Message: hello world
2025-03-17-T23:12:07: RTT-Channel 0 - Message: hello world
2025-03-17-T23:12:08: RTT-Channel 0 - Message: hello world
2025-03-17-T23:12:08: RTT-Channel 0 - Message: hello world
2025-03-17-T23:12:09: RTT-Channel 0 - Message: hello world
2025-03-17-T23:12:09: RTT-Channel 0 - Message: hello world
2025-03-17-T23:12:09: RTT-Channel 0 - Message: hello world
2025-03-17-T23:12:10: RTT-Channel 0 - Message: hello world
2025-03-17-T23:12:10: RTT-Channel 0 - Message: hello world
2025-03-17-T23:12:10: RTT-Channel 0 - Message: hello world
2025-03-17-T23:12:11: RTT-Channel 0 - Message: hello world
2025-03-17-T23:12:11: RTT-Channel 0 - Message: hello world
2025-03-17-T23:12:11: RTT-Channel 0 - Message: hello world
2025-03-17-T23:12:12: RTT-Channel 0 - Message: hello world
2025-03-17-T23:12:12: RTT-Channel 0 - Message: hello world
2025-03-17-T23:12:13: RTT-Channel 0 - Message: hello world
2025-03-17-T23:12:13: RTT-Channel 0 - Message: hello world
2025-03-17-T23:12:13: RTT-Channel 0 - Message: hello world
2025-03-17-T23:12:14: RTT-Channel 0 - Message: hello world
2025-03-17-T23:12:14: RTT-Channel 0 - Message: hello world
2025-03-17-T23:12:14: RTT-Channel 0 - Message: hello world
2025-03-17-T23:12:15: RTT-Channel 0 - Message: hello world
2025-03-17-T23:12:15: RTT-Channel 0 - Message: hello world
2025-03-17-T23:12:15: RTT-Channel 0 - Message: hello world
2025-03-17-T23:12:16: RTT-Channel 0 - Message: hello world
2025-03-17-T23:12:16: RTT-Channel 0 - Message: hello world
2025-03-17-T23:12:17: RTT-Channel 0 - Message: hello world
2025-03-17-T23:12:17: RTT-Channel 0 - Message: hello world
2025-03-17-T23:12:17: RTT-Channel 0 - Message: hello world
2025-03-17-T23:12:18: RTT-Channel 0 - Message: hello world
2025-03-17-T23:12:18: RTT-Channel 0 - Message: hello world
2025-03-17-T23:12:18: RTT-Channel 0 - Message: hello world
2025-03-17-T23:12:19: RTT-Channel 0 - Message: hello world
2025-03-17-T23:12:19: RTT-Channel 0 - Message: hello world
2025-03-17-T23:12:19: RTT-Channel 0 - Message: hello world
2025-03-17-T23:12:20: RTT-Channel 0 - Message: hello world
2025-03-17-T23:12:20: RTT-Channel 0 - Message: hello world
2025-03-17-T23:12:21: RTT-Channel 0 - Message: hello world
2025-03-17-T23:12:21: RTT-Channel 0 - Message: hello world
2025-03-17-T23:12:21: RTT-Channel 0 - Message: hello world
2025-03-17-T23:12:22: RTT-Channel 0 - Message: hello world
2025-03-17-T23:12:22: RTT-Channel 0 - Message: hello world
2025-03-17-T23:12:22: RTT-Channel 0 - Message: hello world
2025-03-17-T23:12:23: RTT-Channel 0 - Message: hello world
2025-03-17-T23:12:23: RTT-Channel 0 - Message: hello world
2025-03-17-T23:12:23: RTT-Channel 0 - Message: hello world
2025-03-17-T23:12:24: RTT-Channel 0 - Message: hello world
2025-03-17-T23:12:24: RTT-Channel 0 - Message: hello world
2025-03-17-T23:12:25: RTT-Channel 0 - Message: hello world
2025-03-17-T23:12:25: RTT-Channel 0 - Message: hello world
2025-03-17-T23:12:25: RTT-Channel 0 - Message: hello world
2025-03-17-T23:12:26: RTT-Channel 0 - Message: hello world
2025-03-17-T23:12:26: RTT-Channel 0 - Message: hello world
2025-03-17-T23:12:26: RTT-Channel 0 - Message: hello world
2025-03-17-T23:12:27: RTT-Channel 0 - Message: hello world
2025-03-17-T23:12:27: RTT-Channel 0 - Message: hello world
2025-03-17-T23:12:27: RTT-Channel 0 - Message: hello world
2025-03-17-T23:12:28: RTT-Channel 0 - Message: hello world
2025-03-17-T23:12:28: RTT-Channel 0 - Message: hello world
2025-03-17-T23:12:29: RTT-Channel 0 - Message: hello world
2025-03-17-T23:12:29: RTT-Channel 0 - Message: hello world
2025-03-17-T23:12:29: RTT-Channel 0 - Message: hello world
2025-03-17-T23:12:30: RTT-Channel 0 - Message: hello world
2025-03-17-T23:12:30: RTT-Channel 0 - Message: hello world
2025-03-17-T23:12:30: RTT-Channel 0 - Message: hello world
2025-03-17-T23:12:31: RTT-Channel 0 - Message: hello world
2025-03-17-T23:12:31: RTT-Channel 0 - Message: hello world
2025-03-17-T23:12:31: RTT-Channel 0 - Message: hello world
2025-03-17-T23:12:32: RTT-Channel 0 - Message: hello world
2025-03-17-T23:12:32: RTT-Channel 0 - Message: hello world
2025-03-17-T23:12:33: RTT-Channel 0 - Message: hello world
2025-03-17-T23:12:33: RTT-Channel 0 - Message: hello world
2025-03-17-T23:12:33: RTT-Channel 0 - Message: hello world
2025-03-17-T23:12:34: RTT-Channel 0 - Message: hello world
2025-03-17-T23:12:34: RTT-Channel 0 - Message: hello world
2025-03-17-T23:12:34: RTT-Channel 0 - Message: hello world
2025-03-17-T23:12:35: RTT-Channel 0 - Message: hello world
2025-03-17-T23:12:35: RTT-Channel 0 - Message: hello world
2025-03-17-T23:12:35: RTT-Channel 0 - Message: hello world
2025-03-17-T23:12:36: RTT-Channel 0 - Message: hello world
2025-03-17-T23:12:36: RTT-Channel 0 - Message: hello world
2025-03-17-T23:12:37: RTT-Channel 0 - Message: hello world
2025-03-17-T23:12:37: RTT-Channel 0 - Message: hello world
2025-03-17-T23:12:37: RTT-Channel 0 - Message: hello world
2025-03-17-T23:12:38: RTT-Channel 0 - Message: hello world
2025-03-17-T23:12:38: RTT-Channel 0 - Message: hello world
2025-03-17-T23:12:38: RTT-Channel 0 - Message: hello world
2025-03-17-T23:12:39: RTT-Channel 0 - Message: hello world
2025-03-17-T23:12:39: RTT-Channel 0 - Message: hello world
2025-03-17-T23:12:39: RTT-Channel 0 - Message: hello world
2025-03-17-T23:12:40: RTT-Channel 0 - Message: hello world
2025-03-17-T23:12:40: RTT-Channel 0 - Message: hello world
2025-03-17-T23:12:41: RTT-Channel 0 - Message: hello world
2025-03-17-T23:12:41: RTT-Channel 0 - Message: hello world
2025-03-17-T23:12:41: RTT-Channel 0 - Message: hello world
2025-03-17-T23:12:42: RTT-Channel 0 - Message: hello world
2025-03-17-T23:12:42: RTT-Channel 0 - Message: hello world
2025-03-17-T23:12:42: RTT-Channel 0 - Message: hello world
2025-03-17-T23:12:43: RTT-Channel 0 - Message: hello world
2025-03-17-T23:12:43: RTT-Channel 0 - Message: hello world
2025-03-17-T23:12:43: RTT-Channel 0 - Message: hello world
2025-03-17-T23:12:44: RTT-Channel 0 - Message: hello world
2025-03-17-T23:12:44: RTT-Channel 0 - Message: hello world
2025-03-17-T23:12:45: RTT-Channel 0 - Message: hello world
2025-03-17-T23:12:45: RTT-Channel 0 - Message: hello world
2025-03-17-T23:12:45: RTT-Channel 0 - Message: hello world
2025-03-17-T23:12:46: RTT-Channel 0 - Message: hello world
2025-03-17-T23:12:46: RTT-Channel 0 - Message: hello world
2025-03-17-T23:12:46: RTT-Channel 0 - Message: hello world
2025-03-17-T23:12:47: RTT-Channel 0 - Message: hello world
2025-03-17-T23:12:47: RTT-Channel 0 - Message: hello world
2025-03-17-T23:12:48: RTT-Channel 0 - Message: hello world
2025-03-17-T23:12:48: RTT-Channel 0 - Message: hello world
2025-03-17-T23:12:48: RTT-Channel 0 - Message: hello world
2025-03-17-T23:12:49: RTT-Channel 0 - Message: hello world
2025-03-17-T23:12:49: RTT-Channel 0 - Message: hello world
2025-03-17-T23:12:49: RTT-Channel 0 - Message: hello world
2025-03-17-T23:12:50: RTT-Channel 0 - Message: hello world
2025-03-17-T23:12:50: RTT-Channel 0 - Message: hello world
2025-03-17-T23:12:50: RTT-Channel 0 - Message: hello world
2025-03-17-T23:12:51: RTT-Channel 0 - Message: hello world
2025-03-17-T23:12:51: RTT-Channel 0 - Message: hello world
2025-03-17-T23:12:51: RTT-Channel 0 - Message: hello world
2025-03-17-T23:12:52: RTT-Channel 0 - Message: hello world
2025-03-17-T23:12:52: RTT-Channel 0 - Message: hello world
2025-03-17-T23:12:53: RTT-Channel 0 - Message: hello world
2025-03-17-T23:12:53: RTT-Channel 0 - Message: hello world
2025-03-17-T23:12:53: RTT-Channel 0 - Message: hello world
2025-03-17-T23:12:54: RTT-Channel 0 - Message: hello world
2025-03-17-T23:12:54: RTT-Channel 0 - Message: hello world
2025-03-17-T23:12:54: RTT-Channel 0 - Message: hello world
2025-03-17-T23:12:55: RTT-Channel 0 - Message: hello world
2025-03-17-T23:12:55: RTT-Channel 0 - Message: hello world
2025-03-17-T23:12:56: RTT-Channel 0 - Message: hello world
2025-03-17-T23:12:56: RTT-Channel 0 - Message: hello world
2025-03-17-T23:12:56: RTT-Channel 0 - Message: hello world
2025-03-17-T23:12:57: RTT-Channel 0 - Message: hello world
2025-03-17-T23:12:57: RTT-Channel 0 - Message: hello world
2025-03-17-T23:12:57: RTT-Channel 0 - Message: hello world
2025-03-17-T23:12:58: RTT-Channel 0 - Message: hello world
2025-03-17-T23:12:58: RTT-Channel 0 - Message: hello world
2025-03-17-T23:12:58: RTT-Channel 0 - Message: hello world
2025-03-17-T23:12:59: RTT-Channel 0 - Message: hello world
2025-03-17-T23:12:59: RTT-Channel 0 - Message: hello world
2025-03-17-T23:13:00: RTT-Channel 0 - Message: hello world
2025-03-17-T23:13:00: RTT-Channel 0 - Message: hello world
2025-03-17-T23:13:00: RTT-Channel 0 - Message: hello world
2025-03-17-T23:13:01: RTT-Channel 0 - Message: hello world
2025-03-17-T23:13:01: RTT-Channel 0 - Message: hello world
2025-03-17-T23:13:01: RTT-Channel 0 - Message: hello world
2025-03-17-T23:13:02: RTT-Channel 0 - Message: hello world
2025-03-17-T23:13:02: RTT-Channel 0 - Message: hello world
2025-03-17-T23:13:02: RTT-Channel 0 - Message: hello world
2025-03-17-T23:13:03: RTT-Channel 0 - Message: hello world
2025-03-17-T23:13:03: RTT-Channel 0 - Message: hello world
2025-03-17-T23:13:04: RTT-Channel 0 - Message: hello world
2025-03-17-T23:13:04: RTT-Channel 0 - Message: hello world
2025-03-17-T23:13:04: RTT-Channel 0 - Message: hello world
2025-03-17-T23:13:05: RTT-Channel 0 - Message: hello world
2025-03-17-T23:13:05: RTT-Channel 0 - Message: hello world
2025-03-17-T23:13:05: RTT-Channel 0 - Message: hello world
2025-03-17-T23:13:06: RTT-Channel 0 - Message: hello world
2025-03-17-T23:13:06: RTT-Channel 0 - Message: hello world
2025-03-17-T23:13:06: RTT-Channel 0 - Message: hello world
2025-03-17-T23:13:07: RTT-Channel 0 - Message: hello world
2025-03-17-T23:13:07: RTT-Channel 0 - Message: hello world
2025-03-17-T23:13:07: RTT-Channel 0 - Message: hello world
2025-03-17-T23:13:08: RTT-Channel 0 - Message: hello world
2025-03-17-T23:13:08: RTT-Channel 0 - Message: hello world
2025-03-17-T23:13:09: RTT-Channel 0 - Message: hello world
2025-03-17-T23:13:09: RTT-Channel 0 - Message: hello world
2025-03-17-T23:13:09: RTT-Channel 0 - Message: hello world
2025-03-17-T23:13:10: RTT-Channel 0 - Message: hello world
2025-03-17-T23:13:10: RTT-Channel 0 - Message: hello world
2025-03-17-T23:13:10: RTT-Channel 0 - Message: hello world
2025-03-17-T23:13:11: RTT-Channel 0 - Message: hello world
2025-03-17-T23:13:11: RTT-Channel 0 - Message: hello world
2025-03-17-T23:13:12: RTT-Channel 0 - Message: hello world
2025-03-17-T23:13:12: RTT-Channel 0 - Message: hello world
2025-03-17-T23:13:12: RTT-Channel 0 - Message: hello world
2025-03-17-T23:13:13: RTT-Channel 0 - Message: hello world
2025-03-17-T23:13:13: RTT-Channel 0 - Message: hello world
2025-03-17-T23:13:13: RTT-Channel 0 - Message: hello world
2025-03-17-T23:13:14: RTT-Channel 0 - Message: hello world
2025-03-17-T23:13:14: RTT-Channel 0 - Message: hello world
2025-03-17-T23:13:14: RTT-Channel 0 - Message: hello world
2025-03-17-T23:13:15: RTT-Channel 0 - Message: hello world
2025-03-17-T23:13:15: RTT-Channel 0 - Message: hello world
2025-03-17-T23:13:16: RTT-Channel 0 - Message: hello world
2025-03-17-T23:13:16: RTT-Channel 0 - Message: hello world
2025-03-17-T23:13:16: RTT-Channel 0 - Message: hello world
2025-03-17-T23:13:17: RTT-Channel 0 - Message: hello world
2025-03-17-T23:13:17: RTT-Channel 0 - Message: hello world
2025-03-17-T23:13:17: RTT-Channel 0 - Message: hello world
2025-03-17-T23:13:18: RTT-Channel 0 - Message: hello world
2025-03-17-T23:13:18: RTT-Channel 0 - Message: hello world
2025-03-17-T23:13:18: RTT-Channel 0 - Message: hello world
2025-03-17-T23:13:19: RTT-Channel 0 - Message: hello world
2025-03-17-T23:13:19: RTT-Channel 0 - Message: hello world
2025-03-17-T23:13:19: RTT-Channel 0 - Message: hello world
2025-03-17-T23:13:20: RTT-Channel 0 - Message: hello world
2025-03-17-T23:13:20: RTT-Channel 0 - Message: hello world
2025-03-17-T23:13:21: RTT-Channel 0 - Message: hello world
2025-03-17-T23:13:21: RTT-Channel 0 - Message: hello world
2025-03-17-T23:13:21: RTT-Channel 0 - Message: hello world
2025-03-17-T23:13:22: RTT-Channel 0 - Message: hello world
2025-03-17-T23:13:22: RTT-Channel 0 - Message: hello world
2025-03-17-T23:13:22: RTT-Channel 0 - Message: hello world
2025-03-17-T23:13:23: RTT-Channel 0 - Message: hello world
2025-03-17-T23:13:23: RTT-Channel 0 - Message: hello world
2025-03-17-T23:13:23: RTT-Channel 0 - Message: hello world
2025-03-17-T23:13:24: RTT-Channel 0 - Message: hello world
2025-03-17-T23:13:24: RTT-Channel 0 - Message: hello world
2025-03-17-T23:13:25: RTT-Channel 0 - Message: hello world
2025-03-17-T23:13:25: RTT-Channel 0 - Message: hello world
2025-03-17-T23:13:25: RTT-Channel 0 - Message: hello world
2025-03-17-T23:13:26: RTT-Channel 0 - Message: hello world
2025-03-17-T23:13:26: RTT-Channel 0 - Message: hello world
2025-03-17-T23:13:26: RTT-Channel 0 - Message: hello world
2025-03-17-T23:13:27: RTT-Channel 0 - Message: hello world
2025-03-17-T23:13:27: RTT-Channel 0 - Message: hello world
2025-03-17-T23:13:28: RTT-Channel 0 - Message: hello world
2025-03-17-T23:13:28: RTT-Channel 0 - Message: hello world
2025-03-17-T23:13:28: RTT-Channel 0 - Message: hello world
2025-03-17-T23:13:29: RTT-Channel 0 - Message: hello world
2025-03-17-T23:13:29: RTT-Channel 0 - Message: hello world
2025-03-17-T23:13:29: RTT-Channel 0 - Message: hello world
2025-03-17-T23:13:30: RTT-Channel 0 - Message: hello world
2025-03-17-T23:13:30: RTT-Channel 0 - Message: hello world
2025-03-17-T23:13:30: RTT-Channel 0 - Message: hello world
2025-03-17-T23:13:31: RTT-Channel 0 - Message: hello world
2025-03-17-T23:13:31: RTT-Channel 0 - Message: hello world
2025-03-17-T23:13:31: RTT-Channel 0 - Message: hello world
2025-03-17-T23:13:32: RTT-Channel 0 - Message: hello world
2025-03-17-T23:13:32: RTT-Channel 0 - Message: hello world
2025-03-17-T23:13:33: RTT-Channel 0 - Message: hello world
2025-03-17-T23:13:33: RTT-Channel 0 - Message: hello world
2025-03-17-T23:13:33: RTT-Channel 0 - Message: hello world
2025-03-17-T23:13:34: RTT-Channel 0 - Message: hello world
2025-03-17-T23:13:34: RTT-Channel 0 - Message: hello world
2025-03-17-T23:13:34: RTT-Channel 0 - Message: hello world
2025-03-17-T23:13:35: RTT-Channel 0 - Message: hello world
2025-03-17-T23:13:35: RTT-Channel 0 - Message: hello world
2025-03-17-T23:13:36: RTT-Channel 0 - Message: hello world
2025-03-17-T23:13:36: RTT-Channel 0 - Message: hello world
2025-03-17-T23:13:36: RTT-Channel 0 - Message: hello world
2025-03-17-T23:13:37: RTT-Channel 0 - Message: hello world
2025-03-17-T23:13:37: RTT-Channel 0 - Message: hello world
2025-03-17-T23:13:37: RTT-Channel 0 - Message: hello world
2025-03-17-T23:13:38: RTT-Channel 0 - Message: hello world
2025-03-17-T23:13:38: RTT-Channel 0 - Message: hello world
2025-03-17-T23:13:39: RTT-Channel 0 - Message: hello world
2025-03-17-T23:13:39: RTT-Channel 0 - Message: hello world
2025-03-17-T23:13:39: RTT-Channel 0 - Message: hello world
2025-03-17-T23:13:40: RTT-Channel 0 - Message: hello world
2025-03-17-T23:13:40: RTT-Channel 0 - Message: hello world
2025-03-17-T23:13:40: RTT-Channel 0 - Message: hello world
2025-03-17-T23:13:41: RTT-Channel 0 - Message: hello world
2025-03-17-T23:13:41: RTT-Channel 0 - Message: hello world
2025-03-17-T23:13:41: RTT-Channel 0 - Message: hello world
2025-03-17-T23:13:42: RTT-Channel 0 - Message: hello world
2025-03-17-T23:13:42: RTT-Channel 0 - Message: hello world
2025-03-17-T23:13:42: RTT-Channel 0 - Message: hello world
2025-03-17-T23:13:43: RTT-Channel 0 - Message: hello world
2025-03-17-T23:13:43: RTT-Channel 0 - Message: hello world
2025-03-17-T23:13:44: RTT-Channel 0 - Message: hello world
2025-03-17-T23:13:44: RTT-Channel 0 - Message: hello world
2025-03-17-T23:13:44: RTT-Channel 0 - Message: hello world
2025-03-17-T23:13:45: RTT-Channel 0 - Message: hello world
2025-03-17-T23:13:45: RTT-Channel 0 - Message: hello world
2025-03-17-T23:13:45: RTT-Channel 0 - Message: hello world
2025-03-17-T23:13:46: RTT-Channel 0 - Message: hello world
2025-03-17-T23:13:46: RTT-Channel 0 - Message: hello world
2025-03-17-T23:13:46: RTT-Channel 0 - Message: hello world
2025-03-17-T23:13:47: RTT-Channel 0 - Message: hello world
2025-03-17-T23:13:47: RTT-Channel 0 - Message: hello world
2025-03-17-T23:13:48: RTT-Channel 0 - Message: hello world
2025-03-17-T23:13:48: RTT-Channel 0 - Message: hello world
2025-03-17-T23:13:48: RTT-Channel 0 - Message: hello world
2025-03-17-T23:13:49: RTT-Channel 0 - Message: hello world
2025-03-17-T23:13:49: RTT-Channel 0 - Message: hello world
2025-03-17-T23:13:49: RTT-Channel 0 - Message: hello world
2025-03-17-T23:13:50: RTT-Channel 0 - Message: hello world
2025-03-17-T23:13:50: RTT-Channel 0 - Message: hello world
2025-03-17-T23:13:51: RTT-Channel 0 - Message: hello world
2025-03-17-T23:13:51: RTT-Channel 0 - Message: hello world
2025-03-17-T23:13:51: RTT-Channel 0 - Message: hello world
2025-03-17-T23:13:52: RTT-Channel 0 - Message: hello world
2025-03-17-T23:13:52: RTT-Channel 0 - Message: hello world
2025-03-17-T23:13:52: RTT-Channel 0 - Message: hello world
2025-03-17-T23:13:53: RTT-Channel 0 - Message: hello world
2025-03-17-T23:13:53: RTT-Channel 0 - Message: hello world
2025-03-17-T23:13:53: RTT-Channel 0 - Message: hello world
2025-03-17-T23:13:54: RTT-Channel 0 - Message: hello world
2025-03-17-T23:13:54: RTT-Channel 0 - Message: hello world
2025-03-17-T23:13:54: RTT-Channel 0 - Message: hello world
2025-03-17-T23:13:55: RTT-Channel 0 - Message: hello world
2025-03-17-T23:13:55: RTT-Channel 0 - Message: hello world
2025-03-17-T23:13:56: RTT-Channel 0 - Message: hello world
2025-03-17-T23:13:56: RTT-Channel 0 - Message: hello world
2025-03-17-T23:13:56: RTT-Channel 0 - Message: hello world
2025-03-17-T23:13:57: RTT-Channel 0 - Message: hello world
2025-03-17-T23:13:57: RTT-Channel 0 - Message: hello world
2025-03-17-T23:13:57: RTT-Channel 0 - Message: hello world
2025-03-17-T23:13:58: RTT-Channel 0 - Message: hello world
2025-03-17-T23:13:58: RTT-Channel 0 - Message: hello world
2025-03-17-T23:13:58: RTT-Channel 0 - Message: hello world
2025-03-17-T23:13:59: RTT-Channel 0 - Message: hello world
2025-03-17-T23:13:59: RTT-Channel 0 - Message: hello world
2025-03-17-T23:14:00: RTT-Channel 0 - Message: hello world
2025-03-17-T23:14:00: RTT-Channel 0 - Message: hello world
2025-03-17-T23:14:00: RTT-Channel 0 - Message: hello world
2025-03-17-T23:14:01: RTT-Channel 0 - Message: hello world
2025-03-17-T23:14:01: RTT-Channel 0 - Message: hello world
2025-03-17-T23:14:01: RTT-Channel 0 - Message: hello world
2025-03-17-T23:14:02: RTT-Channel 0 - Message: hello world
2025-03-17-T23:14:02: probe-rs message: Error communicating with the probe.
	An ARM specific error occurred.
		The debug probe encountered an error.
			An error which is specific to the debug probe in use occurred.
				Remote error with result 0000000000000104
2025-03-17-T23:14:02: RTT-Channel 0 - Message: hello world
2025-03-17-T23:14:02: RTT-Channel 0 - Message: hello world
2025-03-17-T23:14:03: RTT-Channel 0 - Message: hello world
2025-03-17-T23:14:03: RTT-Channel 0 - Message: hello world
2025-03-17-T23:14:04: RTT-Channel 0 - Message: hello world
2025-03-17-T23:14:04: RTT-Channel 0 - Message: hello world
2025-03-17-T23:14:04: RTT-Channel 0 - Message: hello world
2025-03-17-T23:14:05: RTT-Channel 0 - Message: hello world
2025-03-17-T23:14:05: RTT-Channel 0 - Message: hello world
2025-03-17-T23:14:05: RTT-Channel 0 - Message: hello world
2025-03-17-T23:14:06: RTT-Channel 0 - Message: hello world
2025-03-17-T23:14:06: RTT-Channel 0 - Message: hello world
2025-03-17-T23:14:06: RTT-Channel 0 - Message: hello world
2025-03-17-T23:14:07: RTT-Channel 0 - Message: hello world
2025-03-17-T23:14:07: RTT-Channel 0 - Message: hello world
2025-03-17-T23:14:08: RTT-Channel 0 - Message: hello world
2025-03-17-T23:14:08: RTT-Channel 0 - Message: hello world
2025-03-17-T23:14:08: RTT-Channel 0 - Message: hello world
2025-03-17-T23:14:09: RTT-Channel 0 - Message: hello world
2025-03-17-T23:14:09: RTT-Channel 0 - Message: hello world
2025-03-17-T23:14:09: RTT-Channel 0 - Message: hello world
2025-03-17-T23:14:10: RTT-Channel 0 - Message: hello world
2025-03-17-T23:14:10: RTT-Channel 0 - Message: hello world
2025-03-17-T23:14:10: RTT-Channel 0 - Message: hello world
2025-03-17-T23:14:11: RTT-Channel 0 - Message: hello world
2025-03-17-T23:14:11: RTT-Channel 0 - Message: hello world
2025-03-17-T23:14:12: RTT-Channel 0 - Message: hello world
2025-03-17-T23:14:12: RTT-Channel 0 - Message: hello world
2025-03-17-T23:14:12: RTT-Channel 0 - Message: hello world
2025-03-17-T23:14:13: RTT-Channel 0 - Message: hello world
2025-03-17-T23:14:13: RTT-Channel 0 - Message: hello world
2025-03-17-T23:14:13: RTT-Channel 0 - Message: hello world
2025-03-17-T23:14:14: RTT-Channel 0 - Message: hello world
2025-03-17-T23:14:14: RTT-Channel 0 - Message: hello world
2025-03-17-T23:14:14: RTT-Channel 0 - Message: hello world
2025-03-17-T23:14:15: RTT-Channel 0 - Message: hello world
2025-03-17-T23:14:15: RTT-Channel 0 - Message: hello world
2025-03-17-T23:14:16: RTT-Channel 0 - Message: hello world
2025-03-17-T23:14:16: RTT-Channel 0 - Message: hello world
2025-03-17-T23:14:16: RTT-Channel 0 - Message: hello world
2025-03-17-T23:14:17: RTT-Channel 0 - Message: hello world
2025-03-17-T23:14:17: RTT-Channel 0 - Message: hello world
2025-03-17-T23:14:17: RTT-Channel 0 - Message: hello world
2025-03-17-T23:14:18: RTT-Channel 0 - Message: hello world
2025-03-17-T23:14:18: RTT-Channel 0 - Message: hello world
2025-03-17-T23:14:19: RTT-Channel 0 - Message: hello world
2025-03-17-T23:14:19: RTT-Channel 0 - Message: hello world
2025-03-17-T23:14:19: RTT-Channel 0 - Message: hello world
2025-03-17-T23:14:20: RTT-Channel 0 - Message: hello world
2025-03-17-T23:14:20: RTT-Channel 0 - Message: hello world
2025-03-17-T23:14:20: RTT-Channel 0 - Message: hello world
2025-03-17-T23:14:21: RTT-Channel 0 - Message: hello world
2025-03-17-T23:14:21: RTT-Channel 0 - Message: hello world
2025-03-17-T23:14:21: RTT-Channel 0 - Message: hello world
2025-03-17-T23:14:22: RTT-Channel 0 - Message: hello world
2025-03-17-T23:14:22: RTT-Channel 0 - Message: hello world
2025-03-17-T23:14:22: RTT-Channel 0 - Message: hello world
2025-03-17-T23:14:23: RTT-Channel 0 - Message: hello world
2025-03-17-T23:14:23: RTT-Channel 0 - Message: hello world
2025-03-17-T23:14:24: RTT-Channel 0 - Message: hello world
2025-03-17-T23:14:24: RTT-Channel 0 - Message: hello world
2025-03-17-T23:14:24: RTT-Channel 0 - Message: hello world
2025-03-17-T23:14:25: RTT-Channel 0 - Message: hello world
2025-03-17-T23:14:25: RTT-Channel 0 - Message: hello world
2025-03-17-T23:14:25: RTT-Channel 0 - Message: hello world
2025-03-17-T23:14:26: RTT-Channel 0 - Message: hello world
2025-03-17-T23:14:26: RTT-Channel 0 - Message: hello world
2025-03-17-T23:14:26: RTT-Channel 0 - Message: hello world
2025-03-17-T23:14:27: RTT-Channel 0 - Message: hello world
2025-03-17-T23:14:27: RTT-Channel 0 - Message: hello world
2025-03-17-T23:14:28: RTT-Channel 0 - Message: hello world
2025-03-17-T23:14:28: RTT-Channel 0 - Message: hello world
2025-03-17-T23:14:28: RTT-Channel 0 - Message: hello world
2025-03-17-T23:14:29: RTT-Channel 0 - Message: hello world
2025-03-17-T23:14:29: RTT-Channel 0 - Message: hello world
2025-03-17-T23:14:29: RTT-Channel 0 - Message: hello world
2025-03-17-T23:14:30: RTT-Channel 0 - Message: hello world
2025-03-17-T23:14:30: RTT-Channel 0 - Message: hello world
2025-03-17-T23:14:31: RTT-Channel 0 - Message: hello world
2025-03-17-T23:14:31: RTT-Channel 0 - Message: hello world
2025-03-17-T23:14:31: RTT-Channel 0 - Message: hello world
2025-03-17-T23:14:32: RTT-Channel 0 - Message: hello world
2025-03-17-T23:14:32: RTT-Channel 0 - Message: hello world
2025-03-17-T23:14:32: RTT-Channel 0 - Message: hello world
2025-03-17-T23:14:33: RTT-Channel 0 - Message: hello world
2025-03-17-T23:14:33: RTT-Channel 0 - Message: hello world
2025-03-17-T23:14:33: RTT-Channel 0 - Message: hello world
2025-03-17-T23:14:34: RTT-Channel 0 - Message: hello world
2025-03-17-T23:14:34: RTT-Channel 0 - Message: hello world
2025-03-17-T23:14:35: RTT-Channel 0 - Message: hello world
2025-03-17-T23:14:35: RTT-Channel 0 - Message: hello world
2025-03-17-T23:14:35: RTT-Channel 0 - Message: hello world
2025-03-17-T23:14:36: probe-rs message: Error communicating with the probe.
	An ARM specific error occurred.
		The debug probe encountered an error.
			An error which is specific to the debug probe in use occurred.
				Remote error with result 0000000000000104
2025-03-17-T23:14:36: RTT-Channel 0 - Message: hello world
2025-03-17-T23:14:36: RTT-Channel 0 - Message: hello world
2025-03-17-T23:14:36: RTT-Channel 0 - Message: hello world
2025-03-17-T23:14:37: RTT-Channel 0 - Message: hello world
2025-03-17-T23:14:37: RTT-Channel 0 - Message: hello world
2025-03-17-T23:14:37: RTT-Channel 0 - Message: hello world
2025-03-17-T23:14:38: RTT-Channel 0 - Message: hello world
2025-03-17-T23:14:38: RTT-Channel 0 - Message: hello world
2025-03-17-T23:14:39: RTT-Channel 0 - Message: hello world
2025-03-17-T23:14:39: RTT-Channel 0 - Message: hello world
2025-03-17-T23:14:39: RTT-Channel 0 - Message: hello world
2025-03-17-T23:14:40: RTT-Channel 0 - Message: hello world
2025-03-17-T23:14:40: RTT-Channel 0 - Message: hello world
2025-03-17-T23:14:40: RTT-Channel 0 - Message: hello world
2025-03-17-T23:14:41: RTT-Channel 0 - Message: hello world
2025-03-17-T23:14:41: RTT-Channel 0 - Message: hello world
2025-03-17-T23:14:41: RTT-Channel 0 - Message: hello world
2025-03-17-T23:14:42: RTT-Channel 0 - Message: hello world
2025-03-17-T23:14:42: RTT-Channel 0 - Message: hello world
2025-03-17-T23:14:43: RTT-Channel 0 - Message: hello world
2025-03-17-T23:14:43: RTT-Channel 0 - Message: hello world
2025-03-17-T23:14:43: RTT-Channel 0 - Message: hello world
2025-03-17-T23:14:44: RTT-Channel 0 - Message: hello world
2025-03-17-T23:14:44: RTT-Channel 0 - Message: hello world
2025-03-17-T23:14:44: RTT-Channel 0 - Message: hello world
2025-03-17-T23:14:45: RTT-Channel 0 - Message: hello world
2025-03-17-T23:14:45: RTT-Channel 0 - Message: hello world
2025-03-17-T23:14:45: RTT-Channel 0 - Message: hello world
2025-03-17-T23:14:46: RTT-Channel 0 - Message: hello world
2025-03-17-T23:14:46: RTT-Channel 0 - Message: hello world
2025-03-17-T23:14:47: RTT-Channel 0 - Message: hello world
2025-03-17-T23:14:47: RTT-Channel 0 - Message: hello world
2025-03-17-T23:14:47: RTT-Channel 0 - Message: hello world
2025-03-17-T23:14:48: RTT-Channel 0 - Message: hello world
2025-03-17-T23:14:48: RTT-Channel 0 - Message: hello world
2025-03-17-T23:14:48: RTT-Channel 0 - Message: hello world
2025-03-17-T23:14:49: RTT-Channel 0 - Message: hello world
2025-03-17-T23:14:49: RTT-Channel 0 - Message: hello world
2025-03-17-T23:14:49: RTT-Channel 0 - Message: hello world
2025-03-17-T23:14:50: RTT-Channel 0 - Message: hello world
2025-03-17-T23:14:50: RTT-Channel 0 - Message: hello world
2025-03-17-T23:14:51: RTT-Channel 0 - Message: hello world
2025-03-17-T23:14:51: RTT-Channel 0 - Message: hello world
2025-03-17-T23:14:51: RTT-Channel 0 - Message: hello world
2025-03-17-T23:14:52: RTT-Channel 0 - Message: hello world
2025-03-17-T23:14:52: RTT-Channel 0 - Message: hello world
2025-03-17-T23:14:52: RTT-Channel 0 - Message: hello world
2025-03-17-T23:14:53: RTT-Channel 0 - Message: hello world
2025-03-17-T23:14:53: RTT-Channel 0 - Message: hello world
2025-03-17-T23:14:53: RTT-Channel 0 - Message: hello world
2025-03-17-T23:14:54: RTT-Channel 0 - Message: hello world
2025-03-17-T23:14:54: RTT-Channel 0 - Message: hello world
2025-03-17-T23:14:55: RTT-Channel 0 - Message: hello world
2025-03-17-T23:14:55: RTT-Channel 0 - Message: hello world
2025-03-17-T23:14:55: RTT-Channel 0 - Message: hello world
2025-03-17-T23:14:56: RTT-Channel 0 - Message: hello world
2025-03-17-T23:14:56: RTT-Channel 0 - Message: hello world
2025-03-17-T23:14:56: RTT-Channel 0 - Message: hello world
2025-03-17-T23:14:57: RTT-Channel 0 - Message: hello world
2025-03-17-T23:14:57: RTT-Channel 0 - Message: hello world
2025-03-17-T23:14:57: RTT-Channel 0 - Message: hello world
2025-03-17-T23:14:58: RTT-Channel 0 - Message: hello world
2025-03-17-T23:14:58: RTT-Channel 0 - Message: hello world
2025-03-17-T23:14:59: RTT-Channel 0 - Message: hello world
2025-03-17-T23:14:59: RTT-Channel 0 - Message: 2025-03-17-T23:14:59: RTT-Channel 0 - Message: hello world
2025-03-17-T23:15:00: RTT-Channel 0 - Message: hello world
2025-03-17-T23:15:00: RTT-Channel 0 - Message: hello world
2025-03-17-T23:15:00: RTT-Channel 0 - Message: hello world
2025-03-17-T23:15:01: RTT-Channel 0 - Message: hello world
2025-03-17-T23:15:01: RTT-Channel 0 - Message: hello world
2025-03-17-T23:15:01: RTT-Channel 0 - Message: hello world
2025-03-17-T23:15:02: RTT-Channel 0 - Message: hello world
2025-03-17-T23:15:02: RTT-Channel 0 - Message: hello world
2025-03-17-T23:15:03: RTT-Channel 0 - Message: hello world
2025-03-17-T23:15:03: RTT-Channel 0 - Message: hello world
2025-03-17-T23:15:03: RTT-Channel 0 - Message: hello world
2025-03-17-T23:15:04: RTT-Channel 0 - Message: hello world
2025-03-17-T23:15:04: RTT-Channel 0 - Message: hello world
2025-03-17-T23:15:04: RTT-Channel 0 - Message: hello world
2025-03-17-T23:15:05: RTT-Channel 0 - Message: hello world
2025-03-17-T23:15:05: RTT-Channel 0 - Message: hello world
2025-03-17-T23:15:05: RTT-Channel 0 - Message: hello world
2025-03-17-T23:15:06: RTT-Channel 0 - Message: hello world
2025-03-17-T23:15:06: RTT-Channel 0 - Message: hello world
2025-03-17-T23:15:07: RTT-Channel 0 - Message: hello world
2025-03-17-T23:15:07: RTT-Channel 0 - Message: hello world
2025-03-17-T23:15:07: RTT-Channel 0 - Message: hello world
2025-03-17-T23:15:08: RTT-Channel 0 - Message: hello world
2025-03-17-T23:15:08: RTT-Channel 0 - Message: hello world
2025-03-17-T23:15:08: RTT-Channel 0 - Message: hello world
2025-03-17-T23:15:09: RTT-Channel 0 - Message: hello world
2025-03-17-T23:15:09: RTT-Channel 0 - Message: hello world
2025-03-17-T23:15:10: RTT-Channel 0 - Message: hello world
2025-03-17-T23:15:10: RTT-Channel 0 - Message: hello world
2025-03-17-T23:15:10: RTT-Channel 0 - Message: hello world
2025-03-17-T23:15:11: RTT-Channel 0 - Message: hello world
2025-03-17-T23:15:11: RTT-Channel 0 - Message: hello world
2025-03-17-T23:15:11: RTT-Channel 0 - Message: hello world
2025-03-17-T23:15:12: RTT-Channel 0 - Message: hello world
2025-03-17-T23:15:12: RTT-Channel 0 - Message: hello world
2025-03-17-T23:15:12: RTT-Channel 0 - Message: hello world
2025-03-17-T23:15:13: RTT-Channel 0 - Message: hello world
2025-03-17-T23:15:13: RTT-Channel 0 - Message: hello world
2025-03-17-T23:15:13: RTT-Channel 0 - Message: hello world
2025-03-17-T23:15:14: RTT-Channel 0 - Message: hello world
2025-03-17-T23:15:14: RTT-Channel 0 - Message: hello world
2025-03-17-T23:15:15: RTT-Channel 0 - Message: hello world
2025-03-17-T23:15:15: RTT-Channel 0 - Message: hello world
2025-03-17-T23:15:15: RTT-Channel 0 - Message: hello world
2025-03-17-T23:15:16: RTT-Channel 0 - Message: hello world
2025-03-17-T23:15:16: RTT-Channel 0 - Message: hello world
2025-03-17-T23:15:16: RTT-Channel 0 - Message: hello world
2025-03-17-T23:15:17: RTT-Channel 0 - Message: hello world
2025-03-17-T23:15:17: RTT-Channel 0 - Message: hello world
2025-03-17-T23:15:18: RTT-Channel 0 - Message: hello world
2025-03-17-T23:15:18: RTT-Channel 0 - Message: hello world
2025-03-17-T23:15:18: RTT-Channel 0 - Message: hello world
2025-03-17-T23:15:19: RTT-Channel 0 - Message: hello world
2025-03-17-T23:15:19: RTT-Channel 0 - Message: hello world
2025-03-17-T23:15:19: RTT-Channel 0 - Message: hello world
2025-03-17-T23:15:20: RTT-Channel 0 - Message: hello world
2025-03-17-T23:15:20: RTT-Channel 0 - Message: hello world
2025-03-17-T23:15:20: RTT-Channel 0 - Message: hello world
2025-03-17-T23:15:21: RTT-Channel 0 - Message: hello world
2025-03-17-T23:15:21: RTT-Channel 0 - Message: hello world
2025-03-17-T23:15:22: RTT-Channel 0 - Message: hello world
2025-03-17-T23:15:22: RTT-Channel 0 - Message: hello world
2025-03-17-T23:15:22: RTT-Channel 0 - Message: hello world
2025-03-17-T23:15:23: RTT-Channel 0 - Message: hello world
2025-03-17-T23:15:23: RTT-Channel 0 - Message: hello world
2025-03-17-T23:15:23: RTT-Channel 0 - Message: hello world
2025-03-17-T23:15:24: RTT-Channel 0 - Message: hello world
2025-03-17-T23:15:24: RTT-Channel 0 - Message: hello world
2025-03-17-T23:15:24: RTT-Channel 0 - Message: hello world
2025-03-17-T23:15:25: RTT-Channel 0 - Message: hello world
2025-03-17-T23:15:25: RTT-Channel 0 - Message: hello world
2025-03-17-T23:15:26: RTT-Channel 0 - Message: hello world
2025-03-17-T23:15:26: RTT-Channel 0 - Message: hello world
2025-03-17-T23:15:26: RTT-Channel 0 - Message: hello world
2025-03-17-T23:15:27: RTT-Channel 0 - Message: hello world
2025-03-17-T23:15:27: RTT-Channel 0 - Message: hello world
2025-03-17-T23:15:27: RTT-Channel 0 - Message: hello world
2025-03-17-T23:15:28: RTT-Channel 0 - Message: hello world
2025-03-17-T23:15:28: RTT-Channel 0 - Message: hello world
2025-03-17-T23:15:28: RTT-Channel 0 - Message: hello world
2025-03-17-T23:15:29: RTT-Channel 0 - Message: hello world
2025-03-17-T23:15:29: RTT-Channel 0 - Message: hello world
2025-03-17-T23:15:30: RTT-Channel 0 - Message: hello world
2025-03-17-T23:15:30: RTT-Channel 0 - Message: hello world
2025-03-17-T23:15:30: RTT-Channel 0 - Message: hello world
2025-03-17-T23:15:31: RTT-Channel 0 - Message: hello world
2025-03-17-T23:15:31: RTT-Channel 0 - Message: hello world
2025-03-17-T23:15:31: RTT-Channel 0 - Message: hello world
2025-03-17-T23:15:32: RTT-Channel 0 - Message: hello world
2025-03-17-T23:15:32: RTT-Channel 0 - Message: hello world
2025-03-17-T23:15:32: RTT-Channel 0 - Message: hello world
2025-03-17-T23:15:33: RTT-Channel 0 - Message: hello world
2025-03-17-T23:15:33: RTT-Channel 0 - Message: hello world
2025-03-17-T23:15:34: RTT-Channel 0 - Message: hello world
2025-03-17-T23:15:34: RTT-Channel 0 - Message: hello world
2025-03-17-T23:15:34: RTT-Channel 0 - Message: hello world
2025-03-17-T23:15:35: RTT-Channel 0 - Message: hello world
2025-03-17-T23:15:35: RTT-Channel 0 - Message: hello world
2025-03-17-T23:15:35: RTT-Channel 0 - Message: hello world
2025-03-17-T23:15:36: RTT-Channel 0 - Message: hello world
2025-03-17-T23:15:36: RTT-Channel 0 - Message: hello world
2025-03-17-T23:15:36: RTT-Channel 0 - Message: hello world
2025-03-17-T23:15:37: RTT-Channel 0 - Message: hello world
2025-03-17-T23:15:37: RTT-Channel 0 - Message: hello world
2025-03-17-T23:15:38: RTT-Channel 0 - Message: hello world
2025-03-17-T23:15:38: RTT-Channel 0 - Message: hello world
2025-03-17-T23:15:38: RTT-Channel 0 - Message: hello world
2025-03-17-T23:15:39: RTT-Channel 0 - Message: hello world
2025-03-17-T23:15:39: RTT-Channel 0 - Message: hello world
2025-03-17-T23:15:39: RTT-Channel 0 - Message: hello world
2025-03-17-T23:15:40: RTT-Channel 0 - Message: hello world
2025-03-17-T23:15:40: RTT-Channel 0 - Message: hello world
2025-03-17-T23:15:40: RTT-Channel 0 - Message: hello world
2025-03-17-T23:15:41: RTT-Channel 0 - Message: hello world
2025-03-17-T23:15:41: RTT-Channel 0 - Message: hello world
2025-03-17-T23:15:42: RTT-Channel 0 - Message: hello world
2025-03-17-T23:15:42: RTT-Channel 0 - Message: hello world
2025-03-17-T23:15:42: RTT-Channel 0 - Message: hello world
2025-03-17-T23:15:43: RTT-Channel 0 - Message: hello world
2025-03-17-T23:15:43: RTT-Channel 0 - Message: hello world
2025-03-17-T23:15:43: RTT-Channel 0 - Message: hello world
2025-03-17-T23:15:44: RTT-Channel 0 - Message: hello world
2025-03-17-T23:15:44: RTT-Channel 0 - Message: hello world
2025-03-17-T23:15:45: RTT-Channel 0 - Message: hello world
2025-03-17-T23:15:45: RTT-Channel 0 - Message: hello world
2025-03-17-T23:15:45: RTT-Channel 0 - Message: hello world
2025-03-17-T23:15:46: RTT-Channel 0 - Message: hello world
2025-03-17-T23:15:46: RTT-Channel 0 - Message: hello world
2025-03-17-T23:15:46: RTT-Channel 0 - Message: hello world
2025-03-17-T23:15:47: RTT-Channel 0 - Message: hello world
2025-03-17-T23:15:47: RTT-Channel 0 - Message: hello world
2025-03-17-T23:15:47: RTT-Channel 0 - Message: hello world
2025-03-17-T23:15:48: RTT-Channel 0 - Message: hello world
2025-03-17-T23:15:48: RTT-Channel 0 - Message: hello world
2025-03-17-T23:15:48: RTT-Channel 0 - Message: hello world
2025-03-17-T23:15:49: RTT-Channel 0 - Message: hello world
2025-03-17-T23:15:49: RTT-Channel 0 - Message: hello world
2025-03-17-T23:15:50: RTT-Channel 0 - Message: hello world
2025-03-17-T23:15:50: RTT-Channel 0 - Message: hello world
2025-03-17-T23:15:50: RTT-Channel 0 - Message: hello world
2025-03-17-T23:15:51: RTT-Channel 0 - Message: hello world
2025-03-17-T23:15:51: RTT-Channel 0 - Message: hello world
2025-03-17-T23:15:51: RTT-Channel 0 - Message: hello world
2025-03-17-T23:15:52: RTT-Channel 0 - Message: hello world
2025-03-17-T23:15:52: RTT-Channel 0 - Message: hello world
2025-03-17-T23:15:52: RTT-Channel 0 - Message: hello world
2025-03-17-T23:15:53: RTT-Channel 0 - Message: hello world
2025-03-17-T23:15:53: RTT-Channel 0 - Message: hello world
2025-03-17-T23:15:54: RTT-Channel 0 - Message: hello world
2025-03-17-T23:15:54: RTT-Channel 0 - Message: hello world
2025-03-17-T23:15:54: RTT-Channel 0 - Message: hello world
2025-03-17-T23:15:55: RTT-Channel 0 - Message: hello world
2025-03-17-T23:15:55: RTT-Channel 0 - Message: hello world
2025-03-17-T23:15:55: RTT-Channel 0 - Message: hello world
2025-03-17-T23:15:56: RTT-Channel 0 - Message: hello world
2025-03-17-T23:15:56: RTT-Channel 0 - Message: hello world
2025-03-17-T23:15:56: RTT-Channel 0 - Message: hello world
2025-03-17-T23:15:57: RTT-Channel 0 - Message: hello world
2025-03-17-T23:15:57: RTT-Channel 0 - Message: hello world
2025-03-17-T23:15:58: RTT-Channel 0 - Message: hello world
2025-03-17-T23:15:58: RTT-Channel 0 - Message: hello world
2025-03-17-T23:15:58: RTT-Channel 0 - Message: hello world
2025-03-17-T23:15:59: RTT-Channel 0 - Message: hello world
2025-03-17-T23:15:59: RTT-Channel 0 - Message: hello world
2025-03-17-T23:15:59: RTT-Channel 0 - Message: hello world
2025-03-17-T23:16:00: RTT-Channel 0 - Message: hello world
2025-03-17-T23:16:00: RTT-Channel 0 - Message: hello world
2025-03-17-T23:16:01: RTT-Channel 0 - Message: hello world
2025-03-17-T23:16:01: RTT-Channel 0 - Message: hello world
2025-03-17-T23:16:01: RTT-Channel 0 - Message: hello world
2025-03-17-T23:16:02: RTT-Channel 0 - Message: hello world
2025-03-17-T23:16:02: RTT-Channel 0 - Message: hello world
2025-03-17-T23:16:02: RTT-Channel 0 - Message: hello world
2025-03-17-T23:16:03: RTT-Channel 0 - Message: hello world
2025-03-17-T23:16:03: RTT-Channel 0 - Message: hello world
2025-03-17-T23:16:03: RTT-Channel 0 - Message: hello world
2025-03-17-T23:16:04: RTT-Channel 0 - Message: hello world
2025-03-17-T23:16:04: RTT-Channel 0 - Message: hello world
2025-03-17-T23:16:04: RTT-Channel 0 - Message: hello world
2025-03-17-T23:16:05: RTT-Channel 0 - Message: hello world
2025-03-17-T23:16:05: RTT-Channel 0 - Message: hello world
2025-03-17-T23:16:06: RTT-Channel 0 - Message: hello world
2025-03-17-T23:16:06: RTT-Channel 0 - Message: hello world
2025-03-17-T23:16:06: RTT-Channel 0 - Message: hello world
2025-03-17-T23:16:07: RTT-Channel 0 - Message: hello world
2025-03-17-T23:16:07: RTT-Channel 0 - Message: hello world
2025-03-17-T23:16:07: RTT-Channel 0 - Message: hello world
2025-03-17-T23:16:08: RTT-Channel 0 - Message: hello world
2025-03-17-T23:16:08: RTT-Channel 0 - Message: hello world
2025-03-17-T23:16:09: RTT-Channel 0 - Message: hello world
2025-03-17-T23:16:09: RTT-Channel 0 - Message: hello world
2025-03-17-T23:16:09: RTT-Channel 0 - Message: hello world
2025-03-17-T23:16:10: RTT-Channel 0 - Message: hello world
2025-03-17-T23:16:10: RTT-Channel 0 - Message: hello world
2025-03-17-T23:16:10: RTT-Channel 0 - Message: 2025-03-17-T23:16:10: RTT-Channel 0 - Message: 2025-03-17-T23:16:11: RTT-Channel 0 - Message: hello world
2025-03-17-T23:16:11: RTT-Channel 0 - Message: hello world
2025-03-17-T23:16:11: RTT-Channel 0 - Message: hello world
2025-03-17-T23:16:12: RTT-Channel 0 - Message: hello world
2025-03-17-T23:16:12: RTT-Channel 0 - Message: hello world
2025-03-17-T23:16:13: RTT-Channel 0 - Message: hello world
2025-03-17-T23:16:13: RTT-Channel 0 - Message: hello world
2025-03-17-T23:16:13: RTT-Channel 0 - Message: hello world
2025-03-17-T23:16:14: RTT-Channel 0 - Message: hello world
2025-03-17-T23:16:14: RTT-Channel 0 - Message: hello world
2025-03-17-T23:16:14: RTT-Channel 0 - Message: hello world
2025-03-17-T23:16:15: RTT-Channel 0 - Message: hello world
2025-03-17-T23:16:15: RTT-Channel 0 - Message: hello world
2025-03-17-T23:16:15: RTT-Channel 0 - Message: hello world
2025-03-17-T23:16:16: RTT-Channel 0 - Message: hello world
2025-03-17-T23:16:16: RTT-Channel 0 - Message: hello world
2025-03-17-T23:16:16: RTT-Channel 0 - Message: hello world
2025-03-17-T23:16:17: RTT-Channel 0 - Message: hello world
2025-03-17-T23:16:17: RTT-Channel 0 - Message: hello world
2025-03-17-T23:16:18: RTT-Channel 0 - Message: hello world
2025-03-17-T23:16:18: RTT-Channel 0 - Message: hello world
2025-03-17-T23:16:18: RTT-Channel 0 - Message: hello world
2025-03-17-T23:16:19: RTT-Channel 0 - Message: hello world
2025-03-17-T23:16:19: RTT-Channel 0 - Message: hello world
2025-03-17-T23:16:19: RTT-Channel 0 - Message: hello world
2025-03-17-T23:16:20: RTT-Channel 0 - Message: hello world
2025-03-17-T23:16:20: RTT-Channel 0 - Message: hello world
2025-03-17-T23:16:20: RTT-Channel 0 - Message: hello world
2025-03-17-T23:16:21: RTT-Channel 0 - Message: hello world
2025-03-17-T23:16:21: RTT-Channel 0 - Message: hello world
2025-03-17-T23:16:22: RTT-Channel 0 - Message: hello world
2025-03-17-T23:16:22: RTT-Channel 0 - Message: hello world
2025-03-17-T23:16:22: RTT-Channel 0 - Message: hello world
2025-03-17-T23:16:23: RTT-Channel 0 - Message: hello world
2025-03-17-T23:16:23: RTT-Channel 0 - Message: hello world
2025-03-17-T23:16:23: RTT-Channel 0 - Message: hello world
2025-03-17-T23:16:24: RTT-Channel 0 - Message: hello world
2025-03-17-T23:16:24: RTT-Channel 0 - Message: hello world
2025-03-17-T23:16:25: RTT-Channel 0 - Message: hello world
2025-03-17-T23:16:25: RTT-Channel 0 - Message: hello world
2025-03-17-T23:16:25: RTT-Channel 0 - Message: hello world
2025-03-17-T23:16:26: RTT-Channel 0 - Message: hello world
2025-03-17-T23:16:26: RTT-Channel 0 - Message: hello world
2025-03-17-T23:16:26: RTT-Channel 0 - Message: hello world
2025-03-17-T23:16:27: RTT-Channel 0 - Message: hello world
2025-03-17-T23:16:27: RTT-Channel 0 - Message: hello world
2025-03-17-T23:16:27: RTT-Channel 0 - Message: hello world
2025-03-17-T23:16:28: RTT-Channel 0 - Message: hello world
2025-03-17-T23:16:28: RTT-Channel 0 - Message: hello world
2025-03-17-T23:16:28: RTT-Channel 0 - Message: hello world
2025-03-17-T23:16:29: RTT-Channel 0 - Message: hello world
2025-03-17-T23:16:29: RTT-Channel 0 - Message: hello world
2025-03-17-T23:16:30: RTT-Channel 0 - Message: hello world
2025-03-17-T23:16:30: RTT-Channel 0 - Message: hello world
2025-03-17-T23:16:30: RTT-Channel 0 - Message: hello world
2025-03-17-T23:16:31: RTT-Channel 0 - Message: hello world
2025-03-17-T23:16:31: RTT-Channel 0 - Message: hello world
2025-03-17-T23:16:31: RTT-Channel 0 - Message: hello world
2025-03-17-T23:16:32: RTT-Channel 0 - Message: hello world
2025-03-17-T23:16:32: RTT-Channel 0 - Message: hello world
2025-03-17-T23:16:33: RTT-Channel 0 - Message: hello world
2025-03-17-T23:16:33: RTT-Channel 0 - Message: hello world
2025-03-17-T23:16:33: RTT-Channel 0 - Message: hello world
2025-03-17-T23:16:34: RTT-Channel 0 - Message: hello world
2025-03-17-T23:16:34: RTT-Channel 0 - Message: hello world
2025-03-17-T23:16:34: RTT-Channel 0 - Message: hello world
2025-03-17-T23:16:35: RTT-Channel 0 - Message: hello world
2025-03-17-T23:16:35: RTT-Channel 0 - Message: 2025-03-17-T23:16:35: RTT-Channel 0 - Message: 2025-03-17-T23:16:35: RTT-Channel 0 - Message: hello world
2025-03-17-T23:16:36: RTT-Channel 0 - Message: hello world
2025-03-17-T23:16:36: RTT-Channel 0 - Message: hello world
2025-03-17-T23:16:37: RTT-Channel 0 - Message: hello world
2025-03-17-T23:16:37: RTT-Channel 0 - Message: hello world
2025-03-17-T23:16:37: RTT-Channel 0 - Message: hello world
2025-03-17-T23:16:38: RTT-Channel 0 - Message: hello world
2025-03-17-T23:16:38: RTT-Channel 0 - Message: hello world
2025-03-17-T23:16:38: RTT-Channel 0 - Message: hello world
2025-03-17-T23:16:39: RTT-Channel 0 - Message: hello world
2025-03-17-T23:16:39: RTT-Channel 0 - Message: hello world
2025-03-17-T23:16:39: RTT-Channel 0 - Message: hello world
2025-03-17-T23:16:40: RTT-Channel 0 - Message: hello world
2025-03-17-T23:16:40: RTT-Channel 0 - Message: hello world
2025-03-17-T23:16:41: RTT-Channel 0 - Message: hello world
2025-03-17-T23:16:41: RTT-Channel 0 - Message: hello world
2025-03-17-T23:16:41: RTT-Channel 0 - Message: hello world
2025-03-17-T23:16:42: RTT-Channel 0 - Message: hello world
2025-03-17-T23:16:42: RTT-Channel 0 - Message: hello world
2025-03-17-T23:16:42: RTT-Channel 0 - Message: hello world
2025-03-17-T23:16:43: RTT-Channel 0 - Message: hello world
2025-03-17-T23:16:43: RTT-Channel 0 - Message: hello world
2025-03-17-T23:16:43: RTT-Channel 0 - Message: hello world
2025-03-17-T23:16:44: RTT-Channel 0 - Message: hello world
2025-03-17-T23:16:44: RTT-Channel 0 - Message: hello world
2025-03-17-T23:16:44: RTT-Channel 0 - Message: hello world
2025-03-17-T23:16:45: RTT-Channel 0 - Message: hello world
2025-03-17-T23:16:45: RTT-Channel 0 - Message: hello world
2025-03-17-T23:16:46: RTT-Channel 0 - Message: hello world
2025-03-17-T23:16:46: RTT-Channel 0 - Message: hello world
2025-03-17-T23:16:46: RTT-Channel 0 - Message: hello world
2025-03-17-T23:16:47: RTT-Channel 0 - Message: hello world
2025-03-17-T23:16:47: RTT-Channel 0 - Message: hello world
2025-03-17-T23:16:48: RTT-Channel 0 - Message: hello world
2025-03-17-T23:16:48: RTT-Channel 0 - Message: hello world
2025-03-17-T23:16:48: RTT-Channel 0 - Message: hello world
2025-03-17-T23:16:49: RTT-Channel 0 - Message: hello world
2025-03-17-T23:16:49: RTT-Channel 0 - Message: hello world
2025-03-17-T23:16:49: RTT-Channel 0 - Message: hello world
2025-03-17-T23:16:50: RTT-Channel 0 - Message: hello world
2025-03-17-T23:16:50: RTT-Channel 0 - Message: hello world
2025-03-17-T23:16:50: RTT-Channel 0 - Message: hello world
2025-03-17-T23:16:51: RTT-Channel 0 - Message: hello world
2025-03-17-T23:16:51: RTT-Channel 0 - Message: hello world
2025-03-17-T23:16:51: RTT-Channel 0 - Message: hello world
2025-03-17-T23:16:52: RTT-Channel 0 - Message: hello world
2025-03-17-T23:16:52: RTT-Channel 0 - Message: hello world
2025-03-17-T23:16:53: RTT-Channel 0 - Message: hello world
2025-03-17-T23:16:53: RTT-Channel 0 - Message: hello world
2025-03-17-T23:16:53: RTT-Channel 0 - Message: hello world
2025-03-17-T23:16:54: RTT-Channel 0 - Message: hello world
2025-03-17-T23:16:54: RTT-Channel 0 - Message: hello world
2025-03-17-T23:16:54: RTT-Channel 0 - Message: hello world
2025-03-17-T23:16:55: RTT-Channel 0 - Message: hello world
2025-03-17-T23:16:55: RTT-Channel 0 - Message: hello world
2025-03-17-T23:16:55: RTT-Channel 0 - Message: hello world
2025-03-17-T23:16:56: RTT-Channel 0 - Message: hello world
2025-03-17-T23:16:56: RTT-Channel 0 - Message: hello world
2025-03-17-T23:16:57: RTT-Channel 0 - Message: hello world
2025-03-17-T23:16:57: RTT-Channel 0 - Message: hello world
2025-03-17-T23:16:57: RTT-Channel 0 - Message: hello world
2025-03-17-T23:16:58: RTT-Channel 0 - Message: hello world
2025-03-17-T23:16:58: RTT-Channel 0 - Message: hello world
2025-03-17-T23:16:58: RTT-Channel 0 - Message: hello world
2025-03-17-T23:16:59: RTT-Channel 0 - Message: hello world
2025-03-17-T23:16:59: RTT-Channel 0 - Message: hello world
2025-03-17-T23:16:59: RTT-Channel 0 - Message: hello world
2025-03-17-T23:17:00: RTT-Channel 0 - Message: hello world
2025-03-17-T23:17:00: RTT-Channel 0 - Message: hello world
2025-03-17-T23:17:01: RTT-Channel 0 - Message: hello world
2025-03-17-T23:17:01: RTT-Channel 0 - Message: hello world
2025-03-17-T23:17:01: RTT-Channel 0 - Message: hello world
2025-03-17-T23:17:02: RTT-Channel 0 - Message: hello world
2025-03-17-T23:17:02: RTT-Channel 0 - Message: hello world
2025-03-17-T23:17:02: RTT-Channel 0 - Message: hello world
2025-03-17-T23:17:03: RTT-Channel 0 - Message: hello world
2025-03-17-T23:17:03: RTT-Channel 0 - Message: hello world
2025-03-17-T23:17:04: RTT-Channel 0 - Message: hello world
2025-03-17-T23:17:04: RTT-Channel 0 - Message: hello world
2025-03-17-T23:17:04: RTT-Channel 0 - Message: hello world
2025-03-17-T23:17:05: RTT-Channel 0 - Message: hello world
2025-03-17-T23:17:05: RTT-Channel 0 - Message: hello world
2025-03-17-T23:17:05: RTT-Channel 0 - Message: hello world
2025-03-17-T23:17:06: RTT-Channel 0 - Message: hello world
2025-03-17-T23:17:06: RTT-Channel 0 - Message: hello world
2025-03-17-T23:17:06: RTT-Channel 0 - Message: hello world
2025-03-17-T23:17:07: RTT-Channel 0 - Message: hello world
2025-03-17-T23:17:07: RTT-Channel 0 - Message: hello world
2025-03-17-T23:17:07: RTT-Channel 0 - Message: hello world
2025-03-17-T23:17:08: RTT-Channel 0 - Message: hello world
2025-03-17-T23:17:08: RTT-Channel 0 - Message: hello world
2025-03-17-T23:17:09: RTT-Channel 0 - Message: hello world
2025-03-17-T23:17:09: RTT-Channel 0 - Message: hello world
2025-03-17-T23:17:09: RTT-Channel 0 - Message: hello world
2025-03-17-T23:17:10: RTT-Channel 0 - Message: hello world
2025-03-17-T23:17:10: RTT-Channel 0 - Message: hello world
2025-03-17-T23:17:10: RTT-Channel 0 - Message: hello world
2025-03-17-T23:17:11: RTT-Channel 0 - Message: hello world
2025-03-17-T23:17:11: RTT-Channel 0 - Message: hello world
2025-03-17-T23:17:11: RTT-Channel 0 - Message: hello world
2025-03-17-T23:17:12: RTT-Channel 0 - Message: hello world
2025-03-17-T23:17:12: RTT-Channel 0 - Message: hello world
2025-03-17-T23:17:13: RTT-Channel 0 - Message: hello world
2025-03-17-T23:17:13: RTT-Channel 0 - Message: hello world
2025-03-17-T23:17:13: RTT-Channel 0 - Message: hello world
2025-03-17-T23:17:14: RTT-Channel 0 - Message: hello world
2025-03-17-T23:17:14: RTT-Channel 0 - Message: hello world
2025-03-17-T23:17:14: RTT-Channel 0 - Message: hello world
2025-03-17-T23:17:15: RTT-Channel 0 - Message: hello world
2025-03-17-T23:17:15: RTT-Channel 0 - Message: hello world
2025-03-17-T23:17:16: RTT-Channel 0 - Message: hello world
2025-03-17-T23:17:16: RTT-Channel 0 - Message: hello world
2025-03-17-T23:17:16: RTT-Channel 0 - Message: hello world
2025-03-17-T23:17:17: RTT-Channel 0 - Message: hello world
2025-03-17-T23:17:17: RTT-Channel 0 - Message: hello world
2025-03-17-T23:17:17: RTT-Channel 0 - Message: hello world
2025-03-17-T23:17:18: RTT-Channel 0 - Message: hello world
2025-03-17-T23:17:18: RTT-Channel 0 - Message: hello world
2025-03-17-T23:17:18: RTT-Channel 0 - Message: hello world
2025-03-17-T23:17:19: RTT-Channel 0 - Message: hello world
2025-03-17-T23:17:19: RTT-Channel 0 - Message: hello world
2025-03-17-T23:17:19: RTT-Channel 0 - Message: hello world
2025-03-17-T23:17:20: RTT-Channel 0 - Message: hello world
2025-03-17-T23:17:20: RTT-Channel 0 - Message: hello world
2025-03-17-T23:17:21: RTT-Channel 0 - Message: hello world
2025-03-17-T23:17:21: RTT-Channel 0 - Message: hello world
2025-03-17-T23:17:21: RTT-Channel 0 - Message: hello world
2025-03-17-T23:17:22: RTT-Channel 0 - Message: hello world
2025-03-17-T23:17:22: RTT-Channel 0 - Message: hello world
2025-03-17-T23:17:22: RTT-Channel 0 - Message: hello world
2025-03-17-T23:17:23: RTT-Channel 0 - Message: hello world
2025-03-17-T23:17:23: RTT-Channel 0 - Message: hello world
2025-03-17-T23:17:24: RTT-Channel 0 - Message: hello world
2025-03-17-T23:17:24: RTT-Channel 0 - Message: hello world
2025-03-17-T23:17:24: RTT-Channel 0 - Message: hello world
2025-03-17-T23:17:25: RTT-Channel 0 - Message: hello world
2025-03-17-T23:17:25: RTT-Channel 0 - Message: hello world
2025-03-17-T23:17:25: RTT-Channel 0 - Message: hello world
2025-03-17-T23:17:26: RTT-Channel 0 - Message: hello world
2025-03-17-T23:17:26: RTT-Channel 0 - Message: hello world
2025-03-17-T23:17:26: RTT-Channel 0 - Message: hello world
2025-03-17-T23:17:27: RTT-Channel 0 - Message: hello world
2025-03-17-T23:17:27: RTT-Channel 0 - Message: hello world
2025-03-17-T23:17:28: RTT-Channel 0 - Message: hello world
2025-03-17-T23:17:28: RTT-Channel 0 - Message: hello world
2025-03-17-T23:17:28: RTT-Channel 0 - Message: hello world
2025-03-17-T23:17:29: RTT-Channel 0 - Message: hello world
2025-03-17-T23:17:29: RTT-Channel 0 - Message: hello world
2025-03-17-T23:17:29: RTT-Channel 0 - Message: hello world
2025-03-17-T23:17:30: RTT-Channel 0 - Message: hello world
2025-03-17-T23:17:30: RTT-Channel 0 - Message: hello world
2025-03-17-T23:17:30: RTT-Channel 0 - Message: hello world
2025-03-17-T23:17:31: RTT-Channel 0 - Message: hello world
2025-03-17-T23:17:31: RTT-Channel 0 - Message: hello world
2025-03-17-T23:17:32: RTT-Channel 0 - Message: hello world
2025-03-17-T23:17:32: RTT-Channel 0 - Message: hello world
2025-03-17-T23:17:32: RTT-Channel 0 - Message: hello world
2025-03-17-T23:17:33: RTT-Channel 0 - Message: hello world
2025-03-17-T23:17:33: RTT-Channel 0 - Message: hello world
2025-03-17-T23:17:33: RTT-Channel 0 - Message: hello world
2025-03-17-T23:17:34: RTT-Channel 0 - Message: hello world
2025-03-17-T23:17:34: RTT-Channel 0 - Message: hello world
2025-03-17-T23:17:34: RTT-Channel 0 - Message: hello world
2025-03-17-T23:17:35: RTT-Channel 0 - Message: hello world
2025-03-17-T23:17:35: RTT-Channel 0 - Message: hello world
2025-03-17-T23:17:36: RTT-Channel 0 - Message: hello world
2025-03-17-T23:17:36: RTT-Channel 0 - Message: hello world
2025-03-17-T23:17:36: RTT-Channel 0 - Message: hello world
2025-03-17-T23:17:37: RTT-Channel 0 - Message: hello world
2025-03-17-T23:17:37: RTT-Channel 0 - Message: hello world
2025-03-17-T23:17:37: RTT-Channel 0 - Message: hello world
2025-03-17-T23:17:38: RTT-Channel 0 - Message: hello world
2025-03-17-T23:17:38: RTT-Channel 0 - Message: hello world
2025-03-17-T23:17:38: RTT-Channel 0 - Message: hello world
2025-03-17-T23:17:39: RTT-Channel 0 - Message: hello world
2025-03-17-T23:17:39: RTT-Channel 0 - Message: hello world
2025-03-17-T23:17:40: RTT-Channel 0 - Message: hello world
2025-03-17-T23:17:40: RTT-Channel 0 - Message: hello world
2025-03-17-T23:17:40: RTT-Channel 0 - Message: hello world
2025-03-17-T23:17:41: RTT-Channel 0 - Message: hello world
2025-03-17-T23:17:41: RTT-Channel 0 - Message: hello world
2025-03-17-T23:17:41: RTT-Channel 0 - Message: hello world
2025-03-17-T23:17:42: RTT-Channel 0 - Message: hello world
2025-03-17-T23:17:42: RTT-Channel 0 - Message: hello world
2025-03-17-T23:17:42: RTT-Channel 0 - Message: hello world
2025-03-17-T23:17:43: RTT-Channel 0 - Message: hello world
2025-03-17-T23:17:43: RTT-Channel 0 - Message: hello world
2025-03-17-T23:17:44: RTT-Channel 0 - Message: hello world
2025-03-17-T23:17:44: RTT-Channel 0 - Message: hello world
2025-03-17-T23:17:44: RTT-Channel 0 - Message: hello world
2025-03-17-T23:17:45: RTT-Channel 0 - Message: hello world
2025-03-17-T23:17:45: RTT-Channel 0 - Message: hello world
2025-03-17-T23:17:45: RTT-Channel 0 - Message: hello world
2025-03-17-T23:17:46: RTT-Channel 0 - Message: hello world
2025-03-17-T23:17:46: RTT-Channel 0 - Message: hello world
2025-03-17-T23:17:46: RTT-Channel 0 - Message: hello world
2025-03-17-T23:17:47: RTT-Channel 0 - Message: hello world
2025-03-17-T23:17:47: RTT-Channel 0 - Message: hello world
2025-03-17-T23:17:48: RTT-Channel 0 - Message: hello world
2025-03-17-T23:17:48: RTT-Channel 0 - Message: hello world
2025-03-17-T23:17:48: RTT-Channel 0 - Message: hello world
2025-03-17-T23:17:49: RTT-Channel 0 - Message: hello world
2025-03-17-T23:17:49: RTT-Channel 0 - Message: hello world
2025-03-17-T23:17:49: RTT-Channel 0 - Message: hello world
2025-03-17-T23:17:50: RTT-Channel 0 - Message: hello world
2025-03-17-T23:17:50: RTT-Channel 0 - Message: hello world
2025-03-17-T23:17:51: RTT-Channel 0 - Message: hello world
2025-03-17-T23:17:51: RTT-Channel 0 - Message: hello world
2025-03-17-T23:17:51: RTT-Channel 0 - Message: hello world
2025-03-17-T23:17:52: RTT-Channel 0 - Message: hello world
2025-03-17-T23:17:52: RTT-Channel 0 - Message: hello world
2025-03-17-T23:17:52: RTT-Channel 0 - Message: hello world
2025-03-17-T23:17:53: RTT-Channel 0 - Message: hello world
2025-03-17-T23:17:53: RTT-Channel 0 - Message: hello world
2025-03-17-T23:17:53: RTT-Channel 0 - Message: hello world
2025-03-17-T23:17:54: RTT-Channel 0 - Message: hello world
2025-03-17-T23:17:54: RTT-Channel 0 - Message: hello world
2025-03-17-T23:17:54: RTT-Channel 0 - Message: hello world
2025-03-17-T23:17:55: RTT-Channel 0 - Message: hello world
2025-03-17-T23:17:55: RTT-Channel 0 - Message: hello world
2025-03-17-T23:17:56: RTT-Channel 0 - Message: hello world
2025-03-17-T23:17:56: RTT-Channel 0 - Message: hello world
2025-03-17-T23:17:56: RTT-Channel 0 - Message: hello world
2025-03-17-T23:17:57: RTT-Channel 0 - Message: hello world
2025-03-17-T23:17:57: RTT-Channel 0 - Message: hello world
2025-03-17-T23:17:57: RTT-Channel 0 - Message: hello world
2025-03-17-T23:17:58: RTT-Channel 0 - Message: hello world
2025-03-17-T23:17:58: RTT-Channel 0 - Message: hello world
2025-03-17-T23:17:59: RTT-Channel 0 - Message: hello world
2025-03-17-T23:17:59: RTT-Channel 0 - Message: hello world
2025-03-17-T23:17:59: RTT-Channel 0 - Message: hello world
2025-03-17-T23:18:00: RTT-Channel 0 - Message: hello world
2025-03-17-T23:18:00: RTT-Channel 0 - Message: hello world
2025-03-17-T23:18:00: RTT-Channel 0 - Message: hello world
2025-03-17-T23:18:01: RTT-Channel 0 - Message: hello world
2025-03-17-T23:18:01: RTT-Channel 0 - Message: hello world
2025-03-17-T23:18:01: RTT-Channel 0 - Message: hello world
2025-03-17-T23:18:02: RTT-Channel 0 - Message: hello world
2025-03-17-T23:18:02: RTT-Channel 0 - Message: hello world
2025-03-17-T23:18:03: RTT-Channel 0 - Message: hello world
2025-03-17-T23:18:03: RTT-Channel 0 - Message: hello world
2025-03-17-T23:18:03: RTT-Channel 0 - Message: hello world
2025-03-17-T23:18:04: RTT-Channel 0 - Message: hello world
2025-03-17-T23:18:04: RTT-Channel 0 - Message: hello world
2025-03-17-T23:18:04: RTT-Channel 0 - Message: hello world
2025-03-17-T23:18:05: RTT-Channel 0 - Message: hello world
2025-03-17-T23:18:05: RTT-Channel 0 - Message: hello world
2025-03-17-T23:18:05: RTT-Channel 0 - Message: hello world
2025-03-17-T23:18:06: RTT-Channel 0 - Message: hello world
2025-03-17-T23:18:06: RTT-Channel 0 - Message: hello world
2025-03-17-T23:18:07: RTT-Channel 0 - Message: hello world
2025-03-17-T23:18:07: RTT-Channel 0 - Message: hello world
2025-03-17-T23:18:07: RTT-Channel 0 - Message: hello world
2025-03-17-T23:18:08: RTT-Channel 0 - Message: hello world
2025-03-17-T23:18:08: RTT-Channel 0 - Message: hello world
2025-03-17-T23:18:08: RTT-Channel 0 - Message: hello world
2025-03-17-T23:18:09: RTT-Channel 0 - Message: hello world
2025-03-17-T23:18:09: RTT-Channel 0 - Message: hello world
2025-03-17-T23:18:09: RTT-Channel 0 - Message: hello world
2025-03-17-T23:18:10: RTT-Channel 0 - Message: hello world
2025-03-17-T23:18:10: RTT-Channel 0 - Message: hello world
2025-03-17-T23:18:11: RTT-Channel 0 - Message: hello world
2025-03-17-T23:18:11: RTT-Channel 0 - Message: hello world
2025-03-17-T23:18:11: RTT-Channel 0 - Message: hello world
2025-03-17-T23:18:12: RTT-Channel 0 - Message: hello world
2025-03-17-T23:18:12: RTT-Channel 0 - Message: hello world
2025-03-17-T23:18:12: RTT-Channel 0 - Message: hello world
2025-03-17-T23:18:13: RTT-Channel 0 - Message: hello world
2025-03-17-T23:18:13: RTT-Channel 0 - Message: hello world
2025-03-17-T23:18:13: RTT-Channel 0 - Message: hello world
2025-03-17-T23:18:14: RTT-Channel 0 - Message: hello world
2025-03-17-T23:18:14: RTT-Channel 0 - Message: hello world
2025-03-17-T23:18:15: RTT-Channel 0 - Message: hello world
2025-03-17-T23:18:15: RTT-Channel 0 - Message: hello world
2025-03-17-T23:18:15: RTT-Channel 0 - Message: hello world
2025-03-17-T23:18:16: RTT-Channel 0 - Message: hello world
2025-03-17-T23:18:16: RTT-Channel 0 - Message: hello world
2025-03-17-T23:18:16: RTT-Channel 0 - Message: hello world
2025-03-17-T23:18:17: RTT-Channel 0 - Message: hello world
2025-03-17-T23:18:17: RTT-Channel 0 - Message: hello world
2025-03-17-T23:18:17: RTT-Channel 0 - Message: hello world
2025-03-17-T23:18:18: RTT-Channel 0 - Message: hello world
2025-03-17-T23:18:18: RTT-Channel 0 - Message: hello world
2025-03-17-T23:18:19: RTT-Channel 0 - Message: hello world
2025-03-17-T23:18:19: RTT-Channel 0 - Message: hello world
2025-03-17-T23:18:19: RTT-Channel 0 - Message: hello world
2025-03-17-T23:18:20: RTT-Channel 0 - Message: hello world
2025-03-17-T23:18:20: RTT-Channel 0 - Message: hello world
2025-03-17-T23:18:20: RTT-Channel 0 - Message: hello world
2025-03-17-T23:18:21: RTT-Channel 0 - Message: hello world
2025-03-17-T23:18:21: RTT-Channel 0 - Message: hello world
2025-03-17-T23:18:21: RTT-Channel 0 - Message: hello world
2025-03-17-T23:18:22: RTT-Channel 0 - Message: hello world
2025-03-17-T23:18:22: RTT-Channel 0 - Message: hello world
2025-03-17-T23:18:23: RTT-Channel 0 - Message: hello world
2025-03-17-T23:18:23: RTT-Channel 0 - Message: hello world
2025-03-17-T23:18:23: RTT-Channel 0 - Message: hello world
2025-03-17-T23:18:24: RTT-Channel 0 - Message: hello world
2025-03-17-T23:18:24: RTT-Channel 0 - Message: hello world
2025-03-17-T23:18:24: RTT-Channel 0 - Message: hello world
2025-03-17-T23:18:25: RTT-Channel 0 - Message: hello world
2025-03-17-T23:18:25: RTT-Channel 0 - Message: hello world
2025-03-17-T23:18:25: RTT-Channel 0 - Message: hello world
2025-03-17-T23:18:26: RTT-Channel 0 - Message: hello world
2025-03-17-T23:18:26: RTT-Channel 0 - Message: hello world
2025-03-17-T23:18:27: RTT-Channel 0 - Message: hello world
2025-03-17-T23:18:27: RTT-Channel 0 - Message: hello world
2025-03-17-T23:18:27: RTT-Channel 0 - Message: hello world
2025-03-17-T23:18:28: RTT-Channel 0 - Message: hello world
2025-03-17-T23:18:28: RTT-Channel 0 - Message: hello world
2025-03-17-T23:18:28: RTT-Channel 0 - Message: hello world
2025-03-17-T23:18:29: RTT-Channel 0 - Message: hello world
2025-03-17-T23:18:29: RTT-Channel 0 - Message: hello world
2025-03-17-T23:18:29: RTT-Channel 0 - Message: hello world
2025-03-17-T23:18:30: RTT-Channel 0 - Message: hello world
2025-03-17-T23:18:30: RTT-Channel 0 - Message: hello world
2025-03-17-T23:18:31: RTT-Channel 0 - Message: hello world
2025-03-17-T23:18:31: RTT-Channel 0 - Message: hello world
2025-03-17-T23:18:31: RTT-Channel 0 - Message: hello world
2025-03-17-T23:18:32: RTT-Channel 0 - Message: hello world
2025-03-17-T23:18:32: RTT-Channel 0 - Message: hello world
2025-03-17-T23:18:32: RTT-Channel 0 - Message: hello world
2025-03-17-T23:18:33: RTT-Channel 0 - Message: hello world
2025-03-17-T23:18:33: RTT-Channel 0 - Message: hello world
2025-03-17-T23:18:33: RTT-Channel 0 - Message: hello world
2025-03-17-T23:18:34: RTT-Channel 0 - Message: hello world
2025-03-17-T23:18:34: RTT-Channel 0 - Message: hello world
2025-03-17-T23:18:35: RTT-Channel 0 - Message: hello world
2025-03-17-T23:18:35: RTT-Channel 0 - Message: hello world
2025-03-17-T23:18:35: RTT-Channel 0 - Message: hello world
2025-03-17-T23:18:36: RTT-Channel 0 - Message: hello world
2025-03-17-T23:18:36: RTT-Channel 0 - Message: hello world
2025-03-17-T23:18:36: RTT-Channel 0 - Message: hello world
2025-03-17-T23:18:37: RTT-Channel 0 - Message: hello world
2025-03-17-T23:18:37: RTT-Channel 0 - Message: hello world
2025-03-17-T23:18:38: RTT-Channel 0 - Message: hello world
2025-03-17-T23:18:38: RTT-Channel 0 - Message: hello world
2025-03-17-T23:18:38: RTT-Channel 0 - Message: hello world
2025-03-17-T23:18:39: RTT-Channel 0 - Message: hello world
2025-03-17-T23:18:39: RTT-Channel 0 - Message: hello world
2025-03-17-T23:18:39: RTT-Channel 0 - Message: hello world
2025-03-17-T23:18:40: RTT-Channel 0 - Message: hello world
2025-03-17-T23:18:40: RTT-Channel 0 - Message: hello world
2025-03-17-T23:18:40: RTT-Channel 0 - Message: hello world
2025-03-17-T23:18:41: RTT-Channel 0 - Message: hello world
2025-03-17-T23:18:41: RTT-Channel 0 - Message: hello world
2025-03-17-T23:18:42: RTT-Channel 0 - Message: hello world
2025-03-17-T23:18:42: RTT-Channel 0 - Message: hello world
2025-03-17-T23:18:42: RTT-Channel 0 - Message: hello world
2025-03-17-T23:18:43: RTT-Channel 0 - Message: hello world
2025-03-17-T23:18:43: RTT-Channel 0 - Message: hello world
2025-03-17-T23:18:43: RTT-Channel 0 - Message: hello world
2025-03-17-T23:18:44: RTT-Channel 0 - Message: hello world
2025-03-17-T23:18:44: RTT-Channel 0 - Message: 2025-03-17-T23:18:44: RTT-Channel 0 - Message: 2025-03-17-T23:18:44: RTT-Channel 0 - Message: hello world
2025-03-17-T23:18:45: RTT-Channel 0 - Message: hello world
2025-03-17-T23:18:45: RTT-Channel 0 - Message: hello world
2025-03-17-T23:18:45: RTT-Channel 0 - Message: hello world
2025-03-17-T23:18:46: RTT-Channel 0 - Message: hello world
2025-03-17-T23:18:46: RTT-Channel 0 - Message: hello world
2025-03-17-T23:18:47: RTT-Channel 0 - Message: hello world
2025-03-17-T23:18:47: RTT-Channel 0 - Message: hello world
2025-03-17-T23:18:47: RTT-Channel 0 - Message: hello world
2025-03-17-T23:18:48: RTT-Channel 0 - Message: hello world
2025-03-17-T23:18:48: RTT-Channel 0 - Message: hello world
2025-03-17-T23:18:48: RTT-Channel 0 - Message: hello world
2025-03-17-T23:18:49: RTT-Channel 0 - Message: hello world
2025-03-17-T23:18:49: RTT-Channel 0 - Message: hello world
2025-03-17-T23:18:49: RTT-Channel 0 - Message: hello world
2025-03-17-T23:18:50: RTT-Channel 0 - Message: hello world
2025-03-17-T23:18:50: RTT-Channel 0 - Message: hello world
2025-03-17-T23:18:51: RTT-Channel 0 - Message: hello world
2025-03-17-T23:18:51: RTT-Channel 0 - Message: hello world
2025-03-17-T23:18:51: RTT-Channel 0 - Message: hello world
2025-03-17-T23:18:52: RTT-Channel 0 - Message: hello world
2025-03-17-T23:18:52: RTT-Channel 0 - Message: hello world
2025-03-17-T23:18:52: RTT-Channel 0 - Message: hello world
2025-03-17-T23:18:53: RTT-Channel 0 - Message: hello world
2025-03-17-T23:18:53: RTT-Channel 0 - Message: hello world
2025-03-17-T23:18:54: RTT-Channel 0 - Message: hello world
2025-03-17-T23:18:54: RTT-Channel 0 - Message: hello world
2025-03-17-T23:18:54: RTT-Channel 0 - Message: hello world
2025-03-17-T23:18:55: RTT-Channel 0 - Message: hello world
2025-03-17-T23:18:55: RTT-Channel 0 - Message: hello world
2025-03-17-T23:18:55: RTT-Channel 0 - Message: hello world
2025-03-17-T23:18:56: RTT-Channel 0 - Message: hello world
2025-03-17-T23:18:56: RTT-Channel 0 - Message: hello world
2025-03-17-T23:18:56: RTT-Channel 0 - Message: hello world
2025-03-17-T23:18:57: RTT-Channel 0 - Message: hello world
2025-03-17-T23:18:57: RTT-Channel 0 - Message: hello world
2025-03-17-T23:18:58: RTT-Channel 0 - Message: hello world
2025-03-17-T23:18:58: RTT-Channel 0 - Message: hello world
2025-03-17-T23:18:58: RTT-Channel 0 - Message: hello world
2025-03-17-T23:18:59: RTT-Channel 0 - Message: hello world
2025-03-17-T23:18:59: RTT-Channel 0 - Message: hello world
2025-03-17-T23:18:59: RTT-Channel 0 - Message: hello world
2025-03-17-T23:19:00: RTT-Channel 0 - Message: hello world
2025-03-17-T23:19:00: RTT-Channel 0 - Message: hello world
2025-03-17-T23:19:00: RTT-Channel 0 - Message: hello world
2025-03-17-T23:19:01: RTT-Channel 0 - Message: hello world
2025-03-17-T23:19:01: RTT-Channel 0 - Message: hello world
2025-03-17-T23:19:01: RTT-Channel 0 - Message: hello world
2025-03-17-T23:19:02: RTT-Channel 0 - Message: hello world
2025-03-17-T23:19:02: RTT-Channel 0 - Message: hello world
2025-03-17-T23:19:03: RTT-Channel 0 - Message: hello world
2025-03-17-T23:19:03: RTT-Channel 0 - Message: hello world
2025-03-17-T23:19:03: RTT-Channel 0 - Message: hello world
2025-03-17-T23:19:04: RTT-Channel 0 - Message: hello world
2025-03-17-T23:19:04: RTT-Channel 0 - Message: hello world
2025-03-17-T23:19:04: RTT-Channel 0 - Message: hello world
2025-03-17-T23:19:05: RTT-Channel 0 - Message: hello world
2025-03-17-T23:19:05: RTT-Channel 0 - Message: hello world
2025-03-17-T23:19:06: RTT-Channel 0 - Message: hello world
2025-03-17-T23:19:06: RTT-Channel 0 - Message: hello world
2025-03-17-T23:19:06: RTT-Channel 0 - Message: hello world
2025-03-17-T23:19:07: RTT-Channel 0 - Message: hello world
2025-03-17-T23:19:07: RTT-Channel 0 - Message: hello world
2025-03-17-T23:19:07: RTT-Channel 0 - Message: hello world
2025-03-17-T23:19:08: RTT-Channel 0 - Message: hello world
2025-03-17-T23:19:08: RTT-Channel 0 - Message: hello world
2025-03-17-T23:19:08: RTT-Channel 0 - Message: hello world
2025-03-17-T23:19:09: RTT-Channel 0 - Message: hello world
2025-03-17-T23:19:09: RTT-Channel 0 - Message: hello world
2025-03-17-T23:19:10: RTT-Channel 0 - Message: hello world
2025-03-17-T23:19:10: RTT-Channel 0 - Message: 2025-03-17-T23:19:10: RTT-Channel 0 - Message: 2025-03-17-T23:19:10: RTT-Channel 0 - Message: hello world
2025-03-17-T23:19:11: RTT-Channel 0 - Message: hello world
2025-03-17-T23:19:11: RTT-Channel 0 - Message: hello world
2025-03-17-T23:19:11: RTT-Channel 0 - Message: hello world
2025-03-17-T23:19:12: RTT-Channel 0 - Message: hello world
2025-03-17-T23:19:12: RTT-Channel 0 - Message: hello world
2025-03-17-T23:19:12: RTT-Channel 0 - Message: hello world
2025-03-17-T23:19:13: RTT-Channel 0 - Message: hello world
2025-03-17-T23:19:13: RTT-Channel 0 - Message: hello world
2025-03-17-T23:19:14: RTT-Channel 0 - Message: hello world
2025-03-17-T23:19:14: RTT-Channel 0 - Message: hello world
2025-03-17-T23:19:14: RTT-Channel 0 - Message: hello world
2025-03-17-T23:19:15: RTT-Channel 0 - Message: hello world
2025-03-17-T23:19:15: RTT-Channel 0 - Message: hello world
2025-03-17-T23:19:15: RTT-Channel 0 - Message: hello world
2025-03-17-T23:19:16: RTT-Channel 0 - Message: hello world
2025-03-17-T23:19:16: RTT-Channel 0 - Message: hello world
2025-03-17-T23:19:17: RTT-Channel 0 - Message: hello world
2025-03-17-T23:19:17: RTT-Channel 0 - Message: hello world
2025-03-17-T23:19:17: RTT-Channel 0 - Message: hello world
2025-03-17-T23:19:18: RTT-Channel 0 - Message: hello world
2025-03-17-T23:19:18: RTT-Channel 0 - Message: hello world
2025-03-17-T23:19:18: RTT-Channel 0 - Message: hello world
2025-03-17-T23:19:19: RTT-Channel 0 - Message: hello world
2025-03-17-T23:19:19: RTT-Channel 0 - Message: hello world
2025-03-17-T23:19:19: RTT-Channel 0 - Message: hello world
2025-03-17-T23:19:20: RTT-Channel 0 - Message: hello world
2025-03-17-T23:19:20: RTT-Channel 0 - Message: hello world
2025-03-17-T23:19:20: RTT-Channel 0 - Message: hello world
2025-03-17-T23:19:21: RTT-Channel 0 - Message: hello world
2025-03-17-T23:19:21: RTT-Channel 0 - Message: hello world
2025-03-17-T23:19:22: RTT-Channel 0 - Message: hello world
2025-03-17-T23:19:22: RTT-Channel 0 - Message: hello world
2025-03-17-T23:19:22: RTT-Channel 0 - Message: hello world
2025-03-17-T23:19:23: RTT-Channel 0 - Message: hello world
2025-03-17-T23:19:23: RTT-Channel 0 - Message: hello world
2025-03-17-T23:19:23: RTT-Channel 0 - Message: hello world
2025-03-17-T23:19:24: RTT-Channel 0 - Message: hello world
2025-03-17-T23:19:24: RTT-Channel 0 - Message: hello world
2025-03-17-T23:19:24: RTT-Channel 0 - Message: hello world
2025-03-17-T23:19:25: RTT-Channel 0 - Message: hello world
2025-03-17-T23:19:25: RTT-Channel 0 - Message: hello world
2025-03-17-T23:19:26: RTT-Channel 0 - Message: hello world
2025-03-17-T23:19:26: RTT-Channel 0 - Message: hello world
2025-03-17-T23:19:26: RTT-Channel 0 - Message: hello world
2025-03-17-T23:19:27: RTT-Channel 0 - Message: hello world
2025-03-17-T23:19:27: RTT-Channel 0 - Message: hello world
2025-03-17-T23:19:27: RTT-Channel 0 - Message: hello world
2025-03-17-T23:19:28: RTT-Channel 0 - Message: hello world
2025-03-17-T23:19:28: RTT-Channel 0 - Message: hello world
2025-03-17-T23:19:29: RTT-Channel 0 - Message: hello world
2025-03-17-T23:19:29: RTT-Channel 0 - Message: 2025-03-17-T23:19:29: RTT-Channel 0 - Message: 2025-03-17-T23:19:29: RTT-Channel 0 - Message: hello world
2025-03-17-T23:19:30: RTT-Channel 0 - Message: hello world
2025-03-17-T23:19:30: RTT-Channel 0 - Message: hello world
2025-03-17-T23:19:30: RTT-Channel 0 - Message: hello world
2025-03-17-T23:19:31: RTT-Channel 0 - Message: hello world
2025-03-17-T23:19:31: RTT-Channel 0 - Message: hello world
2025-03-17-T23:19:31: RTT-Channel 0 - Message: hello world
2025-03-17-T23:19:32: RTT-Channel 0 - Message: hello world
2025-03-17-T23:19:32: RTT-Channel 0 - Message: hello world
2025-03-17-T23:19:33: RTT-Channel 0 - Message: hello world
2025-03-17-T23:19:33: RTT-Channel 0 - Message: hello world
2025-03-17-T23:19:33: RTT-Channel 0 - Message: hello world
2025-03-17-T23:19:34: RTT-Channel 0 - Message: hello world
2025-03-17-T23:19:34: RTT-Channel 0 - Message: hello world
2025-03-17-T23:19:34: RTT-Channel 0 - Message: hello world
2025-03-17-T23:19:35: RTT-Channel 0 - Message: hello world
2025-03-17-T23:19:35: RTT-Channel 0 - Message: hello world
2025-03-17-T23:19:35: RTT-Channel 0 - Message: hello world
2025-03-17-T23:19:36: RTT-Channel 0 - Message: hello world
2025-03-17-T23:19:36: RTT-Channel 0 - Message: hello world
2025-03-17-T23:19:36: RTT-Channel 0 - Message: hello world
2025-03-17-T23:19:37: RTT-Channel 0 - Message: hello world
2025-03-17-T23:19:37: RTT-Channel 0 - Message: hello world
2025-03-17-T23:19:38: RTT-Channel 0 - Message: hello world
2025-03-17-T23:19:38: RTT-Channel 0 - Message: hello world
2025-03-17-T23:19:38: RTT-Channel 0 - Message: hello world
2025-03-17-T23:19:39: RTT-Channel 0 - Message: hello world
2025-03-17-T23:19:39: RTT-Channel 0 - Message: hello world
2025-03-17-T23:19:39: RTT-Channel 0 - Message: hello world
2025-03-17-T23:19:40: RTT-Channel 0 - Message: hello world
2025-03-17-T23:19:40: RTT-Channel 0 - Message: hello world
2025-03-17-T23:19:40: RTT-Channel 0 - Message: hello world
2025-03-17-T23:19:41: RTT-Channel 0 - Message: hello world
2025-03-17-T23:19:41: RTT-Channel 0 - Message: hello world
2025-03-17-T23:19:42: RTT-Channel 0 - Message: hello world
2025-03-17-T23:19:42: RTT-Channel 0 - Message: hello world
2025-03-17-T23:19:42: RTT-Channel 0 - Message: hello world
2025-03-17-T23:19:43: RTT-Channel 0 - Message: hello world
2025-03-17-T23:19:43: RTT-Channel 0 - Message: hello world
2025-03-17-T23:19:43: RTT-Channel 0 - Message: hello world
2025-03-17-T23:19:44: RTT-Channel 0 - Message: hello world
2025-03-17-T23:19:44: RTT-Channel 0 - Message: hello world
2025-03-17-T23:19:45: RTT-Channel 0 - Message: hello world
2025-03-17-T23:19:45: RTT-Channel 0 - Message: hello world
2025-03-17-T23:19:45: RTT-Channel 0 - Message: hello world
2025-03-17-T23:19:46: RTT-Channel 0 - Message: hello world
2025-03-17-T23:19:46: RTT-Channel 0 - Message: hello world
2025-03-17-T23:19:46: RTT-Channel 0 - Message: hello world
2025-03-17-T23:19:47: RTT-Channel 0 - Message: hello world
2025-03-17-T23:19:47: RTT-Channel 0 - Message: hello world
2025-03-17-T23:19:47: RTT-Channel 0 - Message: hello world
2025-03-17-T23:19:48: RTT-Channel 0 - Message: hello world
2025-03-17-T23:19:48: RTT-Channel 0 - Message: hello world
2025-03-17-T23:19:48: RTT-Channel 0 - Message: hello world
2025-03-17-T23:19:49: RTT-Channel 0 - Message: hello world
2025-03-17-T23:19:49: RTT-Channel 0 - Message: hello world
2025-03-17-T23:19:50: RTT-Channel 0 - Message: hello world
2025-03-17-T23:19:50: RTT-Channel 0 - Message: hello world
2025-03-17-T23:19:50: RTT-Channel 0 - Message: hello world
2025-03-17-T23:19:51: RTT-Channel 0 - Message: hello world
2025-03-17-T23:19:51: RTT-Channel 0 - Message: hello world
2025-03-17-T23:19:51: RTT-Channel 0 - Message: hello world
2025-03-17-T23:19:52: RTT-Channel 0 - Message: hello world
2025-03-17-T23:19:52: RTT-Channel 0 - Message: hello world
2025-03-17-T23:19:52: RTT-Channel 0 - Message: hello world
2025-03-17-T23:19:53: RTT-Channel 0 - Message: hello world
2025-03-17-T23:19:53: RTT-Channel 0 - Message: hello world
2025-03-17-T23:19:54: RTT-Channel 0 - Message: hello world
2025-03-17-T23:19:54: RTT-Channel 0 - Message: hello world
2025-03-17-T23:19:54: RTT-Channel 0 - Message: hello world
2025-03-17-T23:19:55: RTT-Channel 0 - Message: hello world
2025-03-17-T23:19:55: RTT-Channel 0 - Message: hello world
2025-03-17-T23:19:55: RTT-Channel 0 - Message: hello world
2025-03-17-T23:19:56: RTT-Channel 0 - Message: hello world
2025-03-17-T23:19:56: RTT-Channel 0 - Message: hello world
2025-03-17-T23:19:57: RTT-Channel 0 - Message: hello world
2025-03-17-T23:19:57: RTT-Channel 0 - Message: hello world
2025-03-17-T23:19:57: RTT-Channel 0 - Message: hello world
2025-03-17-T23:19:58: RTT-Channel 0 - Message: hello world
2025-03-17-T23:19:58: RTT-Channel 0 - Message: hello world
2025-03-17-T23:19:58: RTT-Channel 0 - Message: hello world
2025-03-17-T23:19:59: RTT-Channel 0 - Message: hello world
2025-03-17-T23:19:59: RTT-Channel 0 - Message: hello world
2025-03-17-T23:19:59: RTT-Channel 0 - Message: hello world
2025-03-17-T23:20:00: RTT-Channel 0 - Message: hello world
2025-03-17-T23:20:00: RTT-Channel 0 - Message: hello world
2025-03-17-T23:20:01: RTT-Channel 0 - Message: hello world
2025-03-17-T23:20:01: RTT-Channel 0 - Message: hello world
2025-03-17-T23:20:01: RTT-Channel 0 - Message: hello world
2025-03-17-T23:20:02: RTT-Channel 0 - Message: hello world
2025-03-17-T23:20:02: RTT-Channel 0 - Message: hello world
2025-03-17-T23:20:02: RTT-Channel 0 - Message: hello world
2025-03-17-T23:20:03: RTT-Channel 0 - Message: hello world
2025-03-17-T23:20:03: RTT-Channel 0 - Message: hello world
2025-03-17-T23:20:03: RTT-Channel 0 - Message: hello world
2025-03-17-T23:20:04: RTT-Channel 0 - Message: hello world
2025-03-17-T23:20:04: RTT-Channel 0 - Message: hello world
2025-03-17-T23:20:04: RTT-Channel 0 - Message: hello world
2025-03-17-T23:20:05: RTT-Channel 0 - Message: hello world
2025-03-17-T23:20:05: RTT-Channel 0 - Message: hello world
2025-03-17-T23:20:06: RTT-Channel 0 - Message: hello world
2025-03-17-T23:20:06: RTT-Channel 0 - Message: hello world
2025-03-17-T23:20:06: RTT-Channel 0 - Message: hello world
2025-03-17-T23:20:07: RTT-Channel 0 - Message: hello world
2025-03-17-T23:20:07: RTT-Channel 0 - Message: hello world
2025-03-17-T23:20:07: RTT-Channel 0 - Message: hello world
2025-03-17-T23:20:08: RTT-Channel 0 - Message: hello world
2025-03-17-T23:20:08: RTT-Channel 0 - Message: hello world
2025-03-17-T23:20:08: RTT-Channel 0 - Message: hello world
2025-03-17-T23:20:09: RTT-Channel 0 - Message: hello world
2025-03-17-T23:20:09: RTT-Channel 0 - Message: hello world
2025-03-17-T23:20:10: RTT-Channel 0 - Message: hello world
2025-03-17-T23:20:10: RTT-Channel 0 - Message: hello world
2025-03-17-T23:20:10: RTT-Channel 0 - Message: hello world
2025-03-17-T23:20:11: RTT-Channel 0 - Message: hello world
2025-03-17-T23:20:11: RTT-Channel 0 - Message: hello world
2025-03-17-T23:20:11: RTT-Channel 0 - Message: hello world
2025-03-17-T23:20:12: RTT-Channel 0 - Message: hello world
2025-03-17-T23:20:12: RTT-Channel 0 - Message: hello world
2025-03-17-T23:20:13: RTT-Channel 0 - Message: hello world
2025-03-17-T23:20:13: RTT-Channel 0 - Message: hello world
2025-03-17-T23:20:13: RTT-Channel 0 - Message: hello world
2025-03-17-T23:20:14: RTT-Channel 0 - Message: hello world
2025-03-17-T23:20:14: RTT-Channel 0 - Message: hello world
2025-03-17-T23:20:14: RTT-Channel 0 - Message: hello world
2025-03-17-T23:20:15: RTT-Channel 0 - Message: hello world
2025-03-17-T23:20:15: RTT-Channel 0 - Message: hello world
2025-03-17-T23:20:15: RTT-Channel 0 - Message: hello world
2025-03-17-T23:20:16: RTT-Channel 0 - Message: hello world
2025-03-17-T23:20:16: RTT-Channel 0 - Message: hello world
2025-03-17-T23:20:17: RTT-Channel 0 - Message: hello world
2025-03-17-T23:20:17: RTT-Channel 0 - Message: hello world
2025-03-17-T23:20:17: RTT-Channel 0 - Message: hello world
2025-03-17-T23:20:18: RTT-Channel 0 - Message: hello world
2025-03-17-T23:20:18: RTT-Channel 0 - Message: hello world
2025-03-17-T23:20:18: RTT-Channel 0 - Message: hello world
2025-03-17-T23:20:19: RTT-Channel 0 - Message: hello world
2025-03-17-T23:20:19: RTT-Channel 0 - Message: hello world
2025-03-17-T23:20:19: RTT-Channel 0 - Message: hello world
2025-03-17-T23:20:20: RTT-Channel 0 - Message: hello world
2025-03-17-T23:20:20: RTT-Channel 0 - Message: hello world
2025-03-17-T23:20:20: RTT-Channel 0 - Message: hello world
2025-03-17-T23:20:21: RTT-Channel 0 - Message: hello world
2025-03-17-T23:20:21: RTT-Channel 0 - Message: hello world
2025-03-17-T23:20:22: RTT-Channel 0 - Message: hello world
2025-03-17-T23:20:22: RTT-Channel 0 - Message: hello world
2025-03-17-T23:20:22: RTT-Channel 0 - Message: hello world
2025-03-17-T23:20:23: RTT-Channel 0 - Message: hello world
2025-03-17-T23:20:23: RTT-Channel 0 - Message: hello world
2025-03-17-T23:20:23: RTT-Channel 0 - Message: hello world
2025-03-17-T23:20:24: RTT-Channel 0 - Message: hello world
2025-03-17-T23:20:24: RTT-Channel 0 - Message: hello world
2025-03-17-T23:20:25: RTT-Channel 0 - Message: hello world
2025-03-17-T23:20:25: RTT-Channel 0 - Message: hello world
2025-03-17-T23:20:25: RTT-Channel 0 - Message: hello world
2025-03-17-T23:20:26: RTT-Channel 0 - Message: hello world
2025-03-17-T23:20:26: RTT-Channel 0 - Message: hello world
2025-03-17-T23:20:26: RTT-Channel 0 - Message: hello world
2025-03-17-T23:20:27: RTT-Channel 0 - Message: hello world
2025-03-17-T23:20:27: RTT-Channel 0 - Message: hello world
2025-03-17-T23:20:27: RTT-Channel 0 - Message: hello world
2025-03-17-T23:20:28: RTT-Channel 0 - Message: hello world
2025-03-17-T23:20:28: RTT-Channel 0 - Message: hello world
2025-03-17-T23:20:29: RTT-Channel 0 - Message: hello world
2025-03-17-T23:20:29: RTT-Channel 0 - Message: hello world
2025-03-17-T23:20:29: RTT-Channel 0 - Message: hello world
2025-03-17-T23:20:30: RTT-Channel 0 - Message: hello world
2025-03-17-T23:20:30: RTT-Channel 0 - Message: hello world
2025-03-17-T23:20:30: RTT-Channel 0 - Message: hello world
2025-03-17-T23:20:31: RTT-Channel 0 - Message: hello world
2025-03-17-T23:20:31: RTT-Channel 0 - Message: hello world
2025-03-17-T23:20:31: RTT-Channel 0 - Message: hello world
2025-03-17-T23:20:32: RTT-Channel 0 - Message: hello world
2025-03-17-T23:20:32: RTT-Channel 0 - Message: hello world
2025-03-17-T23:20:33: RTT-Channel 0 - Message: hello world
2025-03-17-T23:20:33: RTT-Channel 0 - Message: hello world
2025-03-17-T23:20:33: RTT-Channel 0 - Message: hello world
2025-03-17-T23:20:34: RTT-Channel 0 - Message: hello world
2025-03-17-T23:20:34: RTT-Channel 0 - Message: hello world
2025-03-17-T23:20:34: RTT-Channel 0 - Message: hello world
2025-03-17-T23:20:35: RTT-Channel 0 - Message: hello world
2025-03-17-T23:20:35: RTT-Channel 0 - Message: hello world
2025-03-17-T23:20:36: RTT-Channel 0 - Message: hello world
2025-03-17-T23:20:36: RTT-Channel 0 - Message: hello world
2025-03-17-T23:20:36: RTT-Channel 0 - Message: hello world
2025-03-17-T23:20:37: RTT-Channel 0 - Message: hello world
2025-03-17-T23:20:37: RTT-Channel 0 - Message: hello world
2025-03-17-T23:20:37: RTT-Channel 0 - Message: hello world
2025-03-17-T23:20:38: RTT-Channel 0 - Message: hello world
2025-03-17-T23:20:38: RTT-Channel 0 - Message: hello world
2025-03-17-T23:20:38: RTT-Channel 0 - Message: 2025-03-17-T23:20:38: RTT-Channel 0 - Message: 2025-03-17-T23:20:39: RTT-Channel 0 - Message: hello world
2025-03-17-T23:20:39: RTT-Channel 0 - Message: hello world
2025-03-17-T23:20:39: RTT-Channel 0 - Message: hello world
2025-03-17-T23:20:40: RTT-Channel 0 - Message: hello world
2025-03-17-T23:20:40: RTT-Channel 0 - Message: hello world
2025-03-17-T23:20:41: RTT-Channel 0 - Message: hello world
2025-03-17-T23:20:41: RTT-Channel 0 - Message: hello world
2025-03-17-T23:20:41: RTT-Channel 0 - Message: hello world
2025-03-17-T23:20:42: RTT-Channel 0 - Message: hello world
2025-03-17-T23:20:42: RTT-Channel 0 - Message: hello world
2025-03-17-T23:20:42: RTT-Channel 0 - Message: hello world
2025-03-17-T23:20:43: RTT-Channel 0 - Message: hello world
2025-03-17-T23:20:43: RTT-Channel 0 - Message: hello world
2025-03-17-T23:20:43: RTT-Channel 0 - Message: hello world
2025-03-17-T23:20:44: RTT-Channel 0 - Message: hello world
2025-03-17-T23:20:44: RTT-Channel 0 - Message: hello world
2025-03-17-T23:20:45: RTT-Channel 0 - Message: hello world
2025-03-17-T23:20:45: RTT-Channel 0 - Message: hello world
2025-03-17-T23:20:45: RTT-Channel 0 - Message: hello world
2025-03-17-T23:20:46: RTT-Channel 0 - Message: hello world
2025-03-17-T23:20:46: RTT-Channel 0 - Message: hello world
2025-03-17-T23:20:46: RTT-Channel 0 - Message: hello world
2025-03-17-T23:20:47: RTT-Channel 0 - Message: hello world
2025-03-17-T23:20:47: RTT-Channel 0 - Message: hello world
2025-03-17-T23:20:48: RTT-Channel 0 - Message: hello world
2025-03-17-T23:20:48: RTT-Channel 0 - Message: hello world
2025-03-17-T23:20:48: RTT-Channel 0 - Message: hello world
2025-03-17-T23:20:49: RTT-Channel 0 - Message: hello world
2025-03-17-T23:20:49: RTT-Channel 0 - Message: hello world
2025-03-17-T23:20:49: RTT-Channel 0 - Message: hello world
2025-03-17-T23:20:50: RTT-Channel 0 - Message: hello world
2025-03-17-T23:20:50: RTT-Channel 0 - Message: hello world
2025-03-17-T23:20:50: RTT-Channel 0 - Message: hello world
2025-03-17-T23:20:51: RTT-Channel 0 - Message: hello world
2025-03-17-T23:20:51: RTT-Channel 0 - Message: hello world
2025-03-17-T23:20:52: RTT-Channel 0 - Message: hello world
2025-03-17-T23:20:52: RTT-Channel 0 - Message: hello world
2025-03-17-T23:20:52: RTT-Channel 0 - Message: hello world
2025-03-17-T23:20:53: RTT-Channel 0 - Message: hello world
2025-03-17-T23:20:53: RTT-Channel 0 - Message: hello world
2025-03-17-T23:20:53: RTT-Channel 0 - Message: hello world
2025-03-17-T23:20:54: RTT-Channel 0 - Message: hello world
2025-03-17-T23:20:54: RTT-Channel 0 - Message: hello world
2025-03-17-T23:20:54: RTT-Channel 0 - Message: hello world
2025-03-17-T23:20:55: RTT-Channel 0 - Message: hello world
2025-03-17-T23:20:55: RTT-Channel 0 - Message: hello world
2025-03-17-T23:20:55: RTT-Channel 0 - Message: hello world
2025-03-17-T23:20:56: RTT-Channel 0 - Message: hello world
2025-03-17-T23:20:56: RTT-Channel 0 - Message: hello world
2025-03-17-T23:20:57: RTT-Channel 0 - Message: hello world
2025-03-17-T23:20:57: RTT-Channel 0 - Message: hello world
2025-03-17-T23:20:57: RTT-Channel 0 - Message: hello world
2025-03-17-T23:20:58: RTT-Channel 0 - Message: hello world
2025-03-17-T23:20:58: RTT-Channel 0 - Message: hello world
2025-03-17-T23:20:58: RTT-Channel 0 - Message: hello world
2025-03-17-T23:20:59: RTT-Channel 0 - Message: hello world
2025-03-17-T23:20:59: RTT-Channel 0 - Message: hello world
2025-03-17-T23:21:00: RTT-Channel 0 - Message: hello world
2025-03-17-T23:21:00: RTT-Channel 0 - Message: hello world
2025-03-17-T23:21:00: RTT-Channel 0 - Message: hello world
2025-03-17-T23:21:01: RTT-Channel 0 - Message: hello world
2025-03-17-T23:21:01: RTT-Channel 0 - Message: hello world
2025-03-17-T23:21:01: RTT-Channel 0 - Message: hello world
2025-03-17-T23:21:02: RTT-Channel 0 - Message: hello world
2025-03-17-T23:21:02: RTT-Channel 0 - Message: hello world
2025-03-17-T23:21:02: RTT-Channel 0 - Message: hello world
2025-03-17-T23:21:03: RTT-Channel 0 - Message: hello world
2025-03-17-T23:21:03: RTT-Channel 0 - Message: hello world
2025-03-17-T23:21:04: RTT-Channel 0 - Message: hello world
2025-03-17-T23:21:04: RTT-Channel 0 - Message: hello world
2025-03-17-T23:21:04: RTT-Channel 0 - Message: hello world
2025-03-17-T23:21:05: RTT-Channel 0 - Message: hello world
2025-03-17-T23:21:05: RTT-Channel 0 - Message: hello world
2025-03-17-T23:21:05: RTT-Channel 0 - Message: hello world
2025-03-17-T23:21:06: RTT-Channel 0 - Message: hello world
2025-03-17-T23:21:06: RTT-Channel 0 - Message: hello world
2025-03-17-T23:21:06: RTT-Channel 0 - Message: hello world
2025-03-17-T23:21:07: RTT-Channel 0 - Message: hello world
2025-03-17-T23:21:07: RTT-Channel 0 - Message: hello world
2025-03-17-T23:21:08: RTT-Channel 0 - Message: hello world
2025-03-17-T23:21:08: RTT-Channel 0 - Message: hello world
2025-03-17-T23:21:08: RTT-Channel 0 - Message: hello world
2025-03-17-T23:21:09: RTT-Channel 0 - Message: hello world
2025-03-17-T23:21:09: RTT-Channel 0 - Message: hello world
2025-03-17-T23:21:09: RTT-Channel 0 - Message: hello world
2025-03-17-T23:21:10: RTT-Channel 0 - Message: hello world
2025-03-17-T23:21:10: RTT-Channel 0 - Message: hello world
2025-03-17-T23:21:10: RTT-Channel 0 - Message: hello world
2025-03-17-T23:21:11: RTT-Channel 0 - Message: hello world
2025-03-17-T23:21:11: RTT-Channel 0 - Message: hello world
2025-03-17-T23:21:12: RTT-Channel 0 - Message: hello world
2025-03-17-T23:21:12: RTT-Channel 0 - Message: hello world
2025-03-17-T23:21:12: RTT-Channel 0 - Message: hello world
2025-03-17-T23:21:13: RTT-Channel 0 - Message: hello world
2025-03-17-T23:21:13: RTT-Channel 0 - Message: hello world
2025-03-17-T23:21:13: RTT-Channel 0 - Message: hello world
2025-03-17-T23:21:14: RTT-Channel 0 - Message: hello world
2025-03-17-T23:21:14: RTT-Channel 0 - Message: hello world
2025-03-17-T23:21:14: RTT-Channel 0 - Message: hello world
2025-03-17-T23:21:15: RTT-Channel 0 - Message: hello world
2025-03-17-T23:21:15: RTT-Channel 0 - Message: hello world
2025-03-17-T23:21:16: RTT-Channel 0 - Message: hello world
2025-03-17-T23:21:16: RTT-Channel 0 - Message: hello world
2025-03-17-T23:21:16: RTT-Channel 0 - Message: 2025-03-17-T23:21:16: RTT-Channel 0 - Message: 2025-03-17-T23:21:17: RTT-Channel 0 - Message: hello world
2025-03-17-T23:21:17: RTT-Channel 0 - Message: hello world
2025-03-17-T23:21:17: RTT-Channel 0 - Message: hello world
2025-03-17-T23:21:18: RTT-Channel 0 - Message: hello world
2025-03-17-T23:21:18: RTT-Channel 0 - Message: hello world
2025-03-17-T23:21:18: RTT-Channel 0 - Message: hello world
2025-03-17-T23:21:19: RTT-Channel 0 - Message: hello world
2025-03-17-T23:21:19: RTT-Channel 0 - Message: hello world
2025-03-17-T23:21:20: RTT-Channel 0 - Message: hello world
2025-03-17-T23:21:20: RTT-Channel 0 - Message: hello world
2025-03-17-T23:21:20: RTT-Channel 0 - Message: hello world
2025-03-17-T23:21:21: RTT-Channel 0 - Message: hello world
2025-03-17-T23:21:21: RTT-Channel 0 - Message: hello world
2025-03-17-T23:21:21: RTT-Channel 0 - Message: hello world
2025-03-17-T23:21:22: RTT-Channel 0 - Message: hello world
2025-03-17-T23:21:22: RTT-Channel 0 - Message: hello world
2025-03-17-T23:21:22: RTT-Channel 0 - Message: hello world
2025-03-17-T23:21:23: RTT-Channel 0 - Message: hello world
2025-03-17-T23:21:23: RTT-Channel 0 - Message: hello world
2025-03-17-T23:21:24: RTT-Channel 0 - Message: hello world
2025-03-17-T23:21:24: RTT-Channel 0 - Message: hello world
2025-03-17-T23:21:24: RTT-Channel 0 - Message: hello world
2025-03-17-T23:21:25: RTT-Channel 0 - Message: hello world
2025-03-17-T23:21:25: RTT-Channel 0 - Message: hello world
2025-03-17-T23:21:25: RTT-Channel 0 - Message: hello world
2025-03-17-T23:21:26: RTT-Channel 0 - Message: hello world
2025-03-17-T23:21:26: RTT-Channel 0 - Message: hello world
2025-03-17-T23:21:26: RTT-Channel 0 - Message: hello world
2025-03-17-T23:21:27: RTT-Channel 0 - Message: hello world
2025-03-17-T23:21:27: RTT-Channel 0 - Message: hello world
2025-03-17-T23:21:28: RTT-Channel 0 - Message: hello world
2025-03-17-T23:21:28: RTT-Channel 0 - Message: hello world
2025-03-17-T23:21:28: RTT-Channel 0 - Message: hello world
2025-03-17-T23:21:29: RTT-Channel 0 - Message: hello world
2025-03-17-T23:21:29: RTT-Channel 0 - Message: hello world
2025-03-17-T23:21:29: RTT-Channel 0 - Message: hello world
2025-03-17-T23:21:30: RTT-Channel 0 - Message: hello world
2025-03-17-T23:21:30: RTT-Channel 0 - Message: hello world
2025-03-17-T23:21:30: RTT-Channel 0 - Message: hello world
2025-03-17-T23:21:31: RTT-Channel 0 - Message: hello world
2025-03-17-T23:21:31: RTT-Channel 0 - Message: hello world
2025-03-17-T23:21:32: RTT-Channel 0 - Message: hello world
2025-03-17-T23:21:32: RTT-Channel 0 - Message: hello world
2025-03-17-T23:21:32: RTT-Channel 0 - Message: hello world
2025-03-17-T23:21:33: RTT-Channel 0 - Message: hello world
2025-03-17-T23:21:33: RTT-Channel 0 - Message: hello world
2025-03-17-T23:21:33: RTT-Channel 0 - Message: hello world
2025-03-17-T23:21:34: RTT-Channel 0 - Message: hello world
2025-03-17-T23:21:34: RTT-Channel 0 - Message: hello world
2025-03-17-T23:21:34: RTT-Channel 0 - Message: hello world
2025-03-17-T23:21:35: RTT-Channel 0 - Message: hello world
2025-03-17-T23:21:35: RTT-Channel 0 - Message: hello world
2025-03-17-T23:21:36: RTT-Channel 0 - Message: hello world
2025-03-17-T23:21:36: RTT-Channel 0 - Message: hello world
2025-03-17-T23:21:36: RTT-Channel 0 - Message: hello world
2025-03-17-T23:21:37: RTT-Channel 0 - Message: hello world
2025-03-17-T23:21:37: RTT-Channel 0 - Message: hello world
2025-03-17-T23:21:37: RTT-Channel 0 - Message: hello world
2025-03-17-T23:21:38: RTT-Channel 0 - Message: hello world
2025-03-17-T23:21:38: RTT-Channel 0 - Message: hello world
2025-03-17-T23:21:39: RTT-Channel 0 - Message: hello world
2025-03-17-T23:21:39: RTT-Channel 0 - Message: hello world
2025-03-17-T23:21:39: RTT-Channel 0 - Message: hello world
2025-03-17-T23:21:40: RTT-Channel 0 - Message: hello world
2025-03-17-T23:21:40: RTT-Channel 0 - Message: hello world
2025-03-17-T23:21:40: RTT-Channel 0 - Message: hello world
2025-03-17-T23:21:41: RTT-Channel 0 - Message: hello world
2025-03-17-T23:21:41: RTT-Channel 0 - Message: hello world
2025-03-17-T23:21:41: RTT-Channel 0 - Message: hello world
2025-03-17-T23:21:42: RTT-Channel 0 - Message: hello world
2025-03-17-T23:21:42: RTT-Channel 0 - Message: hello world
2025-03-17-T23:21:43: RTT-Channel 0 - Message: hello world
2025-03-17-T23:21:43: RTT-Channel 0 - Message: hello world
2025-03-17-T23:21:43: RTT-Channel 0 - Message: hello world
2025-03-17-T23:21:44: RTT-Channel 0 - Message: hello world
2025-03-17-T23:21:44: RTT-Channel 0 - Message: hello world
2025-03-17-T23:21:44: RTT-Channel 0 - Message: hello world
2025-03-17-T23:21:45: RTT-Channel 0 - Message: hello world
2025-03-17-T23:21:45: RTT-Channel 0 - Message: hello world
2025-03-17-T23:21:45: RTT-Channel 0 - Message: hello world
2025-03-17-T23:21:46: RTT-Channel 0 - Message: hello world
2025-03-17-T23:21:46: RTT-Channel 0 - Message: hello world
2025-03-17-T23:21:46: RTT-Channel 0 - Message: hello world
2025-03-17-T23:21:47: RTT-Channel 0 - Message: hello world
2025-03-17-T23:21:47: RTT-Channel 0 - Message: hello world
2025-03-17-T23:21:48: RTT-Channel 0 - Message: hello world
2025-03-17-T23:21:48: RTT-Channel 0 - Message: hello world
2025-03-17-T23:21:48: RTT-Channel 0 - Message: hello world
2025-03-17-T23:21:49: RTT-Channel 0 - Message: hello world
2025-03-17-T23:21:49: RTT-Channel 0 - Message: hello world
2025-03-17-T23:21:49: RTT-Channel 0 - Message: hello world
2025-03-17-T23:21:50: RTT-Channel 0 - Message: hello world
2025-03-17-T23:21:50: RTT-Channel 0 - Message: hello world
2025-03-17-T23:21:51: RTT-Channel 0 - Message: hello world
2025-03-17-T23:21:51: RTT-Channel 0 - Message: hello world
2025-03-17-T23:21:51: RTT-Channel 0 - Message: hello world
2025-03-17-T23:21:52: RTT-Channel 0 - Message: hello world
2025-03-17-T23:21:52: RTT-Channel 0 - Message: hello world
2025-03-17-T23:21:52: RTT-Channel 0 - Message: hello world
2025-03-17-T23:21:53: RTT-Channel 0 - Message: hello world
2025-03-17-T23:21:53: RTT-Channel 0 - Message: hello world
2025-03-17-T23:21:53: RTT-Channel 0 - Message: hello world
2025-03-17-T23:21:54: RTT-Channel 0 - Message: hello world
2025-03-17-T23:21:54: RTT-Channel 0 - Message: hello world
2025-03-17-T23:21:55: RTT-Channel 0 - Message: hello world
2025-03-17-T23:21:55: RTT-Channel 0 - Message: hello world
2025-03-17-T23:21:55: RTT-Channel 0 - Message: hello world
2025-03-17-T23:21:56: RTT-Channel 0 - Message: hello world
2025-03-17-T23:21:56: RTT-Channel 0 - Message: hello world
2025-03-17-T23:21:56: RTT-Channel 0 - Message: hello world
2025-03-17-T23:21:57: RTT-Channel 0 - Message: hello world
2025-03-17-T23:21:57: RTT-Channel 0 - Message: hello world
2025-03-17-T23:21:57: RTT-Channel 0 - Message: hello world
2025-03-17-T23:21:58: RTT-Channel 0 - Message: hello world
2025-03-17-T23:21:58: RTT-Channel 0 - Message: hello world
2025-03-17-T23:21:59: RTT-Channel 0 - Message: hello world
2025-03-17-T23:21:59: RTT-Channel 0 - Message: hello world
2025-03-17-T23:21:59: RTT-Channel 0 - Message: hello world
2025-03-17-T23:22:00: RTT-Channel 0 - Message: hello world
2025-03-17-T23:22:00: RTT-Channel 0 - Message: hello world
2025-03-17-T23:22:00: RTT-Channel 0 - Message: hello world
2025-03-17-T23:22:01: RTT-Channel 0 - Message: hello world
2025-03-17-T23:22:01: RTT-Channel 0 - Message: hello world
2025-03-17-T23:22:01: RTT-Channel 0 - Message: hello world
2025-03-17-T23:22:02: RTT-Channel 0 - Message: hello world
2025-03-17-T23:22:02: RTT-Channel 0 - Message: hello world
2025-03-17-T23:22:03: RTT-Channel 0 - Message: hello world
2025-03-17-T23:22:03: RTT-Channel 0 - Message: hello world
2025-03-17-T23:22:03: RTT-Channel 0 - Message: hello world
2025-03-17-T23:22:04: RTT-Channel 0 - Message: hello world
2025-03-17-T23:22:04: RTT-Channel 0 - Message: hello world
2025-03-17-T23:22:04: RTT-Channel 0 - Message: hello world
2025-03-17-T23:22:05: RTT-Channel 0 - Message: hello world
2025-03-17-T23:22:05: RTT-Channel 0 - Message: hello world
2025-03-17-T23:22:05: RTT-Channel 0 - Message: hello world
2025-03-17-T23:22:06: RTT-Channel 0 - Message: hello world
2025-03-17-T23:22:06: RTT-Channel 0 - Message: hello world
2025-03-17-T23:22:07: RTT-Channel 0 - Message: hello world
2025-03-17-T23:22:07: RTT-Channel 0 - Message: hello world
2025-03-17-T23:22:07: RTT-Channel 0 - Message: hello world
2025-03-17-T23:22:08: RTT-Channel 0 - Message: hello world
2025-03-17-T23:22:08: RTT-Channel 0 - Message: hello world
2025-03-17-T23:22:08: RTT-Channel 0 - Message: hello world
2025-03-17-T23:22:09: RTT-Channel 0 - Message: hello world
2025-03-17-T23:22:09: RTT-Channel 0 - Message: hello world
2025-03-17-T23:22:09: RTT-Channel 0 - Message: hello world
2025-03-17-T23:22:10: RTT-Channel 0 - Message: hello world
2025-03-17-T23:22:10: RTT-Channel 0 - Message: hello world
2025-03-17-T23:22:11: RTT-Channel 0 - Message: hello world
2025-03-17-T23:22:11: RTT-Channel 0 - Message: hello world
2025-03-17-T23:22:11: RTT-Channel 0 - Message: hello world
2025-03-17-T23:22:12: RTT-Channel 0 - Message: hello world
2025-03-17-T23:22:12: RTT-Channel 0 - Message: hello world
2025-03-17-T23:22:12: RTT-Channel 0 - Message: hello world
2025-03-17-T23:22:13: RTT-Channel 0 - Message: hello world
2025-03-17-T23:22:13: RTT-Channel 0 - Message: hello world
2025-03-17-T23:22:14: RTT-Channel 0 - Message: hello world
2025-03-17-T23:22:14: RTT-Channel 0 - Message: hello world
2025-03-17-T23:22:14: RTT-Channel 0 - Message: hello world
2025-03-17-T23:22:15: RTT-Channel 0 - Message: hello world
2025-03-17-T23:22:15: RTT-Channel 0 - Message: hello world
2025-03-17-T23:22:15: RTT-Channel 0 - Message: hello world
2025-03-17-T23:22:16: RTT-Channel 0 - Message: hello world
2025-03-17-T23:22:16: RTT-Channel 0 - Message: hello world
2025-03-17-T23:22:16: RTT-Channel 0 - Message: hello world
2025-03-17-T23:22:17: RTT-Channel 0 - Message: hello world
2025-03-17-T23:22:17: RTT-Channel 0 - Message: hello world
2025-03-17-T23:22:18: RTT-Channel 0 - Message: hello world
2025-03-17-T23:22:18: RTT-Channel 0 - Message: hello world
2025-03-17-T23:22:18: RTT-Channel 0 - Message: hello world
2025-03-17-T23:22:19: RTT-Channel 0 - Message: hello world
2025-03-17-T23:22:19: RTT-Channel 0 - Message: hello world
2025-03-17-T23:22:19: RTT-Channel 0 - Message: hello world
2025-03-17-T23:22:20: RTT-Channel 0 - Message: hello world
2025-03-17-T23:22:20: RTT-Channel 0 - Message: hello world
2025-03-17-T23:22:20: RTT-Channel 0 - Message: hello world
2025-03-17-T23:22:21: RTT-Channel 0 - Message: hello world
2025-03-17-T23:22:21: RTT-Channel 0 - Message: hello world
2025-03-17-T23:22:22: RTT-Channel 0 - Message: hello world
2025-03-17-T23:22:22: RTT-Channel 0 - Message: hello world
2025-03-17-T23:22:22: RTT-Channel 0 - Message: hello world
2025-03-17-T23:22:23: RTT-Channel 0 - Message: hello world
2025-03-17-T23:22:23: RTT-Channel 0 - Message: hello world
2025-03-17-T23:22:23: RTT-Channel 0 - Message: hello world
2025-03-17-T23:22:24: RTT-Channel 0 - Message: hello world
2025-03-17-T23:22:24: RTT-Channel 0 - Message: hello world
2025-03-17-T23:22:24: RTT-Channel 0 - Message: hello world
2025-03-17-T23:22:25: RTT-Channel 0 - Message: hello world
2025-03-17-T23:22:25: RTT-Channel 0 - Message: hello world
2025-03-17-T23:22:25: RTT-Channel 0 - Message: hello world
2025-03-17-T23:22:26: RTT-Channel 0 - Message: hello world
2025-03-17-T23:22:26: RTT-Channel 0 - Message: hello world
2025-03-17-T23:22:27: RTT-Channel 0 - Message: hello world
2025-03-17-T23:22:27: RTT-Channel 0 - Message: hello world
2025-03-17-T23:22:27: RTT-Channel 0 - Message: hello world
2025-03-17-T23:22:28: RTT-Channel 0 - Message: hello world
2025-03-17-T23:22:28: RTT-Channel 0 - Message: hello world
2025-03-17-T23:22:28: RTT-Channel 0 - Message: hello world
2025-03-17-T23:22:29: RTT-Channel 0 - Message: hello world
2025-03-17-T23:22:29: RTT-Channel 0 - Message: hello world
2025-03-17-T23:22:30: RTT-Channel 0 - Message: hello world
2025-03-17-T23:22:30: RTT-Channel 0 - Message: hello world
2025-03-17-T23:22:30: RTT-Channel 0 - Message: hello world
2025-03-17-T23:22:31: RTT-Channel 0 - Message: hello world
2025-03-17-T23:22:31: RTT-Channel 0 - Message: hello world
2025-03-17-T23:22:31: RTT-Channel 0 - Message: hello world
2025-03-17-T23:22:32: RTT-Channel 0 - Message: hello world
2025-03-17-T23:22:32: RTT-Channel 0 - Message: hello world
2025-03-17-T23:22:32: RTT-Channel 0 - Message: hello world
2025-03-17-T23:22:33: RTT-Channel 0 - Message: hello world
2025-03-17-T23:22:33: RTT-Channel 0 - Message: hello world
2025-03-17-T23:22:34: RTT-Channel 0 - Message: hello world
2025-03-17-T23:22:34: RTT-Channel 0 - Message: hello world
2025-03-17-T23:22:34: RTT-Channel 0 - Message: hello world
2025-03-17-T23:22:35: RTT-Channel 0 - Message: hello world
2025-03-17-T23:22:35: RTT-Channel 0 - Message: hello world
2025-03-17-T23:22:35: RTT-Channel 0 - Message: hello world
2025-03-17-T23:22:36: RTT-Channel 0 - Message: hello world
2025-03-17-T23:22:36: RTT-Channel 0 - Message: hello world
2025-03-17-T23:22:36: RTT-Channel 0 - Message: hello world
2025-03-17-T23:22:37: RTT-Channel 0 - Message: hello world
2025-03-17-T23:22:37: RTT-Channel 0 - Message: hello world
2025-03-17-T23:22:38: RTT-Channel 0 - Message: hello world
2025-03-17-T23:22:38: RTT-Channel 0 - Message: hello world
2025-03-17-T23:22:38: RTT-Channel 0 - Message: hello world
2025-03-17-T23:22:39: RTT-Channel 0 - Message: hello world
2025-03-17-T23:22:39: RTT-Channel 0 - Message: hello world
2025-03-17-T23:22:39: RTT-Channel 0 - Message: hello world
2025-03-17-T23:22:40: RTT-Channel 0 - Message: hello world
2025-03-17-T23:22:40: RTT-Channel 0 - Message: hello world
2025-03-17-T23:22:40: RTT-Channel 0 - Message: hello world
2025-03-17-T23:22:41: RTT-Channel 0 - Message: hello world
2025-03-17-T23:22:41: RTT-Channel 0 - Message: hello world
2025-03-17-T23:22:42: RTT-Channel 0 - Message: hello world
2025-03-17-T23:22:42: RTT-Channel 0 - Message: hello world
2025-03-17-T23:22:42: RTT-Channel 0 - Message: hello world
2025-03-17-T23:22:43: RTT-Channel 0 - Message: hello world
2025-03-17-T23:22:43: RTT-Channel 0 - Message: hello world
2025-03-17-T23:22:43: RTT-Channel 0 - Message: hello world
2025-03-17-T23:22:44: RTT-Channel 0 - Message: hello world
2025-03-17-T23:22:44: RTT-Channel 0 - Message: hello world
2025-03-17-T23:22:44: RTT-Channel 0 - Message: hello world
2025-03-17-T23:22:45: RTT-Channel 0 - Message: hello world
2025-03-17-T23:22:45: RTT-Channel 0 - Message: hello world
2025-03-17-T23:22:46: RTT-Channel 0 - Message: hello world
2025-03-17-T23:22:46: RTT-Channel 0 - Message: hello world
2025-03-17-T23:22:46: RTT-Channel 0 - Message: hello world
2025-03-17-T23:22:47: RTT-Channel 0 - Message: hello world
2025-03-17-T23:22:47: RTT-Channel 0 - Message: hello world
2025-03-17-T23:22:47: RTT-Channel 0 - Message: hello world
2025-03-17-T23:22:48: RTT-Channel 0 - Message: hello world
2025-03-17-T23:22:48: RTT-Channel 0 - Message: hello world
2025-03-17-T23:22:48: RTT-Channel 0 - Message: hello world
2025-03-17-T23:22:49: RTT-Channel 0 - Message: hello world
2025-03-17-T23:22:49: RTT-Channel 0 - Message: hello world
2025-03-17-T23:22:49: RTT-Channel 0 - Message: hello world
2025-03-17-T23:22:50: RTT-Channel 0 - Message: hello world
2025-03-17-T23:22:50: RTT-Channel 0 - Message: hello world
2025-03-17-T23:22:51: RTT-Channel 0 - Message: hello world
2025-03-17-T23:22:51: RTT-Channel 0 - Message: hello world
2025-03-17-T23:22:51: RTT-Channel 0 - Message: hello world
2025-03-17-T23:22:52: RTT-Channel 0 - Message: hello world
2025-03-17-T23:22:52: RTT-Channel 0 - Message: hello world
2025-03-17-T23:22:53: RTT-Channel 0 - Message: hello world
2025-03-17-T23:22:53: RTT-Channel 0 - Message: hello world
2025-03-17-T23:22:53: RTT-Channel 0 - Message: hello world
2025-03-17-T23:22:54: RTT-Channel 0 - Message: hello world
2025-03-17-T23:22:54: RTT-Channel 0 - Message: hello world
2025-03-17-T23:22:54: RTT-Channel 0 - Message: hello world
2025-03-17-T23:22:55: RTT-Channel 0 - Message: hello world
2025-03-17-T23:22:55: RTT-Channel 0 - Message: hello world
2025-03-17-T23:22:55: RTT-Channel 0 - Message: hello world
2025-03-17-T23:22:56: RTT-Channel 0 - Message: hello world
2025-03-17-T23:22:56: RTT-Channel 0 - Message: hello world
2025-03-17-T23:22:57: RTT-Channel 0 - Message: hello world
2025-03-17-T23:22:57: RTT-Channel 0 - Message: hello world
2025-03-17-T23:22:57: RTT-Channel 0 - Message: hello world
2025-03-17-T23:22:58: RTT-Channel 0 - Message: hello world
2025-03-17-T23:22:58: RTT-Channel 0 - Message: hello world
2025-03-17-T23:22:58: RTT-Channel 0 - Message: hello world
2025-03-17-T23:22:59: RTT-Channel 0 - Message: hello world
2025-03-17-T23:22:59: RTT-Channel 0 - Message: hello world
2025-03-17-T23:22:59: RTT-Channel 0 - Message: hello world
2025-03-17-T23:23:00: RTT-Channel 0 - Message: hello world
2025-03-17-T23:23:00: RTT-Channel 0 - Message: hello world
2025-03-17-T23:23:00: RTT-Channel 0 - Message: hello world
2025-03-17-T23:23:01: RTT-Channel 0 - Message: hello world
2025-03-17-T23:23:01: RTT-Channel 0 - Message: hello world
2025-03-17-T23:23:02: RTT-Channel 0 - Message: hello world
2025-03-17-T23:23:02: RTT-Channel 0 - Message: hello world
2025-03-17-T23:23:02: RTT-Channel 0 - Message: hello world
2025-03-17-T23:23:03: RTT-Channel 0 - Message: hello world
2025-03-17-T23:23:03: RTT-Channel 0 - Message: hello world
2025-03-17-T23:23:03: RTT-Channel 0 - Message: hello world
2025-03-17-T23:23:04: RTT-Channel 0 - Message: hello world
2025-03-17-T23:23:04: RTT-Channel 0 - Message: hello world
2025-03-17-T23:23:05: RTT-Channel 0 - Message: hello world
2025-03-17-T23:23:05: RTT-Channel 0 - Message: hello world
2025-03-17-T23:23:05: RTT-Channel 0 - Message: hello world
2025-03-17-T23:23:06: RTT-Channel 0 - Message: hello world
2025-03-17-T23:23:06: RTT-Channel 0 - Message: hello world
2025-03-17-T23:23:06: RTT-Channel 0 - Message: hello world
2025-03-17-T23:23:07: RTT-Channel 0 - Message: hello world
2025-03-17-T23:23:07: RTT-Channel 0 - Message: hello world
2025-03-17-T23:23:07: RTT-Channel 0 - Message: hello world
2025-03-17-T23:23:08: RTT-Channel 0 - Message: hello world
2025-03-17-T23:23:08: RTT-Channel 0 - Message: hello world
2025-03-17-T23:23:09: RTT-Channel 0 - Message: hello world
2025-03-17-T23:23:09: RTT-Channel 0 - Message: hello world
2025-03-17-T23:23:09: RTT-Channel 0 - Message: hello world
2025-03-17-T23:23:10: RTT-Channel 0 - Message: hello world
2025-03-17-T23:23:10: RTT-Channel 0 - Message: hello world
2025-03-17-T23:23:10: RTT-Channel 0 - Message: hello world
2025-03-17-T23:23:11: RTT-Channel 0 - Message: hello world
2025-03-17-T23:23:11: RTT-Channel 0 - Message: hello world
2025-03-17-T23:23:11: RTT-Channel 0 - Message: hello world
2025-03-17-T23:23:12: RTT-Channel 0 - Message: hello world
2025-03-17-T23:23:12: RTT-Channel 0 - Message: hello world
2025-03-17-T23:23:12: RTT-Channel 0 - Message: hello world
2025-03-17-T23:23:13: RTT-Channel 0 - Message: hello world
2025-03-17-T23:23:13: RTT-Channel 0 - Message: hello world
2025-03-17-T23:23:14: RTT-Channel 0 - Message: hello world
2025-03-17-T23:23:14: RTT-Channel 0 - Message: hello world
2025-03-17-T23:23:14: RTT-Channel 0 - Message: hello world
2025-03-17-T23:23:15: RTT-Channel 0 - Message: hello world
2025-03-17-T23:23:15: RTT-Channel 0 - Message: hello world
2025-03-17-T23:23:15: RTT-Channel 0 - Message: hello world
2025-03-17-T23:23:16: RTT-Channel 0 - Message: hello world
2025-03-17-T23:23:16: RTT-Channel 0 - Message: hello world
2025-03-17-T23:23:17: RTT-Channel 0 - Message: hello world
2025-03-17-T23:23:17: RTT-Channel 0 - Message: hello world
2025-03-17-T23:23:17: RTT-Channel 0 - Message: hello world
2025-03-17-T23:23:18: RTT-Channel 0 - Message: 2025-03-17-T23:23:18: RTT-Channel 0 - Message: 2025-03-17-T23:23:18: RTT-Channel 0 - Message: hello world
2025-03-17-T23:23:18: RTT-Channel 0 - Message: hello world
2025-03-17-T23:23:19: RTT-Channel 0 - Message: hello world
2025-03-17-T23:23:19: RTT-Channel 0 - Message: hello world
2025-03-17-T23:23:19: RTT-Channel 0 - Message: hello world
2025-03-17-T23:23:20: RTT-Channel 0 - Message: hello world
2025-03-17-T23:23:20: RTT-Channel 0 - Message: hello world
2025-03-17-T23:23:21: RTT-Channel 0 - Message: hello world
2025-03-17-T23:23:21: RTT-Channel 0 - Message: hello world
2025-03-17-T23:23:21: RTT-Channel 0 - Message: hello world
2025-03-17-T23:23:22: RTT-Channel 0 - Message: hello world
2025-03-17-T23:23:22: RTT-Channel 0 - Message: hello world
2025-03-17-T23:23:22: RTT-Channel 0 - Message: hello world
2025-03-17-T23:23:23: RTT-Channel 0 - Message: hello world
2025-03-17-T23:23:23: RTT-Channel 0 - Message: hello world
2025-03-17-T23:23:23: RTT-Channel 0 - Message: hello world
2025-03-17-T23:23:24: RTT-Channel 0 - Message: hello world
2025-03-17-T23:23:24: RTT-Channel 0 - Message: hello world
2025-03-17-T23:23:24: RTT-Channel 0 - Message: hello world
2025-03-17-T23:23:25: RTT-Channel 0 - Message: hello world
2025-03-17-T23:23:25: RTT-Channel 0 - Message: hello world
2025-03-17-T23:23:26: RTT-Channel 0 - Message: hello world
2025-03-17-T23:23:26: RTT-Channel 0 - Message: hello world
2025-03-17-T23:23:26: RTT-Channel 0 - Message: hello world
2025-03-17-T23:23:27: RTT-Channel 0 - Message: hello world
2025-03-17-T23:23:27: RTT-Channel 0 - Message: hello world
2025-03-17-T23:23:27: RTT-Channel 0 - Message: hello world
2025-03-17-T23:23:28: RTT-Channel 0 - Message: hello world
2025-03-17-T23:23:28: RTT-Channel 0 - Message: hello world
2025-03-17-T23:23:29: RTT-Channel 0 - Message: hello world
2025-03-17-T23:23:29: RTT-Channel 0 - Message: hello world
2025-03-17-T23:23:29: RTT-Channel 0 - Message: hello world
2025-03-17-T23:23:30: RTT-Channel 0 - Message: hello world
2025-03-17-T23:23:30: RTT-Channel 0 - Message: hello world
2025-03-17-T23:23:30: RTT-Channel 0 - Message: hello world
2025-03-17-T23:23:31: RTT-Channel 0 - Message: hello world
2025-03-17-T23:23:31: RTT-Channel 0 - Message: hello world
2025-03-17-T23:23:32: RTT-Channel 0 - Message: hello world
2025-03-17-T23:23:32: RTT-Channel 0 - Message: hello world
2025-03-17-T23:23:32: RTT-Channel 0 - Message: hello world
2025-03-17-T23:23:33: RTT-Channel 0 - Message: hello world
2025-03-17-T23:23:33: RTT-Channel 0 - Message: hello world
2025-03-17-T23:23:33: RTT-Channel 0 - Message: hello world
2025-03-17-T23:23:34: RTT-Channel 0 - Message: hello world
2025-03-17-T23:23:34: RTT-Channel 0 - Message: hello world
2025-03-17-T23:23:34: RTT-Channel 0 - Message: hello world
2025-03-17-T23:23:35: RTT-Channel 0 - Message: hello world
2025-03-17-T23:23:35: RTT-Channel 0 - Message: hello world
2025-03-17-T23:23:35: RTT-Channel 0 - Message: hello world
2025-03-17-T23:23:36: RTT-Channel 0 - Message: hello world
2025-03-17-T23:23:36: RTT-Channel 0 - Message: hello world
2025-03-17-T23:23:37: RTT-Channel 0 - Message: hello world
2025-03-17-T23:23:37: RTT-Channel 0 - Message: hello world
2025-03-17-T23:23:37: RTT-Channel 0 - Message: hello world
2025-03-17-T23:23:38: RTT-Channel 0 - Message: hello world
2025-03-17-T23:23:38: RTT-Channel 0 - Message: hello world
2025-03-17-T23:23:38: RTT-Channel 0 - Message: hello world
2025-03-17-T23:23:39: RTT-Channel 0 - Message: hello world
2025-03-17-T23:23:39: RTT-Channel 0 - Message: hello world
2025-03-17-T23:23:40: RTT-Channel 0 - Message: hello world
2025-03-17-T23:23:40: RTT-Channel 0 - Message: hello world
2025-03-17-T23:23:40: RTT-Channel 0 - Message: hello world
2025-03-17-T23:23:41: RTT-Channel 0 - Message: hello world
2025-03-17-T23:23:41: RTT-Channel 0 - Message: hello world
2025-03-17-T23:23:41: RTT-Channel 0 - Message: hello world
2025-03-17-T23:23:42: RTT-Channel 0 - Message: hello world
2025-03-17-T23:23:42: RTT-Channel 0 - Message: hello world
2025-03-17-T23:23:42: RTT-Channel 0 - Message: hello world
2025-03-17-T23:23:43: RTT-Channel 0 - Message: hello world
2025-03-17-T23:23:43: RTT-Channel 0 - Message: hello world
2025-03-17-T23:23:44: RTT-Channel 0 - Message: hello world
2025-03-17-T23:23:44: RTT-Channel 0 - Message: hello world
2025-03-17-T23:23:44: RTT-Channel 0 - Message: hello world
2025-03-17-T23:23:45: RTT-Channel 0 - Message: hello world
2025-03-17-T23:23:45: RTT-Channel 0 - Message: hello world
2025-03-17-T23:23:45: RTT-Channel 0 - Message: hello world
2025-03-17-T23:23:46: RTT-Channel 0 - Message: hello world
2025-03-17-T23:23:46: RTT-Channel 0 - Message: hello world
2025-03-17-T23:23:46: RTT-Channel 0 - Message: hello world
2025-03-17-T23:23:47: RTT-Channel 0 - Message: hello world
2025-03-17-T23:23:47: RTT-Channel 0 - Message: hello world
2025-03-17-T23:23:47: RTT-Channel 0 - Message: hello world
2025-03-17-T23:23:48: RTT-Channel 0 - Message: hello world
2025-03-17-T23:23:48: RTT-Channel 0 - Message: hello world
2025-03-17-T23:23:49: RTT-Channel 0 - Message: hello world
2025-03-17-T23:23:49: RTT-Channel 0 - Message: hello world
2025-03-17-T23:23:49: RTT-Channel 0 - Message: hello world
2025-03-17-T23:23:50: RTT-Channel 0 - Message: hello world
2025-03-17-T23:23:50: RTT-Channel 0 - Message: hello world
2025-03-17-T23:23:50: RTT-Channel 0 - Message: hello world
2025-03-17-T23:23:51: RTT-Channel 0 - Message: hello world
2025-03-17-T23:23:51: RTT-Channel 0 - Message: hello world
2025-03-17-T23:23:51: RTT-Channel 0 - Message: hello world
2025-03-17-T23:23:52: RTT-Channel 0 - Message: hello world
2025-03-17-T23:23:52: RTT-Channel 0 - Message: hello world
2025-03-17-T23:23:53: RTT-Channel 0 - Message: hello world
2025-03-17-T23:23:53: RTT-Channel 0 - Message: hello world
2025-03-17-T23:23:53: RTT-Channel 0 - Message: hello world
2025-03-17-T23:23:54: RTT-Channel 0 - Message: hello world
2025-03-17-T23:23:54: RTT-Channel 0 - Message: hello world
2025-03-17-T23:23:54: RTT-Channel 0 - Message: hello world
2025-03-17-T23:23:55: RTT-Channel 0 - Message: hello world
2025-03-17-T23:23:55: RTT-Channel 0 - Message: hello world
2025-03-17-T23:23:56: RTT-Channel 0 - Message: hello world
2025-03-17-T23:23:56: RTT-Channel 0 - Message: hello world
2025-03-17-T23:23:56: RTT-Channel 0 - Message: hello world
2025-03-17-T23:23:57: RTT-Channel 0 - Message: hello world
2025-03-17-T23:23:57: RTT-Channel 0 - Message: hello world
2025-03-17-T23:23:57: RTT-Channel 0 - Message: hello world
2025-03-17-T23:23:58: RTT-Channel 0 - Message: hello world
2025-03-17-T23:23:58: RTT-Channel 0 - Message: hello world
2025-03-17-T23:23:58: RTT-Channel 0 - Message: hello world
2025-03-17-T23:23:59: RTT-Channel 0 - Message: hello world
2025-03-17-T23:23:59: RTT-Channel 0 - Message: hello world
2025-03-17-T23:23:59: RTT-Channel 0 - Message: hello world
2025-03-17-T23:24:00: RTT-Channel 0 - Message: hello world
2025-03-17-T23:24:00: RTT-Channel 0 - Message: hello world
2025-03-17-T23:24:01: RTT-Channel 0 - Message: hello world
2025-03-17-T23:24:01: RTT-Channel 0 - Message: hello world
2025-03-17-T23:24:01: RTT-Channel 0 - Message: 2025-03-17-T23:24:01: RTT-Channel 0 - Message: 2025-03-17-T23:24:02: RTT-Channel 0 - Message: hello world
2025-03-17-T23:24:02: RTT-Channel 0 - Message: hello world
2025-03-17-T23:24:02: RTT-Channel 0 - Message: hello world
2025-03-17-T23:24:03: RTT-Channel 0 - Message: hello world
2025-03-17-T23:24:03: RTT-Channel 0 - Message: hello world
2025-03-17-T23:24:03: RTT-Channel 0 - Message: hello world
2025-03-17-T23:24:04: RTT-Channel 0 - Message: hello world
2025-03-17-T23:24:04: RTT-Channel 0 - Message: hello world
2025-03-17-T23:24:05: RTT-Channel 0 - Message: hello world
2025-03-17-T23:24:05: RTT-Channel 0 - Message: hello world
2025-03-17-T23:24:05: RTT-Channel 0 - Message: hello world
2025-03-17-T23:24:06: RTT-Channel 0 - Message: hello world
2025-03-17-T23:24:06: RTT-Channel 0 - Message: hello world
2025-03-17-T23:24:07: RTT-Channel 0 - Message: hello world
2025-03-17-T23:24:07: RTT-Channel 0 - Message: hello world
2025-03-17-T23:24:07: RTT-Channel 0 - Message: hello world
2025-03-17-T23:24:08: RTT-Channel 0 - Message: hello world
2025-03-17-T23:24:08: RTT-Channel 0 - Message: hello world
2025-03-17-T23:24:08: RTT-Channel 0 - Message: hello world
2025-03-17-T23:24:09: RTT-Channel 0 - Message: hello world
2025-03-17-T23:24:09: RTT-Channel 0 - Message: hello world
2025-03-17-T23:24:09: RTT-Channel 0 - Message: hello world
2025-03-17-T23:24:10: RTT-Channel 0 - Message: hello world
2025-03-17-T23:24:10: RTT-Channel 0 - Message: hello world
2025-03-17-T23:24:10: RTT-Channel 0 - Message: hello world
2025-03-17-T23:24:11: RTT-Channel 0 - Message: hello world
2025-03-17-T23:24:11: RTT-Channel 0 - Message: hello world
2025-03-17-T23:24:12: RTT-Channel 0 - Message: hello world
2025-03-17-T23:24:12: RTT-Channel 0 - Message: hello world
2025-03-17-T23:24:12: RTT-Channel 0 - Message: hello world
2025-03-17-T23:24:13: RTT-Channel 0 - Message: hello world
2025-03-17-T23:24:13: RTT-Channel 0 - Message: hello world
2025-03-17-T23:24:13: RTT-Channel 0 - Message: hello world
2025-03-17-T23:24:14: RTT-Channel 0 - Message: hello world
2025-03-17-T23:24:14: RTT-Channel 0 - Message: hello world
2025-03-17-T23:24:14: RTT-Channel 0 - Message: hello world
2025-03-17-T23:24:15: RTT-Channel 0 - Message: hello world
2025-03-17-T23:24:15: RTT-Channel 0 - Message: hello world
2025-03-17-T23:24:15: RTT-Channel 0 - Message: hello world
2025-03-17-T23:24:16: RTT-Channel 0 - Message: hello world
2025-03-17-T23:24:16: RTT-Channel 0 - Message: hello world
2025-03-17-T23:24:17: RTT-Channel 0 - Message: hello world
2025-03-17-T23:24:17: RTT-Channel 0 - Message: hello world
2025-03-17-T23:24:17: RTT-Channel 0 - Message: hello world
2025-03-17-T23:24:18: RTT-Channel 0 - Message: hello world
2025-03-17-T23:24:18: RTT-Channel 0 - Message: hello world
2025-03-17-T23:24:19: RTT-Channel 0 - Message: hello world
2025-03-17-T23:24:19: RTT-Channel 0 - Message: hello world
2025-03-17-T23:24:19: RTT-Channel 0 - Message: hello world
2025-03-17-T23:24:20: RTT-Channel 0 - Message: hello world
2025-03-17-T23:24:20: RTT-Channel 0 - Message: hello world
2025-03-17-T23:24:20: RTT-Channel 0 - Message: hello world
2025-03-17-T23:24:21: RTT-Channel 0 - Message: hello world
2025-03-17-T23:24:21: RTT-Channel 0 - Message: hello world
2025-03-17-T23:24:21: RTT-Channel 0 - Message: hello world
2025-03-17-T23:24:22: RTT-Channel 0 - Message: hello world
2025-03-17-T23:24:22: RTT-Channel 0 - Message: hello world
2025-03-17-T23:24:22: RTT-Channel 0 - Message: hello world
2025-03-17-T23:24:23: RTT-Channel 0 - Message: hello world
2025-03-17-T23:24:23: RTT-Channel 0 - Message: hello world
2025-03-17-T23:24:24: RTT-Channel 0 - Message: hello world
2025-03-17-T23:24:24: RTT-Channel 0 - Message: hello world
2025-03-17-T23:24:24: RTT-Channel 0 - Message: hello world
2025-03-17-T23:24:25: RTT-Channel 0 - Message: hello world
2025-03-17-T23:24:25: RTT-Channel 0 - Message: hello world
2025-03-17-T23:24:25: RTT-Channel 0 - Message: hello world
2025-03-17-T23:24:26: RTT-Channel 0 - Message: hello world
2025-03-17-T23:24:26: RTT-Channel 0 - Message: hello world
2025-03-17-T23:24:26: RTT-Channel 0 - Message: hello world
2025-03-17-T23:24:27: RTT-Channel 0 - Message: hello world
2025-03-17-T23:24:27: RTT-Channel 0 - Message: hello world
2025-03-17-T23:24:28: RTT-Channel 0 - Message: hello world
2025-03-17-T23:24:28: RTT-Channel 0 - Message: hello world
2025-03-17-T23:24:28: RTT-Channel 0 - Message: hello world
2025-03-17-T23:24:29: RTT-Channel 0 - Message: hello world
2025-03-17-T23:24:29: RTT-Channel 0 - Message: hello world
2025-03-17-T23:24:29: RTT-Channel 0 - Message: hello world
2025-03-17-T23:24:30: RTT-Channel 0 - Message: hello world
2025-03-17-T23:24:30: RTT-Channel 0 - Message: hello world
2025-03-17-T23:24:30: RTT-Channel 0 - Message: hello world
2025-03-17-T23:24:31: RTT-Channel 0 - Message: hello world
2025-03-17-T23:24:31: RTT-Channel 0 - Message: hello world
2025-03-17-T23:24:32: RTT-Channel 0 - Message: hello world
2025-03-17-T23:24:32: RTT-Channel 0 - Message: hello world
2025-03-17-T23:24:32: RTT-Channel 0 - Message: hello world
2025-03-17-T23:24:33: RTT-Channel 0 - Message: hello world
2025-03-17-T23:24:33: RTT-Channel 0 - Message: hello world
2025-03-17-T23:24:33: RTT-Channel 0 - Message: hello world
2025-03-17-T23:24:34: RTT-Channel 0 - Message: hello world
2025-03-17-T23:24:34: RTT-Channel 0 - Message: hello world
2025-03-17-T23:24:35: RTT-Channel 0 - Message: hello world
2025-03-17-T23:24:35: RTT-Channel 0 - Message: hello world
2025-03-17-T23:24:35: RTT-Channel 0 - Message: hello world
2025-03-17-T23:24:36: RTT-Channel 0 - Message: hello world
2025-03-17-T23:24:36: RTT-Channel 0 - Message: hello world
2025-03-17-T23:24:36: RTT-Channel 0 - Message: hello world
2025-03-17-T23:24:37: RTT-Channel 0 - Message: hello world
2025-03-17-T23:24:37: RTT-Channel 0 - Message: hello world
2025-03-17-T23:24:37: RTT-Channel 0 - Message: hello world
2025-03-17-T23:24:38: RTT-Channel 0 - Message: hello world
2025-03-17-T23:24:38: RTT-Channel 0 - Message: hello world
2025-03-17-T23:24:38: RTT-Channel 0 - Message: hello world
2025-03-17-T23:24:39: RTT-Channel 0 - Message: hello world
2025-03-17-T23:24:39: RTT-Channel 0 - Message: hello world
2025-03-17-T23:24:40: RTT-Channel 0 - Message: hello world
2025-03-17-T23:24:40: RTT-Channel 0 - Message: hello world
2025-03-17-T23:24:40: RTT-Channel 0 - Message: hello world
2025-03-17-T23:24:41: RTT-Channel 0 - Message: hello world
2025-03-17-T23:24:41: RTT-Channel 0 - Message: hello world
2025-03-17-T23:24:41: RTT-Channel 0 - Message: hello world
2025-03-17-T23:24:42: RTT-Channel 0 - Message: hello world
2025-03-17-T23:24:42: RTT-Channel 0 - Message: hello world
2025-03-17-T23:24:42: RTT-Channel 0 - Message: hello world
2025-03-17-T23:24:43: RTT-Channel 0 - Message: hello world
2025-03-17-T23:24:43: RTT-Channel 0 - Message: hello world
2025-03-17-T23:24:44: RTT-Channel 0 - Message: hello world
2025-03-17-T23:24:44: RTT-Channel 0 - Message: hello world
2025-03-17-T23:24:44: RTT-Channel 0 - Message: hello world
2025-03-17-T23:24:45: RTT-Channel 0 - Message: hello world
2025-03-17-T23:24:45: RTT-Channel 0 - Message: hello world
2025-03-17-T23:24:45: RTT-Channel 0 - Message: hello world
2025-03-17-T23:24:46: RTT-Channel 0 - Message: hello world
2025-03-17-T23:24:46: RTT-Channel 0 - Message: hello world
2025-03-17-T23:24:47: RTT-Channel 0 - Message: hello world
2025-03-17-T23:24:47: RTT-Channel 0 - Message: hello world
2025-03-17-T23:24:47: RTT-Channel 0 - Message: hello world
2025-03-17-T23:24:48: RTT-Channel 0 - Message: hello world
2025-03-17-T23:24:48: RTT-Channel 0 - Message: hello world
2025-03-17-T23:24:48: RTT-Channel 0 - Message: hello world
2025-03-17-T23:24:49: RTT-Channel 0 - Message: hello world
2025-03-17-T23:24:49: RTT-Channel 0 - Message: hello world
2025-03-17-T23:24:49: RTT-Channel 0 - Message: hello world
2025-03-17-T23:24:50: RTT-Channel 0 - Message: hello world
2025-03-17-T23:24:50: RTT-Channel 0 - Message: hello world
2025-03-17-T23:24:50: RTT-Channel 0 - Message: hello world
2025-03-17-T23:24:51: RTT-Channel 0 - Message: hello world
2025-03-17-T23:24:51: RTT-Channel 0 - Message: hello world
2025-03-17-T23:24:52: RTT-Channel 0 - Message: hello world
2025-03-17-T23:24:52: RTT-Channel 0 - Message: hello world
2025-03-17-T23:24:52: RTT-Channel 0 - Message: hello world
2025-03-17-T23:24:53: RTT-Channel 0 - Message: hello world
2025-03-17-T23:24:53: RTT-Channel 0 - Message: hello world
2025-03-17-T23:24:53: RTT-Channel 0 - Message: hello world
2025-03-17-T23:24:54: RTT-Channel 0 - Message: hello world
2025-03-17-T23:24:54: RTT-Channel 0 - Message: hello world
2025-03-17-T23:24:54: RTT-Channel 0 - Message: hello world
2025-03-17-T23:24:55: RTT-Channel 0 - Message: hello world
2025-03-17-T23:24:55: RTT-Channel 0 - Message: hello world
2025-03-17-T23:24:56: RTT-Channel 0 - Message: hello world
2025-03-17-T23:24:56: RTT-Channel 0 - Message: hello world
2025-03-17-T23:24:56: RTT-Channel 0 - Message: hello world
2025-03-17-T23:24:57: RTT-Channel 0 - Message: hello world
2025-03-17-T23:24:57: RTT-Channel 0 - Message: hello world
2025-03-17-T23:24:57: RTT-Channel 0 - Message: hello world
2025-03-17-T23:24:58: RTT-Channel 0 - Message: hello world
2025-03-17-T23:24:58: RTT-Channel 0 - Message: hello world
2025-03-17-T23:24:59: RTT-Channel 0 - Message: hello world
2025-03-17-T23:24:59: RTT-Channel 0 - Message: hello world
2025-03-17-T23:24:59: RTT-Channel 0 - Message: hello world
2025-03-17-T23:25:00: RTT-Channel 0 - Message: hello world
2025-03-17-T23:25:00: RTT-Channel 0 - Message: hello world
2025-03-17-T23:25:00: RTT-Channel 0 - Message: hello world
2025-03-17-T23:25:01: RTT-Channel 0 - Message: hello world
2025-03-17-T23:25:01: RTT-Channel 0 - Message: hello world
2025-03-17-T23:25:01: RTT-Channel 0 - Message: hello world
2025-03-17-T23:25:02: RTT-Channel 0 - Message: hello world
2025-03-17-T23:25:02: RTT-Channel 0 - Message: hello world
2025-03-17-T23:25:03: RTT-Channel 0 - Message: hello world
2025-03-17-T23:25:03: RTT-Channel 0 - Message: hello world
2025-03-17-T23:25:03: RTT-Channel 0 - Message: hello world
2025-03-17-T23:25:04: probe-rs message: Error communicating with the probe.
	An ARM specific error occurred.
		The debug probe encountered an error.
			An error which is specific to the debug probe in use occurred.
				Remote error with result 0000000000000104
2025-03-17-T23:25:04: RTT-Channel 0 - Message: hello world
2025-03-17-T23:25:04: RTT-Channel 0 - Message: hello world
2025-03-17-T23:25:04: RTT-Channel 0 - Message: hello world
2025-03-17-T23:25:05: RTT-Channel 0 - Message: hello world
2025-03-17-T23:25:05: RTT-Channel 0 - Message: hello world
2025-03-17-T23:25:05: RTT-Channel 0 - Message: hello world
2025-03-17-T23:25:06: RTT-Channel 0 - Message: hello world
2025-03-17-T23:25:06: RTT-Channel 0 - Message: hello world
2025-03-17-T23:25:06: RTT-Channel 0 - Message: hello world
2025-03-17-T23:25:07: RTT-Channel 0 - Message: hello world
2025-03-17-T23:25:07: RTT-Channel 0 - Message: hello world
2025-03-17-T23:25:08: RTT-Channel 0 - Message: hello world
2025-03-17-T23:25:08: RTT-Channel 0 - Message: hello world
2025-03-17-T23:25:08: RTT-Channel 0 - Message: hello world
2025-03-17-T23:25:09: RTT-Channel 0 - Message: hello world
2025-03-17-T23:25:09: RTT-Channel 0 - Message: hello world
2025-03-17-T23:25:09: RTT-Channel 0 - Message: hello world
2025-03-17-T23:25:10: RTT-Channel 0 - Message: hello world
2025-03-17-T23:25:10: RTT-Channel 0 - Message: hello world
2025-03-17-T23:25:11: RTT-Channel 0 - Message: hello world
2025-03-17-T23:25:11: RTT-Channel 0 - Message: hello world
2025-03-17-T23:25:11: RTT-Channel 0 - Message: hello world
2025-03-17-T23:25:12: RTT-Channel 0 - Message: hello world
2025-03-17-T23:25:12: RTT-Channel 0 - Message: hello world
2025-03-17-T23:25:12: RTT-Channel 0 - Message: hello world
2025-03-17-T23:25:13: RTT-Channel 0 - Message: hello world
2025-03-17-T23:25:13: RTT-Channel 0 - Message: hello world
2025-03-17-T23:25:13: RTT-Channel 0 - Message: hello world
2025-03-17-T23:25:14: RTT-Channel 0 - Message: hello world
2025-03-17-T23:25:14: RTT-Channel 0 - Message: hello world
2025-03-17-T23:25:15: RTT-Channel 0 - Message: hello world
2025-03-17-T23:25:15: RTT-Channel 0 - Message: hello world
2025-03-17-T23:25:15: RTT-Channel 0 - Message: hello world
2025-03-17-T23:25:16: RTT-Channel 0 - Message: hello world
2025-03-17-T23:25:16: RTT-Channel 0 - Message: hello world
2025-03-17-T23:25:16: RTT-Channel 0 - Message: hello world
2025-03-17-T23:25:17: RTT-Channel 0 - Message: hello world
2025-03-17-T23:25:17: RTT-Channel 0 - Message: hello world
2025-03-17-T23:25:17: RTT-Channel 0 - Message: hello world
2025-03-17-T23:25:18: RTT-Channel 0 - Message: hello world
2025-03-17-T23:25:18: RTT-Channel 0 - Message: hello world
2025-03-17-T23:25:19: RTT-Channel 0 - Message: hello world
2025-03-17-T23:25:19: RTT-Channel 0 - Message: hello world
2025-03-17-T23:25:19: RTT-Channel 0 - Message: hello world
2025-03-17-T23:25:20: RTT-Channel 0 - Message: hello world
2025-03-17-T23:25:20: RTT-Channel 0 - Message: hello world
2025-03-17-T23:25:20: RTT-Channel 0 - Message: hello world
2025-03-17-T23:25:21: RTT-Channel 0 - Message: hello world
2025-03-17-T23:25:21: RTT-Channel 0 - Message: hello world
2025-03-17-T23:25:21: RTT-Channel 0 - Message: hello world
2025-03-17-T23:25:22: RTT-Channel 0 - Message: hello world
2025-03-17-T23:25:22: RTT-Channel 0 - Message: hello world
2025-03-17-T23:25:23: RTT-Channel 0 - Message: hello world
2025-03-17-T23:25:23: RTT-Channel 0 - Message: hello world
2025-03-17-T23:25:23: RTT-Channel 0 - Message: hello world
2025-03-17-T23:25:24: RTT-Channel 0 - Message: hello world
2025-03-17-T23:25:24: RTT-Channel 0 - Message: hello world
2025-03-17-T23:25:24: RTT-Channel 0 - Message: hello world
2025-03-17-T23:25:25: RTT-Channel 0 - Message: hello world
2025-03-17-T23:25:25: RTT-Channel 0 - Message: hello world
2025-03-17-T23:25:25: RTT-Channel 0 - Message: hello world
2025-03-17-T23:25:26: RTT-Channel 0 - Message: hello world
2025-03-17-T23:25:26: RTT-Channel 0 - Message: hello world
2025-03-17-T23:25:27: RTT-Channel 0 - Message: hello world
2025-03-17-T23:25:27: RTT-Channel 0 - Message: hello world
2025-03-17-T23:25:27: RTT-Channel 0 - Message: hello world
2025-03-17-T23:25:28: RTT-Channel 0 - Message: hello world
2025-03-17-T23:25:28: RTT-Channel 0 - Message: hello world
2025-03-17-T23:25:28: RTT-Channel 0 - Message: hello world
2025-03-17-T23:25:29: RTT-Channel 0 - Message: hello world
2025-03-17-T23:25:29: RTT-Channel 0 - Message: hello world
2025-03-17-T23:25:29: RTT-Channel 0 - Message: hello world
2025-03-17-T23:25:30: RTT-Channel 0 - Message: hello world
2025-03-17-T23:25:30: RTT-Channel 0 - Message: hello world
2025-03-17-T23:25:31: RTT-Channel 0 - Message: hello world
2025-03-17-T23:25:31: RTT-Channel 0 - Message: hello world
2025-03-17-T23:25:31: RTT-Channel 0 - Message: hello world
2025-03-17-T23:25:32: RTT-Channel 0 - Message: hello world
2025-03-17-T23:25:32: RTT-Channel 0 - Message: hello world
2025-03-17-T23:25:32: RTT-Channel 0 - Message: hello world
2025-03-17-T23:25:33: RTT-Channel 0 - Message: hello world
2025-03-17-T23:25:33: RTT-Channel 0 - Message: hello world
2025-03-17-T23:25:34: RTT-Channel 0 - Message: hello world
2025-03-17-T23:25:34: RTT-Channel 0 - Message: hello world
2025-03-17-T23:25:34: RTT-Channel 0 - Message: hello world
2025-03-17-T23:25:35: RTT-Channel 0 - Message: hello world
2025-03-17-T23:25:35: RTT-Channel 0 - Message: hello world
2025-03-17-T23:25:35: RTT-Channel 0 - Message: hello world
2025-03-17-T23:25:36: RTT-Channel 0 - Message: hello world
2025-03-17-T23:25:36: RTT-Channel 0 - Message: hello world
2025-03-17-T23:25:36: RTT-Channel 0 - Message: hello world
2025-03-17-T23:25:37: RTT-Channel 0 - Message: hello world
2025-03-17-T23:25:37: RTT-Channel 0 - Message: hello world
2025-03-17-T23:25:37: RTT-Channel 0 - Message: hello world
2025-03-17-T23:25:38: RTT-Channel 0 - Message: hello world
2025-03-17-T23:25:38: RTT-Channel 0 - Message: hello world
2025-03-17-T23:25:39: RTT-Channel 0 - Message: hello world
2025-03-17-T23:25:39: RTT-Channel 0 - Message: hello world
2025-03-17-T23:25:39: RTT-Channel 0 - Message: hello world
2025-03-17-T23:25:40: RTT-Channel 0 - Message: hello world
2025-03-17-T23:25:40: RTT-Channel 0 - Message: hello world
2025-03-17-T23:25:40: RTT-Channel 0 - Message: hello world
2025-03-17-T23:25:41: RTT-Channel 0 - Message: hello world
2025-03-17-T23:25:41: RTT-Channel 0 - Message: hello world
2025-03-17-T23:25:41: RTT-Channel 0 - Message: hello world
2025-03-17-T23:25:42: RTT-Channel 0 - Message: hello world
2025-03-17-T23:25:42: RTT-Channel 0 - Message: hello world
2025-03-17-T23:25:43: RTT-Channel 0 - Message: hello world
2025-03-17-T23:25:43: RTT-Channel 0 - Message: hello world
2025-03-17-T23:25:43: RTT-Channel 0 - Message: hello world
2025-03-17-T23:25:44: RTT-Channel 0 - Message: hello world
2025-03-17-T23:25:44: RTT-Channel 0 - Message: hello world
2025-03-17-T23:25:44: RTT-Channel 0 - Message: hello world
2025-03-17-T23:25:45: RTT-Channel 0 - Message: hello world
2025-03-17-T23:25:45: RTT-Channel 0 - Message: hello world
2025-03-17-T23:25:46: RTT-Channel 0 - Message: hello world
2025-03-17-T23:25:46: RTT-Channel 0 - Message: hello world
2025-03-17-T23:25:46: RTT-Channel 0 - Message: hello world
2025-03-17-T23:25:47: RTT-Channel 0 - Message: hello world
2025-03-17-T23:25:47: RTT-Channel 0 - Message: hello world
2025-03-17-T23:25:47: RTT-Channel 0 - Message: hello world
2025-03-17-T23:25:48: RTT-Channel 0 - Message: hello world
2025-03-17-T23:25:48: RTT-Channel 0 - Message: hello world
2025-03-17-T23:25:48: RTT-Channel 0 - Message: hello world
2025-03-17-T23:25:49: RTT-Channel 0 - Message: hello world
2025-03-17-T23:25:49: RTT-Channel 0 - Message: hello world
2025-03-17-T23:25:50: RTT-Channel 0 - Message: hello world
2025-03-17-T23:25:50: RTT-Channel 0 - Message: hello world
2025-03-17-T23:25:50: RTT-Channel 0 - Message: hello world
2025-03-17-T23:25:51: RTT-Channel 0 - Message: 2025-03-17-T23:25:51: RTT-Channel 0 - Message: 2025-03-17-T23:25:51: RTT-Channel 0 - Message: hello world
2025-03-17-T23:25:51: RTT-Channel 0 - Message: hello world
2025-03-17-T23:25:52: RTT-Channel 0 - Message: hello world
2025-03-17-T23:25:52: RTT-Channel 0 - Message: hello world
2025-03-17-T23:25:52: RTT-Channel 0 - Message: hello world
2025-03-17-T23:25:53: RTT-Channel 0 - Message: hello world
2025-03-17-T23:25:53: RTT-Channel 0 - Message: hello world
2025-03-17-T23:25:54: RTT-Channel 0 - Message: hello world
2025-03-17-T23:25:54: RTT-Channel 0 - Message: hello world
2025-03-17-T23:25:54: RTT-Channel 0 - Message: hello world
2025-03-17-T23:25:55: RTT-Channel 0 - Message: hello world
2025-03-17-T23:25:55: RTT-Channel 0 - Message: hello world
2025-03-17-T23:25:55: RTT-Channel 0 - Message: hello world
2025-03-17-T23:25:56: RTT-Channel 0 - Message: hello world
2025-03-17-T23:25:56: RTT-Channel 0 - Message: hello world
2025-03-17-T23:25:56: RTT-Channel 0 - Message: hello world
2025-03-17-T23:25:57: RTT-Channel 0 - Message: hello world
2025-03-17-T23:25:57: RTT-Channel 0 - Message: hello world
2025-03-17-T23:25:58: RTT-Channel 0 - Message: hello world
2025-03-17-T23:25:58: RTT-Channel 0 - Message: hello world
2025-03-17-T23:25:58: RTT-Channel 0 - Message: hello world
2025-03-17-T23:25:59: RTT-Channel 0 - Message: hello world
2025-03-17-T23:25:59: RTT-Channel 0 - Message: hello world
2025-03-17-T23:25:59: RTT-Channel 0 - Message: hello world
2025-03-17-T23:26:00: RTT-Channel 0 - Message: hello world
2025-03-17-T23:26:00: RTT-Channel 0 - Message: hello world
2025-03-17-T23:26:00: RTT-Channel 0 - Message: hello world
2025-03-17-T23:26:01: RTT-Channel 0 - Message: hello world
2025-03-17-T23:26:01: RTT-Channel 0 - Message: hello world
2025-03-17-T23:26:02: RTT-Channel 0 - Message: hello world
2025-03-17-T23:26:02: RTT-Channel 0 - Message: hello world
2025-03-17-T23:26:02: RTT-Channel 0 - Message: hello world
2025-03-17-T23:26:03: RTT-Channel 0 - Message: hello world
2025-03-17-T23:26:03: RTT-Channel 0 - Message: hello world
2025-03-17-T23:26:03: RTT-Channel 0 - Message: hello world
2025-03-17-T23:26:04: RTT-Channel 0 - Message: hello world
2025-03-17-T23:26:04: RTT-Channel 0 - Message: hello world
2025-03-17-T23:26:04: RTT-Channel 0 - Message: hello world
2025-03-17-T23:26:05: RTT-Channel 0 - Message: hello world
2025-03-17-T23:26:05: RTT-Channel 0 - Message: hello world
2025-03-17-T23:26:06: RTT-Channel 0 - Message: hello world
2025-03-17-T23:26:06: RTT-Channel 0 - Message: hello world
2025-03-17-T23:26:06: RTT-Channel 0 - Message: hello world
2025-03-17-T23:26:07: RTT-Channel 0 - Message: hello world
2025-03-17-T23:26:07: RTT-Channel 0 - Message: hello world
2025-03-17-T23:26:07: RTT-Channel 0 - Message: hello world
2025-03-17-T23:26:08: RTT-Channel 0 - Message: hello world
2025-03-17-T23:26:08: RTT-Channel 0 - Message: hello world
2025-03-17-T23:26:08: RTT-Channel 0 - Message: hello world
2025-03-17-T23:26:09: RTT-Channel 0 - Message: hello world
2025-03-17-T23:26:09: RTT-Channel 0 - Message: hello world
2025-03-17-T23:26:10: RTT-Channel 0 - Message: hello world
2025-03-17-T23:26:10: RTT-Channel 0 - Message: hello world
2025-03-17-T23:26:10: RTT-Channel 0 - Message: hello world
2025-03-17-T23:26:11: RTT-Channel 0 - Message: hello world
2025-03-17-T23:26:11: RTT-Channel 0 - Message: hello world
2025-03-17-T23:26:11: RTT-Channel 0 - Message: hello world
2025-03-17-T23:26:12: RTT-Channel 0 - Message: hello world
2025-03-17-T23:26:12: RTT-Channel 0 - Message: hello world
2025-03-17-T23:26:12: RTT-Channel 0 - Message: hello world
2025-03-17-T23:26:13: RTT-Channel 0 - Message: hello world
2025-03-17-T23:26:13: RTT-Channel 0 - Message: hello world
2025-03-17-T23:26:14: RTT-Channel 0 - Message: hello world
2025-03-17-T23:26:14: RTT-Channel 0 - Message: hello world
2025-03-17-T23:26:14: RTT-Channel 0 - Message: hello world
2025-03-17-T23:26:15: RTT-Channel 0 - Message: hello world
2025-03-17-T23:26:15: RTT-Channel 0 - Message: hello world
2025-03-17-T23:26:15: RTT-Channel 0 - Message: hello world
2025-03-17-T23:26:16: RTT-Channel 0 - Message: hello world
2025-03-17-T23:26:16: RTT-Channel 0 - Message: hello world
2025-03-17-T23:26:16: RTT-Channel 0 - Message: hello world
2025-03-17-T23:26:17: RTT-Channel 0 - Message: hello world
2025-03-17-T23:26:17: RTT-Channel 0 - Message: hello world
2025-03-17-T23:26:18: RTT-Channel 0 - Message: hello world
2025-03-17-T23:26:18: RTT-Channel 0 - Message: hello world
2025-03-17-T23:26:18: RTT-Channel 0 - Message: hello world
2025-03-17-T23:26:19: RTT-Channel 0 - Message: hello world
2025-03-17-T23:26:19: RTT-Channel 0 - Message: hello world
2025-03-17-T23:26:19: RTT-Channel 0 - Message: hello world
2025-03-17-T23:26:20: RTT-Channel 0 - Message: hello world
2025-03-17-T23:26:20: RTT-Channel 0 - Message: hello world
2025-03-17-T23:26:20: RTT-Channel 0 - Message: hello world
2025-03-17-T23:26:21: RTT-Channel 0 - Message: hello world
2025-03-17-T23:26:21: RTT-Channel 0 - Message: hello world
2025-03-17-T23:26:22: RTT-Channel 0 - Message: hello world
2025-03-17-T23:26:22: RTT-Channel 0 - Message: hello world
2025-03-17-T23:26:22: RTT-Channel 0 - Message: 2025-03-17-T23:26:22: RTT-Channel 0 - Message: 2025-03-17-T23:26:23: RTT-Channel 0 - Message: hello world
2025-03-17-T23:26:23: RTT-Channel 0 - Message: hello world
2025-03-17-T23:26:23: RTT-Channel 0 - Message: hello world
2025-03-17-T23:26:24: RTT-Channel 0 - Message: hello world
2025-03-17-T23:26:24: RTT-Channel 0 - Message: hello world
2025-03-17-T23:26:25: RTT-Channel 0 - Message: hello world
2025-03-17-T23:26:25: RTT-Channel 0 - Message: hello world
2025-03-17-T23:26:25: RTT-Channel 0 - Message: hello world
2025-03-17-T23:26:26: RTT-Channel 0 - Message: hello world
2025-03-17-T23:26:26: RTT-Channel 0 - Message: hello world
2025-03-17-T23:26:26: RTT-Channel 0 - Message: hello world
2025-03-17-T23:26:27: RTT-Channel 0 - Message: hello world
2025-03-17-T23:26:27: RTT-Channel 0 - Message: hello world
2025-03-17-T23:26:27: RTT-Channel 0 - Message: hello world
2025-03-17-T23:26:28: RTT-Channel 0 - Message: hello world
2025-03-17-T23:26:28: RTT-Channel 0 - Message: hello world
2025-03-17-T23:26:29: RTT-Channel 0 - Message: hello world
2025-03-17-T23:26:29: RTT-Channel 0 - Message: hello world
2025-03-17-T23:26:29: RTT-Channel 0 - Message: hello world
2025-03-17-T23:26:30: RTT-Channel 0 - Message: hello world
2025-03-17-T23:26:30: RTT-Channel 0 - Message: hello world
2025-03-17-T23:26:30: RTT-Channel 0 - Message: hello world
2025-03-17-T23:26:31: RTT-Channel 0 - Message: hello world
2025-03-17-T23:26:31: RTT-Channel 0 - Message: hello world
2025-03-17-T23:26:31: RTT-Channel 0 - Message: hello world
2025-03-17-T23:26:32: RTT-Channel 0 - Message: hello world
2025-03-17-T23:26:32: RTT-Channel 0 - Message: hello world
2025-03-17-T23:26:32: RTT-Channel 0 - Message: hello world
2025-03-17-T23:26:33: RTT-Channel 0 - Message: hello world
2025-03-17-T23:26:33: RTT-Channel 0 - Message: hello world
2025-03-17-T23:26:34: RTT-Channel 0 - Message: hello world
2025-03-17-T23:26:34: RTT-Channel 0 - Message: hello world
2025-03-17-T23:26:34: RTT-Channel 0 - Message: hello world
2025-03-17-T23:26:35: RTT-Channel 0 - Message: hello world
2025-03-17-T23:26:35: RTT-Channel 0 - Message: hello world
2025-03-17-T23:26:35: RTT-Channel 0 - Message: hello world
2025-03-17-T23:26:36: RTT-Channel 0 - Message: hello world
2025-03-17-T23:26:36: RTT-Channel 0 - Message: hello world
2025-03-17-T23:26:37: RTT-Channel 0 - Message: hello world
2025-03-17-T23:26:37: RTT-Channel 0 - Message: hello world
2025-03-17-T23:26:37: RTT-Channel 0 - Message: hello world
2025-03-17-T23:26:38: RTT-Channel 0 - Message: hello world
2025-03-17-T23:26:38: RTT-Channel 0 - Message: hello world
2025-03-17-T23:26:38: RTT-Channel 0 - Message: hello world
2025-03-17-T23:26:39: RTT-Channel 0 - Message: hello world
2025-03-17-T23:26:39: RTT-Channel 0 - Message: hello world
2025-03-17-T23:26:39: RTT-Channel 0 - Message: hello world
2025-03-17-T23:26:40: RTT-Channel 0 - Message: hello world
2025-03-17-T23:26:40: RTT-Channel 0 - Message: hello world
2025-03-17-T23:26:41: RTT-Channel 0 - Message: hello world
2025-03-17-T23:26:41: RTT-Channel 0 - Message: hello world
2025-03-17-T23:26:41: RTT-Channel 0 - Message: hello world
2025-03-17-T23:26:42: RTT-Channel 0 - Message: hello world
2025-03-17-T23:26:42: RTT-Channel 0 - Message: hello world
2025-03-17-T23:26:42: RTT-Channel 0 - Message: hello world
2025-03-17-T23:26:43: RTT-Channel 0 - Message: hello world
2025-03-17-T23:26:43: RTT-Channel 0 - Message: hello world
2025-03-17-T23:26:43: RTT-Channel 0 - Message: hello world
2025-03-17-T23:26:44: RTT-Channel 0 - Message: hello world
2025-03-17-T23:26:44: RTT-Channel 0 - Message: hello world
2025-03-17-T23:26:45: RTT-Channel 0 - Message: hello world
2025-03-17-T23:26:45: RTT-Channel 0 - Message: hello world
2025-03-17-T23:26:45: RTT-Channel 0 - Message: hello world
2025-03-17-T23:26:46: RTT-Channel 0 - Message: hello world
2025-03-17-T23:26:46: RTT-Channel 0 - Message: hello world
2025-03-17-T23:26:46: RTT-Channel 0 - Message: hello world
2025-03-17-T23:26:47: RTT-Channel 0 - Message: hello world
2025-03-17-T23:26:47: probe-rs message: Error communicating with the probe.
	An ARM specific error occurred.
		The debug probe encountered an error.
			An error which is specific to the debug probe in use occurred.
				Remote error with result 0000000000000104
2025-03-17-T23:26:47: RTT-Channel 0 - Message: hello world
2025-03-17-T23:26:47: RTT-Channel 0 - Message: hello world
2025-03-17-T23:26:48: RTT-Channel 0 - Message: hello world
2025-03-17-T23:26:48: RTT-Channel 0 - Message: hello world
2025-03-17-T23:26:49: RTT-Channel 0 - Message: hello world
2025-03-17-T23:26:49: RTT-Channel 0 - Message: hello world
2025-03-17-T23:26:49: RTT-Channel 0 - Message: hello world
2025-03-17-T23:26:50: RTT-Channel 0 - Message: hello world
2025-03-17-T23:26:50: RTT-Channel 0 - Message: hello world
2025-03-17-T23:26:50: RTT-Channel 0 - Message: hello world
2025-03-17-T23:26:51: RTT-Channel 0 - Message: hello world
2025-03-17-T23:26:51: RTT-Channel 0 - Message: hello world
2025-03-17-T23:26:51: RTT-Channel 0 - Message: hello world
2025-03-17-T23:26:52: RTT-Channel 0 - Message: hello world
2025-03-17-T23:26:52: RTT-Channel 0 - Message: hello world
2025-03-17-T23:26:53: RTT-Channel 0 - Message: hello world
2025-03-17-T23:26:53: RTT-Channel 0 - Message: hello world
2025-03-17-T23:26:53: RTT-Channel 0 - Message: hello world
2025-03-17-T23:26:54: RTT-Channel 0 - Message: hello world
2025-03-17-T23:26:54: RTT-Channel 0 - Message: hello world
2025-03-17-T23:26:54: RTT-Channel 0 - Message: hello world
2025-03-17-T23:26:55: RTT-Channel 0 - Message: hello world
2025-03-17-T23:26:55: RTT-Channel 0 - Message: hello world
2025-03-17-T23:26:55: RTT-Channel 0 - Message: hello world
2025-03-17-T23:26:56: RTT-Channel 0 - Message: hello world
2025-03-17-T23:26:56: RTT-Channel 0 - Message: hello world
2025-03-17-T23:26:57: RTT-Channel 0 - Message: hello world
2025-03-17-T23:26:57: RTT-Channel 0 - Message: hello world
2025-03-17-T23:26:57: RTT-Channel 0 - Message: hello world
2025-03-17-T23:26:58: RTT-Channel 0 - Message: hello world
2025-03-17-T23:26:58: RTT-Channel 0 - Message: hello world
2025-03-17-T23:26:58: RTT-Channel 0 - Message: hello world
2025-03-17-T23:26:59: RTT-Channel 0 - Message: hello world
2025-03-17-T23:26:59: RTT-Channel 0 - Message: hello world
2025-03-17-T23:26:59: RTT-Channel 0 - Message: hello world
2025-03-17-T23:27:00: RTT-Channel 0 - Message: hello world
2025-03-17-T23:27:00: RTT-Channel 0 - Message: hello world
2025-03-17-T23:27:01: RTT-Channel 0 - Message: hello world
2025-03-17-T23:27:01: RTT-Channel 0 - Message: hello world
2025-03-17-T23:27:01: RTT-Channel 0 - Message: hello world
2025-03-17-T23:27:02: RTT-Channel 0 - Message: hello world
2025-03-17-T23:27:02: RTT-Channel 0 - Message: hello world
2025-03-17-T23:27:02: RTT-Channel 0 - Message: hello world
2025-03-17-T23:27:03: RTT-Channel 0 - Message: hello world
2025-03-17-T23:27:03: RTT-Channel 0 - Message: hello world
2025-03-17-T23:27:04: RTT-Channel 0 - Message: hello world
2025-03-17-T23:27:04: RTT-Channel 0 - Message: hello world
2025-03-17-T23:27:04: RTT-Channel 0 - Message: hello world
2025-03-17-T23:27:05: RTT-Channel 0 - Message: hello world
2025-03-17-T23:27:05: RTT-Channel 0 - Message: hello world
2025-03-17-T23:27:05: RTT-Channel 0 - Message: hello world
2025-03-17-T23:27:06: RTT-Channel 0 - Message: hello world
2025-03-17-T23:27:06: RTT-Channel 0 - Message: hello world
2025-03-17-T23:27:06: RTT-Channel 0 - Message: hello world
2025-03-17-T23:27:07: RTT-Channel 0 - Message: hello world
2025-03-17-T23:27:07: RTT-Channel 0 - Message: hello world
2025-03-17-T23:27:08: RTT-Channel 0 - Message: hello world
2025-03-17-T23:27:08: RTT-Channel 0 - Message: hello world
2025-03-17-T23:27:08: RTT-Channel 0 - Message: hello world
2025-03-17-T23:27:09: RTT-Channel 0 - Message: hello world
2025-03-17-T23:27:09: RTT-Channel 0 - Message: hello world
2025-03-17-T23:27:09: RTT-Channel 0 - Message: hello world
2025-03-17-T23:27:10: RTT-Channel 0 - Message: hello world
2025-03-17-T23:27:10: RTT-Channel 0 - Message: hello world
2025-03-17-T23:27:10: RTT-Channel 0 - Message: hello world
2025-03-17-T23:27:11: RTT-Channel 0 - Message: hello world
2025-03-17-T23:27:11: RTT-Channel 0 - Message: hello world
2025-03-17-T23:27:11: RTT-Channel 0 - Message: hello world
2025-03-17-T23:27:12: RTT-Channel 0 - Message: hello world
2025-03-17-T23:27:12: RTT-Channel 0 - Message: hello world
2025-03-17-T23:27:13: RTT-Channel 0 - Message: hello world
2025-03-17-T23:27:13: RTT-Channel 0 - Message: hello world
2025-03-17-T23:27:13: RTT-Channel 0 - Message: hello world
2025-03-17-T23:27:14: RTT-Channel 0 - Message: hello world
2025-03-17-T23:27:14: RTT-Channel 0 - Message: hello world
2025-03-17-T23:27:14: RTT-Channel 0 - Message: hello world
2025-03-17-T23:27:15: RTT-Channel 0 - Message: hello world
2025-03-17-T23:27:15: RTT-Channel 0 - Message: hello world
2025-03-17-T23:27:16: RTT-Channel 0 - Message: hello world
2025-03-17-T23:27:16: RTT-Channel 0 - Message: hello world
2025-03-17-T23:27:16: RTT-Channel 0 - Message: hello world
2025-03-17-T23:27:17: RTT-Channel 0 - Message: hello world
2025-03-17-T23:27:17: RTT-Channel 0 - Message: hello world
2025-03-17-T23:27:17: RTT-Channel 0 - Message: hello world
2025-03-17-T23:27:18: RTT-Channel 0 - Message: hello world
2025-03-17-T23:27:18: RTT-Channel 0 - Message: hello world
2025-03-17-T23:27:18: RTT-Channel 0 - Message: hello world
2025-03-17-T23:27:19: RTT-Channel 0 - Message: hello world
2025-03-17-T23:27:19: RTT-Channel 0 - Message: hello world
2025-03-17-T23:27:20: RTT-Channel 0 - Message: hello world
2025-03-17-T23:27:20: RTT-Channel 0 - Message: hello world
2025-03-17-T23:27:20: RTT-Channel 0 - Message: hello world
2025-03-17-T23:27:21: RTT-Channel 0 - Message: hello world
2025-03-17-T23:27:21: RTT-Channel 0 - Message: hello world
2025-03-17-T23:27:21: RTT-Channel 0 - Message: hello world
2025-03-17-T23:27:22: RTT-Channel 0 - Message: hello world
2025-03-17-T23:27:22: RTT-Channel 0 - Message: hello world
2025-03-17-T23:27:22: RTT-Channel 0 - Message: hello world
2025-03-17-T23:27:23: RTT-Channel 0 - Message: hello world
2025-03-17-T23:27:23: RTT-Channel 0 - Message: hello world
2025-03-17-T23:27:23: RTT-Channel 0 - Message: hello world
2025-03-17-T23:27:24: RTT-Channel 0 - Message: hello world
2025-03-17-T23:27:24: RTT-Channel 0 - Message: hello world
2025-03-17-T23:27:25: RTT-Channel 0 - Message: hello world
2025-03-17-T23:27:25: RTT-Channel 0 - Message: hello world
2025-03-17-T23:27:25: RTT-Channel 0 - Message: hello world
2025-03-17-T23:27:26: RTT-Channel 0 - Message: hello world
2025-03-17-T23:27:26: RTT-Channel 0 - Message: hello world
2025-03-17-T23:27:26: RTT-Channel 0 - Message: hello world
2025-03-17-T23:27:27: RTT-Channel 0 - Message: hello world
2025-03-17-T23:27:27: RTT-Channel 0 - Message: hello world
2025-03-17-T23:27:28: RTT-Channel 0 - Message: hello world
2025-03-17-T23:27:28: RTT-Channel 0 - Message: hello world
2025-03-17-T23:27:28: RTT-Channel 0 - Message: hello world
2025-03-17-T23:27:29: RTT-Channel 0 - Message: hello world
2025-03-17-T23:27:29: RTT-Channel 0 - Message: hello world
2025-03-17-T23:27:29: RTT-Channel 0 - Message: hello world
2025-03-17-T23:27:30: RTT-Channel 0 - Message: hello world
2025-03-17-T23:27:30: RTT-Channel 0 - Message: hello world
2025-03-17-T23:27:30: RTT-Channel 0 - Message: hello world
2025-03-17-T23:27:31: RTT-Channel 0 - Message: hello world
2025-03-17-T23:27:31: RTT-Channel 0 - Message: hello world
2025-03-17-T23:27:32: RTT-Channel 0 - Message: hello world
2025-03-17-T23:27:32: RTT-Channel 0 - Message: hello world
2025-03-17-T23:27:32: RTT-Channel 0 - Message: hello world
2025-03-17-T23:27:33: RTT-Channel 0 - Message: hello world
2025-03-17-T23:27:33: RTT-Channel 0 - Message: hello world
2025-03-17-T23:27:33: RTT-Channel 0 - Message: hello world
2025-03-17-T23:27:34: RTT-Channel 0 - Message: hello world
2025-03-17-T23:27:34: RTT-Channel 0 - Message: hello world
2025-03-17-T23:27:34: RTT-Channel 0 - Message: hello world
2025-03-17-T23:27:35: RTT-Channel 0 - Message: hello world
2025-03-17-T23:27:35: RTT-Channel 0 - Message: hello world
2025-03-17-T23:27:36: RTT-Channel 0 - Message: hello world
2025-03-17-T23:27:36: RTT-Channel 0 - Message: hello world
2025-03-17-T23:27:36: RTT-Channel 0 - Message: hello world
2025-03-17-T23:27:37: RTT-Channel 0 - Message: hello world
2025-03-17-T23:27:37: RTT-Channel 0 - Message: hello world
2025-03-17-T23:27:37: RTT-Channel 0 - Message: hello world
2025-03-17-T23:27:38: RTT-Channel 0 - Message: hello world
2025-03-17-T23:27:38: RTT-Channel 0 - Message: hello world
2025-03-17-T23:27:38: RTT-Channel 0 - Message: hello world
2025-03-17-T23:27:39: RTT-Channel 0 - Message: hello world
2025-03-17-T23:27:39: RTT-Channel 0 - Message: hello world
2025-03-17-T23:27:40: RTT-Channel 0 - Message: hello world
2025-03-17-T23:27:40: RTT-Channel 0 - Message: hello world
2025-03-17-T23:27:40: RTT-Channel 0 - Message: hello world
2025-03-17-T23:27:41: RTT-Channel 0 - Message: hello world
2025-03-17-T23:27:41: RTT-Channel 0 - Message: hello world
2025-03-17-T23:27:41: RTT-Channel 0 - Message: hello world
2025-03-17-T23:27:42: RTT-Channel 0 - Message: hello world
2025-03-17-T23:27:42: RTT-Channel 0 - Message: hello world
2025-03-17-T23:27:43: RTT-Channel 0 - Message: hello world
2025-03-17-T23:27:43: RTT-Channel 0 - Message: hello world
2025-03-17-T23:27:43: RTT-Channel 0 - Message: hello world
2025-03-17-T23:27:44: RTT-Channel 0 - Message: hello world
2025-03-17-T23:27:44: RTT-Channel 0 - Message: hello world
2025-03-17-T23:27:44: RTT-Channel 0 - Message: hello world
2025-03-17-T23:27:45: RTT-Channel 0 - Message: hello world
2025-03-17-T23:27:45: RTT-Channel 0 - Message: hello world
2025-03-17-T23:27:45: RTT-Channel 0 - Message: hello world
2025-03-17-T23:27:46: RTT-Channel 0 - Message: hello world
2025-03-17-T23:27:46: RTT-Channel 0 - Message: hello world
2025-03-17-T23:27:46: RTT-Channel 0 - Message: hello world
2025-03-17-T23:27:47: RTT-Channel 0 - Message: hello world
2025-03-17-T23:27:47: RTT-Channel 0 - Message: hello world
2025-03-17-T23:27:48: RTT-Channel 0 - Message: hello world
2025-03-17-T23:27:48: RTT-Channel 0 - Message: hello world
2025-03-17-T23:27:48: RTT-Channel 0 - Message: hello world
2025-03-17-T23:27:49: RTT-Channel 0 - Message: hello world
2025-03-17-T23:27:49: RTT-Channel 0 - Message: hello world
2025-03-17-T23:27:49: RTT-Channel 0 - Message: hello world
2025-03-17-T23:27:50: RTT-Channel 0 - Message: hello world
2025-03-17-T23:27:50: RTT-Channel 0 - Message: hello world
2025-03-17-T23:27:51: RTT-Channel 0 - Message: hello world
2025-03-17-T23:27:51: RTT-Channel 0 - Message: hello world
2025-03-17-T23:27:51: RTT-Channel 0 - Message: hello world
2025-03-17-T23:27:52: RTT-Channel 0 - Message: hello world
2025-03-17-T23:27:52: RTT-Channel 0 - Message: hello world
2025-03-17-T23:27:52: RTT-Channel 0 - Message: hello world
2025-03-17-T23:27:53: RTT-Channel 0 - Message: hello world
2025-03-17-T23:27:53: RTT-Channel 0 - Message: hello world
2025-03-17-T23:27:53: RTT-Channel 0 - Message: hello world
2025-03-17-T23:27:54: RTT-Channel 0 - Message: hello world
2025-03-17-T23:27:54: RTT-Channel 0 - Message: hello world
2025-03-17-T23:27:55: RTT-Channel 0 - Message: hello world
2025-03-17-T23:27:55: RTT-Channel 0 - Message: hello world
2025-03-17-T23:27:55: RTT-Channel 0 - Message: hello world
2025-03-17-T23:27:56: RTT-Channel 0 - Message: hello world
2025-03-17-T23:27:56: RTT-Channel 0 - Message: hello world
2025-03-17-T23:27:56: RTT-Channel 0 - Message: hello world
2025-03-17-T23:27:57: RTT-Channel 0 - Message: hello world
2025-03-17-T23:27:57: RTT-Channel 0 - Message: hello world
2025-03-17-T23:27:57: RTT-Channel 0 - Message: hello world
2025-03-17-T23:27:58: RTT-Channel 0 - Message: hello world
2025-03-17-T23:27:58: RTT-Channel 0 - Message: hello world
2025-03-17-T23:27:58: RTT-Channel 0 - Message: hello world
2025-03-17-T23:27:59: RTT-Channel 0 - Message: hello world
2025-03-17-T23:27:59: RTT-Channel 0 - Message: hello world
2025-03-17-T23:28:00: RTT-Channel 0 - Message: hello world
2025-03-17-T23:28:00: RTT-Channel 0 - Message: hello world
2025-03-17-T23:28:00: RTT-Channel 0 - Message: hello world
2025-03-17-T23:28:01: RTT-Channel 0 - Message: hello world
2025-03-17-T23:28:01: RTT-Channel 0 - Message: hello world
2025-03-17-T23:28:01: RTT-Channel 0 - Message: hello world
2025-03-17-T23:28:02: RTT-Channel 0 - Message: hello world
2025-03-17-T23:28:02: RTT-Channel 0 - Message: hello world
2025-03-17-T23:28:03: RTT-Channel 0 - Message: hello world
2025-03-17-T23:28:03: RTT-Channel 0 - Message: hello world
2025-03-17-T23:28:03: RTT-Channel 0 - Message: hello world
2025-03-17-T23:28:04: RTT-Channel 0 - Message: hello world
2025-03-17-T23:28:04: RTT-Channel 0 - Message: hello world
2025-03-17-T23:28:04: RTT-Channel 0 - Message: hello world
2025-03-17-T23:28:05: RTT-Channel 0 - Message: hello world
2025-03-17-T23:28:05: RTT-Channel 0 - Message: hello world
2025-03-17-T23:28:05: RTT-Channel 0 - Message: hello world
2025-03-17-T23:28:06: RTT-Channel 0 - Message: hello world
2025-03-17-T23:28:06: RTT-Channel 0 - Message: hello world
2025-03-17-T23:28:07: RTT-Channel 0 - Message: hello world
2025-03-17-T23:28:07: RTT-Channel 0 - Message: hello world
2025-03-17-T23:28:07: RTT-Channel 0 - Message: hello world
2025-03-17-T23:28:08: RTT-Channel 0 - Message: hello world
2025-03-17-T23:28:08: RTT-Channel 0 - Message: hello world
2025-03-17-T23:28:08: RTT-Channel 0 - Message: hello world
2025-03-17-T23:28:09: RTT-Channel 0 - Message: hello world
2025-03-17-T23:28:09: RTT-Channel 0 - Message: hello world
2025-03-17-T23:28:09: RTT-Channel 0 - Message: hello world
2025-03-17-T23:28:10: RTT-Channel 0 - Message: hello world
2025-03-17-T23:28:10: RTT-Channel 0 - Message: hello world
2025-03-17-T23:28:11: RTT-Channel 0 - Message: hello world
2025-03-17-T23:28:11: RTT-Channel 0 - Message: hello world
2025-03-17-T23:28:11: RTT-Channel 0 - Message: hello world
2025-03-17-T23:28:12: RTT-Channel 0 - Message: hello world
2025-03-17-T23:28:12: RTT-Channel 0 - Message: hello world
2025-03-17-T23:28:12: RTT-Channel 0 - Message: hello world
2025-03-17-T23:28:13: RTT-Channel 0 - Message: hello world
2025-03-17-T23:28:13: RTT-Channel 0 - Message: hello world
2025-03-17-T23:28:13: RTT-Channel 0 - Message: hello world
2025-03-17-T23:28:14: RTT-Channel 0 - Message: hello world
2025-03-17-T23:28:14: RTT-Channel 0 - Message: hello world
2025-03-17-T23:28:14: RTT-Channel 0 - Message: hello world
2025-03-17-T23:28:15: RTT-Channel 0 - Message: hello world
2025-03-17-T23:28:15: RTT-Channel 0 - Message: hello world
2025-03-17-T23:28:16: RTT-Channel 0 - Message: hello world
2025-03-17-T23:28:16: RTT-Channel 0 - Message: hello world
2025-03-17-T23:28:16: RTT-Channel 0 - Message: hello world
2025-03-17-T23:28:17: RTT-Channel 0 - Message: hello world
2025-03-17-T23:28:17: RTT-Channel 0 - Message: hello world
2025-03-17-T23:28:18: RTT-Channel 0 - Message: hello world
2025-03-17-T23:28:18: RTT-Channel 0 - Message: hello world
2025-03-17-T23:28:18: RTT-Channel 0 - Message: hello world
2025-03-17-T23:28:19: RTT-Channel 0 - Message: hello world
2025-03-17-T23:28:19: RTT-Channel 0 - Message: hello world
2025-03-17-T23:28:19: RTT-Channel 0 - Message: hello world
2025-03-17-T23:28:20: RTT-Channel 0 - Message: hello world
2025-03-17-T23:28:20: RTT-Channel 0 - Message: hello world
2025-03-17-T23:28:20: RTT-Channel 0 - Message: hello world
2025-03-17-T23:28:21: RTT-Channel 0 - Message: hello world
2025-03-17-T23:28:21: RTT-Channel 0 - Message: hello world
2025-03-17-T23:28:21: RTT-Channel 0 - Message: hello world
2025-03-17-T23:28:22: RTT-Channel 0 - Message: hello world
2025-03-17-T23:28:22: RTT-Channel 0 - Message: hello world
2025-03-17-T23:28:23: RTT-Channel 0 - Message: hello world
2025-03-17-T23:28:23: RTT-Channel 0 - Message: hello world
2025-03-17-T23:28:23: RTT-Channel 0 - Message: hello world
2025-03-17-T23:28:24: RTT-Channel 0 - Message: hello world
2025-03-17-T23:28:24: RTT-Channel 0 - Message: hello world
2025-03-17-T23:28:24: RTT-Channel 0 - Message: hello world
2025-03-17-T23:28:25: RTT-Channel 0 - Message: hello world
2025-03-17-T23:28:25: RTT-Channel 0 - Message: hello world
2025-03-17-T23:28:25: RTT-Channel 0 - Message: hello world
2025-03-17-T23:28:26: RTT-Channel 0 - Message: hello world
2025-03-17-T23:28:26: RTT-Channel 0 - Message: hello world
2025-03-17-T23:28:27: RTT-Channel 0 - Message: hello world
2025-03-17-T23:28:27: RTT-Channel 0 - Message: hello world
2025-03-17-T23:28:27: RTT-Channel 0 - Message: hello world
2025-03-17-T23:28:28: RTT-Channel 0 - Message: hello world
2025-03-17-T23:28:28: RTT-Channel 0 - Message: hello world
2025-03-17-T23:28:28: RTT-Channel 0 - Message: hello world
2025-03-17-T23:28:29: RTT-Channel 0 - Message: hello world
2025-03-17-T23:28:29: RTT-Channel 0 - Message: hello world
2025-03-17-T23:28:30: RTT-Channel 0 - Message: hello world
2025-03-17-T23:28:30: RTT-Channel 0 - Message: hello world
2025-03-17-T23:28:30: RTT-Channel 0 - Message: hello world
2025-03-17-T23:28:31: RTT-Channel 0 - Message: hello world
2025-03-17-T23:28:31: RTT-Channel 0 - Message: hello world
2025-03-17-T23:28:31: RTT-Channel 0 - Message: hello world
2025-03-17-T23:28:32: RTT-Channel 0 - Message: hello world
2025-03-17-T23:28:32: RTT-Channel 0 - Message: hello world
2025-03-17-T23:28:32: RTT-Channel 0 - Message: hello world
2025-03-17-T23:28:33: RTT-Channel 0 - Message: hello world
2025-03-17-T23:28:33: RTT-Channel 0 - Message: hello world
2025-03-17-T23:28:34: RTT-Channel 0 - Message: hello world
2025-03-17-T23:28:34: RTT-Channel 0 - Message: hello world
2025-03-17-T23:28:34: RTT-Channel 0 - Message: hello world
2025-03-17-T23:28:35: RTT-Channel 0 - Message: hello world
2025-03-17-T23:28:35: RTT-Channel 0 - Message: hello world
2025-03-17-T23:28:35: RTT-Channel 0 - Message: hello world
2025-03-17-T23:28:36: RTT-Channel 0 - Message: hello world
2025-03-17-T23:28:36: RTT-Channel 0 - Message: hello world
2025-03-17-T23:28:36: RTT-Channel 0 - Message: hello world
2025-03-17-T23:28:37: RTT-Channel 0 - Message: hello world
2025-03-17-T23:28:37: RTT-Channel 0 - Message: hello world
2025-03-17-T23:28:37: RTT-Channel 0 - Message: hello world
2025-03-17-T23:28:38: RTT-Channel 0 - Message: hello world
2025-03-17-T23:28:38: RTT-Channel 0 - Message: hello world
2025-03-17-T23:28:39: RTT-Channel 0 - Message: hello world
2025-03-17-T23:28:39: RTT-Channel 0 - Message: hello world
2025-03-17-T23:28:39: RTT-Channel 0 - Message: hello world
2025-03-17-T23:28:40: RTT-Channel 0 - Message: hello world
2025-03-17-T23:28:40: RTT-Channel 0 - Message: hello world
2025-03-17-T23:28:40: RTT-Channel 0 - Message: hello world
2025-03-17-T23:28:41: RTT-Channel 0 - Message: hello world
2025-03-17-T23:28:41: RTT-Channel 0 - Message: hello world
2025-03-17-T23:28:42: RTT-Channel 0 - Message: hello world
2025-03-17-T23:28:42: RTT-Channel 0 - Message: hello world
2025-03-17-T23:28:42: RTT-Channel 0 - Message: hello world
2025-03-17-T23:28:43: RTT-Channel 0 - Message: hello world
2025-03-17-T23:28:43: RTT-Channel 0 - Message: hello world
2025-03-17-T23:28:43: RTT-Channel 0 - Message: hello world
2025-03-17-T23:28:44: RTT-Channel 0 - Message: hello world
2025-03-17-T23:28:44: RTT-Channel 0 - Message: hello world
2025-03-17-T23:28:44: RTT-Channel 0 - Message: hello world
2025-03-17-T23:28:45: RTT-Channel 0 - Message: hello world
2025-03-17-T23:28:45: RTT-Channel 0 - Message: hello world
2025-03-17-T23:28:46: RTT-Channel 0 - Message: hello world
2025-03-17-T23:28:46: RTT-Channel 0 - Message: hello world
2025-03-17-T23:28:46: RTT-Channel 0 - Message: hello world
2025-03-17-T23:28:47: RTT-Channel 0 - Message: hello world
2025-03-17-T23:28:47: RTT-Channel 0 - Message: hello world
2025-03-17-T23:28:47: RTT-Channel 0 - Message: hello world
2025-03-17-T23:28:48: RTT-Channel 0 - Message: hello world
2025-03-17-T23:28:48: RTT-Channel 0 - Message: hello world
2025-03-17-T23:28:48: RTT-Channel 0 - Message: hello world
2025-03-17-T23:28:49: RTT-Channel 0 - Message: hello world
2025-03-17-T23:28:49: RTT-Channel 0 - Message: hello world
2025-03-17-T23:28:49: RTT-Channel 0 - Message: hello world
2025-03-17-T23:28:50: RTT-Channel 0 - Message: hello world
2025-03-17-T23:28:50: RTT-Channel 0 - Message: hello world
2025-03-17-T23:28:51: RTT-Channel 0 - Message: hello world
2025-03-17-T23:28:51: RTT-Channel 0 - Message: hello world
2025-03-17-T23:28:51: RTT-Channel 0 - Message: hello world
2025-03-17-T23:28:52: RTT-Channel 0 - Message: hello world
2025-03-17-T23:28:52: RTT-Channel 0 - Message: hello world
2025-03-17-T23:28:52: RTT-Channel 0 - Message: hello world
2025-03-17-T23:28:53: RTT-Channel 0 - Message: hello world
2025-03-17-T23:28:53: RTT-Channel 0 - Message: hello world
2025-03-17-T23:28:53: RTT-Channel 0 - Message: hello world
2025-03-17-T23:28:54: RTT-Channel 0 - Message: hello world
2025-03-17-T23:28:54: RTT-Channel 0 - Message: hello world
2025-03-17-T23:28:55: RTT-Channel 0 - Message: hello world
2025-03-17-T23:28:55: RTT-Channel 0 - Message: hello world
2025-03-17-T23:28:55: RTT-Channel 0 - Message: hello world
2025-03-17-T23:28:56: RTT-Channel 0 - Message: hello world
2025-03-17-T23:28:56: RTT-Channel 0 - Message: hello world
2025-03-17-T23:28:56: RTT-Channel 0 - Message: hello world
2025-03-17-T23:28:57: RTT-Channel 0 - Message: hello world
2025-03-17-T23:28:57: RTT-Channel 0 - Message: hello world
2025-03-17-T23:28:58: RTT-Channel 0 - Message: hello world
2025-03-17-T23:28:58: RTT-Channel 0 - Message: hello world
2025-03-17-T23:28:58: RTT-Channel 0 - Message: hello world
2025-03-17-T23:28:59: RTT-Channel 0 - Message: hello world
2025-03-17-T23:28:59: RTT-Channel 0 - Message: hello world
2025-03-17-T23:28:59: RTT-Channel 0 - Message: hello world
2025-03-17-T23:29:00: RTT-Channel 0 - Message: hello world
2025-03-17-T23:29:00: RTT-Channel 0 - Message: hello world
2025-03-17-T23:29:00: RTT-Channel 0 - Message: hello world
2025-03-17-T23:29:01: RTT-Channel 0 - Message: hello world
2025-03-17-T23:29:01: RTT-Channel 0 - Message: hello world
2025-03-17-T23:29:02: RTT-Channel 0 - Message: hello world
2025-03-17-T23:29:02: RTT-Channel 0 - Message: hello world
2025-03-17-T23:29:02: RTT-Channel 0 - Message: hello world
2025-03-17-T23:29:03: RTT-Channel 0 - Message: hello world
2025-03-17-T23:29:03: RTT-Channel 0 - Message: hello world
2025-03-17-T23:29:03: RTT-Channel 0 - Message: hello world
2025-03-17-T23:29:04: RTT-Channel 0 - Message: hello world
2025-03-17-T23:29:04: RTT-Channel 0 - Message: hello world
2025-03-17-T23:29:04: RTT-Channel 0 - Message: hello world
2025-03-17-T23:29:05: RTT-Channel 0 - Message: hello world
2025-03-17-T23:29:05: RTT-Channel 0 - Message: hello world
2025-03-17-T23:29:05: RTT-Channel 0 - Message: hello world
2025-03-17-T23:29:06: RTT-Channel 0 - Message: hello world
2025-03-17-T23:29:06: RTT-Channel 0 - Message: hello world
2025-03-17-T23:29:07: RTT-Channel 0 - Message: hello world
2025-03-17-T23:29:07: RTT-Channel 0 - Message: hello world
2025-03-17-T23:29:07: RTT-Channel 0 - Message: hello world
2025-03-17-T23:29:08: RTT-Channel 0 - Message: hello world
2025-03-17-T23:29:08: RTT-Channel 0 - Message: hello world
2025-03-17-T23:29:08: RTT-Channel 0 - Message: hello world
2025-03-17-T23:29:09: RTT-Channel 0 - Message: hello world
2025-03-17-T23:29:09: RTT-Channel 0 - Message: hello world
2025-03-17-T23:29:10: RTT-Channel 0 - Message: hello world
2025-03-17-T23:29:10: RTT-Channel 0 - Message: hello world
2025-03-17-T23:29:10: RTT-Channel 0 - Message: hello world
2025-03-17-T23:29:11: RTT-Channel 0 - Message: hello world
2025-03-17-T23:29:11: RTT-Channel 0 - Message: hello world
2025-03-17-T23:29:11: RTT-Channel 0 - Message: hello world
2025-03-17-T23:29:12: RTT-Channel 0 - Message: hello world
2025-03-17-T23:29:12: RTT-Channel 0 - Message: hello world
2025-03-17-T23:29:12: RTT-Channel 0 - Message: hello world
2025-03-17-T23:29:13: RTT-Channel 0 - Message: hello world
2025-03-17-T23:29:13: RTT-Channel 0 - Message: hello world
2025-03-17-T23:29:14: RTT-Channel 0 - Message: hello world
2025-03-17-T23:29:14: RTT-Channel 0 - Message: hello world
2025-03-17-T23:29:14: RTT-Channel 0 - Message: hello world
2025-03-17-T23:29:15: RTT-Channel 0 - Message: hello world
2025-03-17-T23:29:15: RTT-Channel 0 - Message: hello world
2025-03-17-T23:29:15: RTT-Channel 0 - Message: hello world
2025-03-17-T23:29:16: RTT-Channel 0 - Message: hello world
2025-03-17-T23:29:16: RTT-Channel 0 - Message: hello world
2025-03-17-T23:29:17: RTT-Channel 0 - Message: hello world
2025-03-17-T23:29:17: RTT-Channel 0 - Message: hello world
2025-03-17-T23:29:17: RTT-Channel 0 - Message: hello world
2025-03-17-T23:29:18: RTT-Channel 0 - Message: hello world
2025-03-17-T23:29:18: RTT-Channel 0 - Message: hello world
2025-03-17-T23:29:18: RTT-Channel 0 - Message: hello world
2025-03-17-T23:29:19: RTT-Channel 0 - Message: hello world
2025-03-17-T23:29:19: RTT-Channel 0 - Message: hello world
2025-03-17-T23:29:19: RTT-Channel 0 - Message: hello world
2025-03-17-T23:29:20: RTT-Channel 0 - Message: hello world
2025-03-17-T23:29:20: RTT-Channel 0 - Message: hello world
2025-03-17-T23:29:21: RTT-Channel 0 - Message: hello world
2025-03-17-T23:29:21: RTT-Channel 0 - Message: hello world
2025-03-17-T23:29:21: RTT-Channel 0 - Message: hello world
2025-03-17-T23:29:22: RTT-Channel 0 - Message: hello world
2025-03-17-T23:29:22: RTT-Channel 0 - Message: hello world
2025-03-17-T23:29:22: RTT-Channel 0 - Message: hello world
2025-03-17-T23:29:23: RTT-Channel 0 - Message: hello world
2025-03-17-T23:29:23: RTT-Channel 0 - Message: hello world
2025-03-17-T23:29:23: RTT-Channel 0 - Message: hello world
2025-03-17-T23:29:24: RTT-Channel 0 - Message: hello world
2025-03-17-T23:29:24: RTT-Channel 0 - Message: hello world
2025-03-17-T23:29:24: RTT-Channel 0 - Message: hello world
2025-03-17-T23:29:25: RTT-Channel 0 - Message: hello world
2025-03-17-T23:29:25: RTT-Channel 0 - Message: hello world
2025-03-17-T23:29:26: RTT-Channel 0 - Message: hello world
2025-03-17-T23:29:26: RTT-Channel 0 - Message: hello world
2025-03-17-T23:29:26: RTT-Channel 0 - Message: hello world
2025-03-17-T23:29:27: RTT-Channel 0 - Message: hello world
2025-03-17-T23:29:27: RTT-Channel 0 - Message: hello world
2025-03-17-T23:29:27: RTT-Channel 0 - Message: hello world
2025-03-17-T23:29:28: RTT-Channel 0 - Message: hello world
2025-03-17-T23:29:28: RTT-Channel 0 - Message: hello world
2025-03-17-T23:29:29: RTT-Channel 0 - Message: hello world
2025-03-17-T23:29:29: RTT-Channel 0 - Message: hello world
2025-03-17-T23:29:29: RTT-Channel 0 - Message: hello world
2025-03-17-T23:29:30: RTT-Channel 0 - Message: hello world
2025-03-17-T23:29:30: RTT-Channel 0 - Message: hello world
2025-03-17-T23:29:30: RTT-Channel 0 - Message: hello world
2025-03-17-T23:29:31: RTT-Channel 0 - Message: hello world
2025-03-17-T23:29:31: RTT-Channel 0 - Message: hello world
2025-03-17-T23:29:32: RTT-Channel 0 - Message: hello world
2025-03-17-T23:29:32: RTT-Channel 0 - Message: hello world
2025-03-17-T23:29:32: RTT-Channel 0 - Message: hello world
2025-03-17-T23:29:33: RTT-Channel 0 - Message: hello world
2025-03-17-T23:29:33: RTT-Channel 0 - Message: hello world
2025-03-17-T23:29:33: RTT-Channel 0 - Message: hello world
2025-03-17-T23:29:34: RTT-Channel 0 - Message: hello world
2025-03-17-T23:29:34: RTT-Channel 0 - Message: hello world
2025-03-17-T23:29:34: RTT-Channel 0 - Message: hello world
2025-03-17-T23:29:35: RTT-Channel 0 - Message: hello world
2025-03-17-T23:29:35: RTT-Channel 0 - Message: hello world
2025-03-17-T23:29:35: RTT-Channel 0 - Message: hello world
2025-03-17-T23:29:36: RTT-Channel 0 - Message: hello world
2025-03-17-T23:29:36: RTT-Channel 0 - Message: hello world
2025-03-17-T23:29:37: RTT-Channel 0 - Message: hello world
2025-03-17-T23:29:37: RTT-Channel 0 - Message: hello world
2025-03-17-T23:29:37: RTT-Channel 0 - Message: hello world
2025-03-17-T23:29:38: RTT-Channel 0 - Message: hello world
2025-03-17-T23:29:38: RTT-Channel 0 - Message: hello world
2025-03-17-T23:29:38: RTT-Channel 0 - Message: hello world
2025-03-17-T23:29:39: RTT-Channel 0 - Message: hello world
2025-03-17-T23:29:39: RTT-Channel 0 - Message: hello world
2025-03-17-T23:29:39: RTT-Channel 0 - Message: hello world
2025-03-17-T23:29:40: RTT-Channel 0 - Message: hello world
2025-03-17-T23:29:40: RTT-Channel 0 - Message: hello world
2025-03-17-T23:29:40: RTT-Channel 0 - Message: hello world
2025-03-17-T23:29:41: RTT-Channel 0 - Message: hello world
2025-03-17-T23:29:41: RTT-Channel 0 - Message: hello world
2025-03-17-T23:29:42: RTT-Channel 0 - Message: hello world
2025-03-17-T23:29:42: RTT-Channel 0 - Message: hello world
2025-03-17-T23:29:42: RTT-Channel 0 - Message: hello world
2025-03-17-T23:29:43: RTT-Channel 0 - Message: hello world
2025-03-17-T23:29:43: RTT-Channel 0 - Message: hello world
2025-03-17-T23:29:44: RTT-Channel 0 - Message: hello world
2025-03-17-T23:29:44: RTT-Channel 0 - Message: hello world
2025-03-17-T23:29:44: RTT-Channel 0 - Message: hello world
2025-03-17-T23:29:45: RTT-Channel 0 - Message: hello world
2025-03-17-T23:29:45: RTT-Channel 0 - Message: hello world
2025-03-17-T23:29:45: RTT-Channel 0 - Message: hello world
2025-03-17-T23:29:46: RTT-Channel 0 - Message: hello world
2025-03-17-T23:29:46: RTT-Channel 0 - Message: hello world
2025-03-17-T23:29:46: RTT-Channel 0 - Message: hello world
2025-03-17-T23:29:47: RTT-Channel 0 - Message: hello world
2025-03-17-T23:29:47: RTT-Channel 0 - Message: hello world
2025-03-17-T23:29:47: RTT-Channel 0 - Message: hello world
2025-03-17-T23:29:48: RTT-Channel 0 - Message: hello world
2025-03-17-T23:29:48: RTT-Channel 0 - Message: hello world
2025-03-17-T23:29:49: RTT-Channel 0 - Message: hello world
2025-03-17-T23:29:49: RTT-Channel 0 - Message: hello world
2025-03-17-T23:29:49: RTT-Channel 0 - Message: hello world
2025-03-17-T23:29:50: RTT-Channel 0 - Message: hello world
2025-03-17-T23:29:50: RTT-Channel 0 - Message: hello world
2025-03-17-T23:29:50: RTT-Channel 0 - Message: hello world
2025-03-17-T23:29:51: RTT-Channel 0 - Message: hello world
2025-03-17-T23:29:51: RTT-Channel 0 - Message: hello world
2025-03-17-T23:29:51: RTT-Channel 0 - Message: hello world
2025-03-17-T23:29:52: RTT-Channel 0 - Message: hello world
2025-03-17-T23:29:52: RTT-Channel 0 - Message: hello world
2025-03-17-T23:29:53: RTT-Channel 0 - Message: hello world
2025-03-17-T23:29:53: RTT-Channel 0 - Message: hello world
2025-03-17-T23:29:53: RTT-Channel 0 - Message: hello world
2025-03-17-T23:29:54: RTT-Channel 0 - Message: hello world
2025-03-17-T23:29:54: RTT-Channel 0 - Message: hello world
2025-03-17-T23:29:54: RTT-Channel 0 - Message: hello world
2025-03-17-T23:29:55: RTT-Channel 0 - Message: hello world
2025-03-17-T23:29:55: RTT-Channel 0 - Message: hello world
2025-03-17-T23:29:56: RTT-Channel 0 - Message: hello world
2025-03-17-T23:29:56: RTT-Channel 0 - Message: hello world
2025-03-17-T23:29:56: RTT-Channel 0 - Message: hello world
2025-03-17-T23:29:57: RTT-Channel 0 - Message: hello world
2025-03-17-T23:29:57: RTT-Channel 0 - Message: hello world
2025-03-17-T23:29:57: RTT-Channel 0 - Message: hello world
2025-03-17-T23:29:58: RTT-Channel 0 - Message: hello world
2025-03-17-T23:29:58: RTT-Channel 0 - Message: hello world
2025-03-17-T23:29:58: RTT-Channel 0 - Message: hello world
2025-03-17-T23:29:59: RTT-Channel 0 - Message: hello world
2025-03-17-T23:29:59: RTT-Channel 0 - Message: hello world
2025-03-17-T23:30:00: RTT-Channel 0 - Message: hello world
2025-03-17-T23:30:00: RTT-Channel 0 - Message: hello world
2025-03-17-T23:30:00: RTT-Channel 0 - Message: hello world
2025-03-17-T23:30:01: RTT-Channel 0 - Message: hello world
2025-03-17-T23:30:01: RTT-Channel 0 - Message: hello world
2025-03-17-T23:30:01: RTT-Channel 0 - Message: hello world
2025-03-17-T23:30:02: RTT-Channel 0 - Message: hello world
2025-03-17-T23:30:02: RTT-Channel 0 - Message: hello world
2025-03-17-T23:30:02: RTT-Channel 0 - Message: hello world
2025-03-17-T23:30:03: RTT-Channel 0 - Message: hello world
2025-03-17-T23:30:03: RTT-Channel 0 - Message: hello world
2025-03-17-T23:30:03: RTT-Channel 0 - Message: hello world
2025-03-17-T23:30:04: RTT-Channel 0 - Message: hello world
2025-03-17-T23:30:04: RTT-Channel 0 - Message: hello world
2025-03-17-T23:30:05: RTT-Channel 0 - Message: hello world
2025-03-17-T23:30:05: RTT-Channel 0 - Message: hello world
2025-03-17-T23:30:05: RTT-Channel 0 - Message: hello world
2025-03-17-T23:30:06: RTT-Channel 0 - Message: hello world
2025-03-17-T23:30:06: RTT-Channel 0 - Message: hello world
2025-03-17-T23:30:06: RTT-Channel 0 - Message: hello world
2025-03-17-T23:30:07: RTT-Channel 0 - Message: hello world
2025-03-17-T23:30:07: RTT-Channel 0 - Message: hello world
2025-03-17-T23:30:07: RTT-Channel 0 - Message: hello world
2025-03-17-T23:30:08: RTT-Channel 0 - Message: hello world
2025-03-17-T23:30:08: RTT-Channel 0 - Message: hello world
2025-03-17-T23:30:09: RTT-Channel 0 - Message: hello world
2025-03-17-T23:30:09: RTT-Channel 0 - Message: hello world
2025-03-17-T23:30:09: RTT-Channel 0 - Message: 2025-03-17-T23:30:09: RTT-Channel 0 - Message: 2025-03-17-T23:30:10: RTT-Channel 0 - Message: hello world
2025-03-17-T23:30:10: RTT-Channel 0 - Message: hello world
2025-03-17-T23:30:10: RTT-Channel 0 - Message: hello world
2025-03-17-T23:30:11: RTT-Channel 0 - Message: hello world
2025-03-17-T23:30:11: RTT-Channel 0 - Message: hello world
2025-03-17-T23:30:12: RTT-Channel 0 - Message: hello world
2025-03-17-T23:30:12: RTT-Channel 0 - Message: hello world
2025-03-17-T23:30:12: RTT-Channel 0 - Message: hello world
2025-03-17-T23:30:13: RTT-Channel 0 - Message: hello world
2025-03-17-T23:30:13: RTT-Channel 0 - Message: hello world
2025-03-17-T23:30:13: RTT-Channel 0 - Message: hello world
2025-03-17-T23:30:14: RTT-Channel 0 - Message: hello world
2025-03-17-T23:30:14: RTT-Channel 0 - Message: hello world
2025-03-17-T23:30:14: RTT-Channel 0 - Message: hello world
2025-03-17-T23:30:15: RTT-Channel 0 - Message: hello world
2025-03-17-T23:30:15: RTT-Channel 0 - Message: hello world
2025-03-17-T23:30:15: RTT-Channel 0 - Message: hello world
2025-03-17-T23:30:16: RTT-Channel 0 - Message: hello world
2025-03-17-T23:30:16: RTT-Channel 0 - Message: hello world
2025-03-17-T23:30:17: RTT-Channel 0 - Message: hello world
2025-03-17-T23:30:17: RTT-Channel 0 - Message: hello world
2025-03-17-T23:30:17: RTT-Channel 0 - Message: hello world
2025-03-17-T23:30:18: RTT-Channel 0 - Message: hello world
2025-03-17-T23:30:18: RTT-Channel 0 - Message: hello world
2025-03-17-T23:30:18: RTT-Channel 0 - Message: hello world
2025-03-17-T23:30:19: RTT-Channel 0 - Message: hello world
2025-03-17-T23:30:19: RTT-Channel 0 - Message: hello world
2025-03-17-T23:30:20: RTT-Channel 0 - Message: hello world
2025-03-17-T23:30:20: probe-rs message: Error communicating with the probe.
	An ARM specific error occurred.
		The debug probe encountered an error.
			An error which is specific to the debug probe in use occurred.
				Remote error with result 0000000000000703
2025-03-17-T23:30:20: RTT-Channel 0 - Message: hello world
2025-03-17-T23:30:20: RTT-Channel 0 - Message: hello world
2025-03-17-T23:30:21: RTT-Channel 0 - Message: hello world
2025-03-17-T23:30:21: RTT-Channel 0 - Message: hello world
2025-03-17-T23:30:21: RTT-Channel 0 - Message: hello world
2025-03-17-T23:30:22: RTT-Channel 0 - Message: hello world
2025-03-17-T23:30:22: RTT-Channel 0 - Message: hello world
2025-03-17-T23:30:22: RTT-Channel 0 - Message: hello world
2025-03-17-T23:30:23: RTT-Channel 0 - Message: hello world
2025-03-17-T23:30:23: RTT-Channel 0 - Message: hello world
2025-03-17-T23:30:24: RTT-Channel 0 - Message: hello world
2025-03-17-T23:30:24: RTT-Channel 0 - Message: hello world
2025-03-17-T23:30:24: RTT-Channel 0 - Message: hello world
2025-03-17-T23:30:25: RTT-Channel 0 - Message: hello world
2025-03-17-T23:30:25: RTT-Channel 0 - Message: hello world
2025-03-17-T23:30:25: RTT-Channel 0 - Message: hello world
2025-03-17-T23:30:26: RTT-Channel 0 - Message: hello world
2025-03-17-T23:30:26: RTT-Channel 0 - Message: hello world
2025-03-17-T23:30:26: RTT-Channel 0 - Message: hello world
2025-03-17-T23:30:27: RTT-Channel 0 - Message: hello world
2025-03-17-T23:30:27: RTT-Channel 0 - Message: hello world
2025-03-17-T23:30:27: RTT-Channel 0 - Message: hello world
2025-03-17-T23:30:28: RTT-Channel 0 - Message: hello world
2025-03-17-T23:30:28: RTT-Channel 0 - Message: hello world
2025-03-17-T23:30:29: RTT-Channel 0 - Message: hello world
2025-03-17-T23:30:29: RTT-Channel 0 - Message: hello world
2025-03-17-T23:30:29: RTT-Channel 0 - Message: hello world
2025-03-17-T23:30:30: RTT-Channel 0 - Message: hello world
2025-03-17-T23:30:30: RTT-Channel 0 - Message: hello world
2025-03-17-T23:30:30: RTT-Channel 0 - Message: hello world
2025-03-17-T23:30:31: RTT-Channel 0 - Message: hello world
2025-03-17-T23:30:31: RTT-Channel 0 - Message: hello world
2025-03-17-T23:30:32: RTT-Channel 0 - Message: hello world
2025-03-17-T23:30:32: RTT-Channel 0 - Message: hello world
2025-03-17-T23:30:32: RTT-Channel 0 - Message: hello world
2025-03-17-T23:30:33: RTT-Channel 0 - Message: hello world
2025-03-17-T23:30:33: RTT-Channel 0 - Message: hello world
2025-03-17-T23:30:33: RTT-Channel 0 - Message: hello world
2025-03-17-T23:30:34: RTT-Channel 0 - Message: hello world
2025-03-17-T23:30:34: RTT-Channel 0 - Message: hello world
2025-03-17-T23:30:35: RTT-Channel 0 - Message: hello world
2025-03-17-T23:30:35: RTT-Channel 0 - Message: hello world
2025-03-17-T23:30:35: RTT-Channel 0 - Message: hello world
2025-03-17-T23:30:36: RTT-Channel 0 - Message: hello world
2025-03-17-T23:30:36: RTT-Channel 0 - Message: hello world
2025-03-17-T23:30:36: RTT-Channel 0 - Message: hello world
2025-03-17-T23:30:37: RTT-Channel 0 - Message: hello world
2025-03-17-T23:30:37: RTT-Channel 0 - Message: hello world
2025-03-17-T23:30:37: RTT-Channel 0 - Message: hello world
2025-03-17-T23:30:38: RTT-Channel 0 - Message: hello world
2025-03-17-T23:30:38: RTT-Channel 0 - Message: hello world
2025-03-17-T23:30:38: RTT-Channel 0 - Message: hello world
2025-03-17-T23:30:39: RTT-Channel 0 - Message: hello world
2025-03-17-T23:30:39: RTT-Channel 0 - Message: hello world
2025-03-17-T23:30:40: RTT-Channel 0 - Message: hello world
2025-03-17-T23:30:40: RTT-Channel 0 - Message: hello world
2025-03-17-T23:30:40: RTT-Channel 0 - Message: hello world
2025-03-17-T23:30:41: RTT-Channel 0 - Message: hello world
2025-03-17-T23:30:41: RTT-Channel 0 - Message: hello world
2025-03-17-T23:30:41: RTT-Channel 0 - Message: hello world
2025-03-17-T23:30:42: RTT-Channel 0 - Message: hello world
2025-03-17-T23:30:42: RTT-Channel 0 - Message: hello world
2025-03-17-T23:30:42: RTT-Channel 0 - Message: hello world
2025-03-17-T23:30:43: RTT-Channel 0 - Message: hello world
2025-03-17-T23:30:43: RTT-Channel 0 - Message: hello world
2025-03-17-T23:30:44: RTT-Channel 0 - Message: hello world
2025-03-17-T23:30:44: RTT-Channel 0 - Message: hello world
2025-03-17-T23:30:44: RTT-Channel 0 - Message: hello world
2025-03-17-T23:30:45: RTT-Channel 0 - Message: hello world
2025-03-17-T23:30:45: RTT-Channel 0 - Message: hello world
2025-03-17-T23:30:45: RTT-Channel 0 - Message: hello world
2025-03-17-T23:30:46: RTT-Channel 0 - Message: hello world
2025-03-17-T23:30:46: RTT-Channel 0 - Message: hello world
2025-03-17-T23:30:47: RTT-Channel 0 - Message: hello world
2025-03-17-T23:30:47: RTT-Channel 0 - Message: hello world
2025-03-17-T23:30:47: RTT-Channel 0 - Message: hello world
2025-03-17-T23:30:48: RTT-Channel 0 - Message: hello world
2025-03-17-T23:30:48: RTT-Channel 0 - Message: hello world
2025-03-17-T23:30:48: RTT-Channel 0 - Message: hello world
2025-03-17-T23:30:49: RTT-Channel 0 - Message: hello world
2025-03-17-T23:30:49: RTT-Channel 0 - Message: hello world
2025-03-17-T23:30:49: RTT-Channel 0 - Message: hello world
2025-03-17-T23:30:50: RTT-Channel 0 - Message: hello world
2025-03-17-T23:30:50: RTT-Channel 0 - Message: hello world
2025-03-17-T23:30:51: RTT-Channel 0 - Message: hello world
2025-03-17-T23:30:51: RTT-Channel 0 - Message: hello world
2025-03-17-T23:30:51: RTT-Channel 0 - Message: hello world
2025-03-17-T23:30:52: RTT-Channel 0 - Message: hello world
2025-03-17-T23:30:52: RTT-Channel 0 - Message: hello world
2025-03-17-T23:30:52: RTT-Channel 0 - Message: hello world
2025-03-17-T23:30:53: RTT-Channel 0 - Message: hello world
2025-03-17-T23:30:53: RTT-Channel 0 - Message: hello world
2025-03-17-T23:30:53: RTT-Channel 0 - Message: hello world
2025-03-17-T23:30:54: RTT-Channel 0 - Message: hello world
2025-03-17-T23:30:54: RTT-Channel 0 - Message: hello world
2025-03-17-T23:30:54: RTT-Channel 0 - Message: hello world
2025-03-17-T23:30:55: RTT-Channel 0 - Message: hello world
2025-03-17-T23:30:55: RTT-Channel 0 - Message: hello world
2025-03-17-T23:30:56: RTT-Channel 0 - Message: hello world
2025-03-17-T23:30:56: RTT-Channel 0 - Message: hello world
2025-03-17-T23:30:56: RTT-Channel 0 - Message: hello world
2025-03-17-T23:30:57: RTT-Channel 0 - Message: hello world
2025-03-17-T23:30:57: RTT-Channel 0 - Message: hello world
2025-03-17-T23:30:57: RTT-Channel 0 - Message: hello world
2025-03-17-T23:30:58: RTT-Channel 0 - Message: hello world
2025-03-17-T23:30:58: RTT-Channel 0 - Message: hello world
2025-03-17-T23:30:58: RTT-Channel 0 - Message: hello world
2025-03-17-T23:30:59: RTT-Channel 0 - Message: hello world
2025-03-17-T23:30:59: RTT-Channel 0 - Message: hello world
2025-03-17-T23:31:00: RTT-Channel 0 - Message: hello world
2025-03-17-T23:31:00: RTT-Channel 0 - Message: hello world
2025-03-17-T23:31:00: RTT-Channel 0 - Message: hello world
2025-03-17-T23:31:01: RTT-Channel 0 - Message: hello world
2025-03-17-T23:31:01: RTT-Channel 0 - Message: hello world
2025-03-17-T23:31:01: RTT-Channel 0 - Message: hello world
2025-03-17-T23:31:02: RTT-Channel 0 - Message: hello world
2025-03-17-T23:31:02: RTT-Channel 0 - Message: hello world
2025-03-17-T23:31:03: RTT-Channel 0 - Message: hello world
2025-03-17-T23:31:03: RTT-Channel 0 - Message: hello world
2025-03-17-T23:31:03: RTT-Channel 0 - Message: hello world
2025-03-17-T23:31:04: RTT-Channel 0 - Message: hello world
2025-03-17-T23:31:04: RTT-Channel 0 - Message: hello world
2025-03-17-T23:31:04: RTT-Channel 0 - Message: hello world
2025-03-17-T23:31:05: RTT-Channel 0 - Message: hello world
2025-03-17-T23:31:05: RTT-Channel 0 - Message: hello world
2025-03-17-T23:31:05: RTT-Channel 0 - Message: hello world
2025-03-17-T23:31:06: RTT-Channel 0 - Message: hello world
2025-03-17-T23:31:06: RTT-Channel 0 - Message: hello world
2025-03-17-T23:31:06: RTT-Channel 0 - Message: hello world
2025-03-17-T23:31:07: RTT-Channel 0 - Message: hello world
2025-03-17-T23:31:07: RTT-Channel 0 - Message: hello world
2025-03-17-T23:31:08: RTT-Channel 0 - Message: hello world
2025-03-17-T23:31:08: RTT-Channel 0 - Message: hello world
2025-03-17-T23:31:08: RTT-Channel 0 - Message: hello world
2025-03-17-T23:31:09: RTT-Channel 0 - Message: hello world
2025-03-17-T23:31:09: RTT-Channel 0 - Message: hello world
2025-03-17-T23:31:10: RTT-Channel 0 - Message: hello world
2025-03-17-T23:31:10: RTT-Channel 0 - Message: hello world
2025-03-17-T23:31:10: RTT-Channel 0 - Message: hello world
2025-03-17-T23:31:11: RTT-Channel 0 - Message: hello world
2025-03-17-T23:31:11: RTT-Channel 0 - Message: hello world
2025-03-17-T23:31:11: RTT-Channel 0 - Message: hello world
2025-03-17-T23:31:12: RTT-Channel 0 - Message: hello world
2025-03-17-T23:31:12: RTT-Channel 0 - Message: hello world
2025-03-17-T23:31:12: RTT-Channel 0 - Message: hello world
2025-03-17-T23:31:13: RTT-Channel 0 - Message: hello world
2025-03-17-T23:31:13: RTT-Channel 0 - Message: hello world
2025-03-17-T23:31:13: RTT-Channel 0 - Message: hello world
2025-03-17-T23:31:14: RTT-Channel 0 - Message: hello world
2025-03-17-T23:31:14: RTT-Channel 0 - Message: hello world
2025-03-17-T23:31:15: RTT-Channel 0 - Message: hello world
2025-03-17-T23:31:15: RTT-Channel 0 - Message: hello world
2025-03-17-T23:31:15: RTT-Channel 0 - Message: hello world
2025-03-17-T23:31:16: RTT-Channel 0 - Message: hello world
2025-03-17-T23:31:16: RTT-Channel 0 - Message: hello world
2025-03-17-T23:31:16: RTT-Channel 0 - Message: hello world
2025-03-17-T23:31:17: RTT-Channel 0 - Message: hello world
2025-03-17-T23:31:17: RTT-Channel 0 - Message: hello world
2025-03-17-T23:31:17: RTT-Channel 0 - Message: hello world
2025-03-17-T23:31:18: RTT-Channel 0 - Message: hello world
2025-03-17-T23:31:18: RTT-Channel 0 - Message: hello world
2025-03-17-T23:31:19: RTT-Channel 0 - Message: hello world
2025-03-17-T23:31:19: RTT-Channel 0 - Message: hello world
2025-03-17-T23:31:19: RTT-Channel 0 - Message: hello world
2025-03-17-T23:31:20: RTT-Channel 0 - Message: hello world
2025-03-17-T23:31:20: RTT-Channel 0 - Message: hello world
2025-03-17-T23:31:20: RTT-Channel 0 - Message: hello world
2025-03-17-T23:31:21: RTT-Channel 0 - Message: hello world
2025-03-17-T23:31:21: RTT-Channel 0 - Message: hello world
2025-03-17-T23:31:22: RTT-Channel 0 - Message: hello world
2025-03-17-T23:31:22: RTT-Channel 0 - Message: hello world
2025-03-17-T23:31:22: RTT-Channel 0 - Message: hello world
2025-03-17-T23:31:23: RTT-Channel 0 - Message: hello world
2025-03-17-T23:31:23: RTT-Channel 0 - Message: hello world
2025-03-17-T23:31:23: RTT-Channel 0 - Message: hello world
2025-03-17-T23:31:24: RTT-Channel 0 - Message: hello world
2025-03-17-T23:31:24: RTT-Channel 0 - Message: hello world
2025-03-17-T23:31:24: RTT-Channel 0 - Message: hello world
2025-03-17-T23:31:25: RTT-Channel 0 - Message: hello world
2025-03-17-T23:31:25: RTT-Channel 0 - Message: hello world
2025-03-17-T23:31:25: RTT-Channel 0 - Message: hello world
2025-03-17-T23:31:26: RTT-Channel 0 - Message: hello world
2025-03-17-T23:31:26: RTT-Channel 0 - Message: hello world
2025-03-17-T23:31:27: RTT-Channel 0 - Message: hello world
2025-03-17-T23:31:27: RTT-Channel 0 - Message: hello world
2025-03-17-T23:31:27: RTT-Channel 0 - Message: hello world
2025-03-17-T23:31:28: RTT-Channel 0 - Message: hello world
2025-03-17-T23:31:28: RTT-Channel 0 - Message: hello world
2025-03-17-T23:31:28: RTT-Channel 0 - Message: hello world
2025-03-17-T23:31:29: RTT-Channel 0 - Message: hello world
2025-03-17-T23:31:29: RTT-Channel 0 - Message: hello world
2025-03-17-T23:31:29: RTT-Channel 0 - Message: hello world
2025-03-17-T23:31:30: RTT-Channel 0 - Message: hello world
2025-03-17-T23:31:30: RTT-Channel 0 - Message: hello world
2025-03-17-T23:31:31: RTT-Channel 0 - Message: hello world
2025-03-17-T23:31:31: RTT-Channel 0 - Message: hello world
2025-03-17-T23:31:31: RTT-Channel 0 - Message: hello world
2025-03-17-T23:31:32: RTT-Channel 0 - Message: hello world
2025-03-17-T23:31:32: RTT-Channel 0 - Message: hello world
2025-03-17-T23:31:32: RTT-Channel 0 - Message: hello world
2025-03-17-T23:31:33: RTT-Channel 0 - Message: hello world
2025-03-17-T23:31:33: RTT-Channel 0 - Message: hello world
2025-03-17-T23:31:33: RTT-Channel 0 - Message: hello world
2025-03-17-T23:31:34: RTT-Channel 0 - Message: hello world
2025-03-17-T23:31:34: RTT-Channel 0 - Message: hello world
2025-03-17-T23:31:35: RTT-Channel 0 - Message: hello world
2025-03-17-T23:31:35: RTT-Channel 0 - Message: hello world
2025-03-17-T23:31:35: RTT-Channel 0 - Message: hello world
2025-03-17-T23:31:36: RTT-Channel 0 - Message: hello world
2025-03-17-T23:31:36: RTT-Channel 0 - Message: hello world
2025-03-17-T23:31:36: RTT-Channel 0 - Message: hello world
2025-03-17-T23:31:37: RTT-Channel 0 - Message: hello world
2025-03-17-T23:31:37: RTT-Channel 0 - Message: hello world
2025-03-17-T23:31:38: RTT-Channel 0 - Message: hello world
2025-03-17-T23:31:38: RTT-Channel 0 - Message: hello world
2025-03-17-T23:31:38: RTT-Channel 0 - Message: hello world
2025-03-17-T23:31:39: RTT-Channel 0 - Message: 2025-03-17-T23:31:39: RTT-Channel 0 - Message: hello world
2025-03-17-T23:31:39: RTT-Channel 0 - Message: hello world
2025-03-17-T23:31:40: RTT-Channel 0 - Message: hello world
2025-03-17-T23:31:40: RTT-Channel 0 - Message: hello world
2025-03-17-T23:31:40: RTT-Channel 0 - Message: hello world
2025-03-17-T23:31:41: RTT-Channel 0 - Message: hello world
2025-03-17-T23:31:41: RTT-Channel 0 - Message: hello world
2025-03-17-T23:31:41: RTT-Channel 0 - Message: hello world
2025-03-17-T23:31:42: RTT-Channel 0 - Message: 2025-03-17-T23:31:42: RTT-Channel 0 - Message: 2025-03-17-T23:31:42: RTT-Channel 0 - Message: hello world
2025-03-17-T23:31:43: RTT-Channel 0 - Message: hello world
2025-03-17-T23:31:43: RTT-Channel 0 - Message: hello world
2025-03-17-T23:31:43: RTT-Channel 0 - Message: hello world
2025-03-17-T23:31:44: RTT-Channel 0 - Message: hello world
2025-03-17-T23:31:44: RTT-Channel 0 - Message: hello world
2025-03-17-T23:31:44: RTT-Channel 0 - Message: hello world
2025-03-17-T23:31:45: RTT-Channel 0 - Message: hello world
2025-03-17-T23:31:45: RTT-Channel 0 - Message: hello world
2025-03-17-T23:31:45: RTT-Channel 0 - Message: hello world
2025-03-17-T23:31:46: RTT-Channel 0 - Message: hello world
2025-03-17-T23:31:46: RTT-Channel 0 - Message: hello world
2025-03-17-T23:31:47: RTT-Channel 0 - Message: hello world
2025-03-17-T23:31:47: RTT-Channel 0 - Message: hello world
2025-03-17-T23:31:47: RTT-Channel 0 - Message: hello world
2025-03-17-T23:31:48: RTT-Channel 0 - Message: hello world
2025-03-17-T23:31:48: RTT-Channel 0 - Message: hello world
2025-03-17-T23:31:48: RTT-Channel 0 - Message: hello world
2025-03-17-T23:31:49: RTT-Channel 0 - Message: hello world
2025-03-17-T23:31:49: RTT-Channel 0 - Message: hello world
2025-03-17-T23:31:50: RTT-Channel 0 - Message: hello world
2025-03-17-T23:31:50: RTT-Channel 0 - Message: hello world
2025-03-17-T23:31:50: RTT-Channel 0 - Message: hello world
2025-03-17-T23:31:51: RTT-Channel 0 - Message: hello world
2025-03-17-T23:31:51: RTT-Channel 0 - Message: hello world
2025-03-17-T23:31:51: RTT-Channel 0 - Message: hello world
2025-03-17-T23:31:52: RTT-Channel 0 - Message: hello world
2025-03-17-T23:31:52: RTT-Channel 0 - Message: hello world
2025-03-17-T23:31:52: RTT-Channel 0 - Message: hello world
2025-03-17-T23:31:53: RTT-Channel 0 - Message: hello world
2025-03-17-T23:31:53: RTT-Channel 0 - Message: hello world
2025-03-17-T23:31:54: RTT-Channel 0 - Message: hello world
2025-03-17-T23:31:54: RTT-Channel 0 - Message: hello world
2025-03-17-T23:31:54: RTT-Channel 0 - Message: hello world
2025-03-17-T23:31:55: RTT-Channel 0 - Message: hello world
2025-03-17-T23:31:55: RTT-Channel 0 - Message: hello world
2025-03-17-T23:31:55: RTT-Channel 0 - Message: hello world
2025-03-17-T23:31:56: RTT-Channel 0 - Message: hello world
2025-03-17-T23:31:56: RTT-Channel 0 - Message: hello world
2025-03-17-T23:31:56: RTT-Channel 0 - Message: hello world
2025-03-17-T23:31:57: RTT-Channel 0 - Message: hello world
2025-03-17-T23:31:57: RTT-Channel 0 - Message: hello world
2025-03-17-T23:31:58: RTT-Channel 0 - Message: hello world
2025-03-17-T23:31:58: RTT-Channel 0 - Message: hello world
2025-03-17-T23:31:58: RTT-Channel 0 - Message: hello world
2025-03-17-T23:31:59: RTT-Channel 0 - Message: hello world
2025-03-17-T23:31:59: RTT-Channel 0 - Message: hello world
2025-03-17-T23:31:59: RTT-Channel 0 - Message: hello world
2025-03-17-T23:32:00: RTT-Channel 0 - Message: hello world
2025-03-17-T23:32:00: RTT-Channel 0 - Message: hello world
2025-03-17-T23:32:01: RTT-Channel 0 - Message: hello world
2025-03-17-T23:32:01: RTT-Channel 0 - Message: hello world
2025-03-17-T23:32:01: RTT-Channel 0 - Message: hello world
2025-03-17-T23:32:02: RTT-Channel 0 - Message: hello world
2025-03-17-T23:32:02: RTT-Channel 0 - Message: hello world
2025-03-17-T23:32:02: RTT-Channel 0 - Message: hello world
2025-03-17-T23:32:03: RTT-Channel 0 - Message: hello world
2025-03-17-T23:32:03: RTT-Channel 0 - Message: hello world
2025-03-17-T23:32:03: RTT-Channel 0 - Message: hello world
2025-03-17-T23:32:04: RTT-Channel 0 - Message: hello world
2025-03-17-T23:32:04: RTT-Channel 0 - Message: hello world
2025-03-17-T23:32:04: RTT-Channel 0 - Message: hello world
2025-03-17-T23:32:05: RTT-Channel 0 - Message: hello world
2025-03-17-T23:32:05: RTT-Channel 0 - Message: hello world
2025-03-17-T23:32:06: RTT-Channel 0 - Message: hello world
2025-03-17-T23:32:06: RTT-Channel 0 - Message: hello world
2025-03-17-T23:32:06: RTT-Channel 0 - Message: hello world
2025-03-17-T23:32:07: RTT-Channel 0 - Message: hello world
2025-03-17-T23:32:07: RTT-Channel 0 - Message: hello world
2025-03-17-T23:32:07: RTT-Channel 0 - Message: hello world
2025-03-17-T23:32:08: RTT-Channel 0 - Message: hello world
2025-03-17-T23:32:08: RTT-Channel 0 - Message: hello world
2025-03-17-T23:32:08: RTT-Channel 0 - Message: hello world
2025-03-17-T23:32:09: RTT-Channel 0 - Message: hello world
2025-03-17-T23:32:09: RTT-Channel 0 - Message: hello world
2025-03-17-T23:32:10: RTT-Channel 0 - Message: hello world
2025-03-17-T23:32:10: RTT-Channel 0 - Message: hello world
2025-03-17-T23:32:10: RTT-Channel 0 - Message: hello world
2025-03-17-T23:32:11: RTT-Channel 0 - Message: hello world
2025-03-17-T23:32:11: RTT-Channel 0 - Message: hello world
2025-03-17-T23:32:11: RTT-Channel 0 - Message: hello world
2025-03-17-T23:32:12: RTT-Channel 0 - Message: hello world
2025-03-17-T23:32:12: RTT-Channel 0 - Message: hello world
2025-03-17-T23:32:13: RTT-Channel 0 - Message: hello world
2025-03-17-T23:32:13: RTT-Channel 0 - Message: hello world
2025-03-17-T23:32:13: RTT-Channel 0 - Message: hello world
2025-03-17-T23:32:14: RTT-Channel 0 - Message: hello world
2025-03-17-T23:32:14: RTT-Channel 0 - Message: hello world
2025-03-17-T23:32:14: RTT-Channel 0 - Message: hello world
2025-03-17-T23:32:15: RTT-Channel 0 - Message: hello world
2025-03-17-T23:32:15: RTT-Channel 0 - Message: hello world
2025-03-17-T23:32:15: RTT-Channel 0 - Message: hello world
2025-03-17-T23:32:16: RTT-Channel 0 - Message: hello world
2025-03-17-T23:32:16: RTT-Channel 0 - Message: hello world
2025-03-17-T23:32:17: RTT-Channel 0 - Message: hello world
2025-03-17-T23:32:17: RTT-Channel 0 - Message: hello world
2025-03-17-T23:32:17: RTT-Channel 0 - Message: hello world
2025-03-17-T23:32:18: RTT-Channel 0 - Message: hello world
2025-03-17-T23:32:18: RTT-Channel 0 - Message: hello world
2025-03-17-T23:32:18: RTT-Channel 0 - Message: hello world
2025-03-17-T23:32:19: RTT-Channel 0 - Message: hello world
2025-03-17-T23:32:19: RTT-Channel 0 - Message: hello world
2025-03-17-T23:32:19: RTT-Channel 0 - Message: hello world
2025-03-17-T23:32:20: RTT-Channel 0 - Message: hello world
2025-03-17-T23:32:20: RTT-Channel 0 - Message: hello world
2025-03-17-T23:32:21: RTT-Channel 0 - Message: hello world
2025-03-17-T23:32:21: RTT-Channel 0 - Message: hello world
2025-03-17-T23:32:21: RTT-Channel 0 - Message: hello world
2025-03-17-T23:32:22: RTT-Channel 0 - Message: hello world
2025-03-17-T23:32:22: RTT-Channel 0 - Message: hello world
2025-03-17-T23:32:22: RTT-Channel 0 - Message: hello world
2025-03-17-T23:32:23: RTT-Channel 0 - Message: hello world
2025-03-17-T23:32:23: RTT-Channel 0 - Message: hello world
2025-03-17-T23:32:24: RTT-Channel 0 - Message: hello world
2025-03-17-T23:32:24: RTT-Channel 0 - Message: hello world
2025-03-17-T23:32:24: RTT-Channel 0 - Message: hello world
2025-03-17-T23:32:25: RTT-Channel 0 - Message: hello world
2025-03-17-T23:32:25: RTT-Channel 0 - Message: hello world
2025-03-17-T23:32:25: RTT-Channel 0 - Message: hello world
2025-03-17-T23:32:26: RTT-Channel 0 - Message: hello world
2025-03-17-T23:32:26: RTT-Channel 0 - Message: hello world
2025-03-17-T23:32:26: RTT-Channel 0 - Message: hello world
2025-03-17-T23:32:27: RTT-Channel 0 - Message: hello world
2025-03-17-T23:32:27: RTT-Channel 0 - Message: hello world
2025-03-17-T23:32:27: RTT-Channel 0 - Message: hello world
2025-03-17-T23:32:28: RTT-Channel 0 - Message: hello world
2025-03-17-T23:32:28: RTT-Channel 0 - Message: hello world
2025-03-17-T23:32:29: RTT-Channel 0 - Message: hello world
2025-03-17-T23:32:29: RTT-Channel 0 - Message: hello world
2025-03-17-T23:32:29: RTT-Channel 0 - Message: hello world
2025-03-17-T23:32:30: RTT-Channel 0 - Message: hello world
2025-03-17-T23:32:30: RTT-Channel 0 - Message: hello world
2025-03-17-T23:32:30: RTT-Channel 0 - Message: hello world
2025-03-17-T23:32:31: RTT-Channel 0 - Message: hello world
2025-03-17-T23:32:31: RTT-Channel 0 - Message: hello world
2025-03-17-T23:32:31: RTT-Channel 0 - Message: hello world
2025-03-17-T23:32:32: RTT-Channel 0 - Message: hello world
2025-03-17-T23:32:32: RTT-Channel 0 - Message: hello world
2025-03-17-T23:32:33: RTT-Channel 0 - Message: hello world
2025-03-17-T23:32:33: RTT-Channel 0 - Message: hello world
2025-03-17-T23:32:33: RTT-Channel 0 - Message: hello world
2025-03-17-T23:32:34: RTT-Channel 0 - Message: hello world
2025-03-17-T23:32:34: RTT-Channel 0 - Message: hello world
2025-03-17-T23:32:34: RTT-Channel 0 - Message: hello world
2025-03-17-T23:32:35: RTT-Channel 0 - Message: hello world
2025-03-17-T23:32:35: RTT-Channel 0 - Message: hello world
2025-03-17-T23:32:35: RTT-Channel 0 - Message: hello world
2025-03-17-T23:32:36: RTT-Channel 0 - Message: hello world
2025-03-17-T23:32:36: RTT-Channel 0 - Message: hello world
2025-03-17-T23:32:37: RTT-Channel 0 - Message: hello world
2025-03-17-T23:32:37: RTT-Channel 0 - Message: hello world
2025-03-17-T23:32:37: RTT-Channel 0 - Message: hello world
2025-03-17-T23:32:38: RTT-Channel 0 - Message: hello world
2025-03-17-T23:32:38: RTT-Channel 0 - Message: hello world
2025-03-17-T23:32:38: RTT-Channel 0 - Message: hello world
2025-03-17-T23:32:39: RTT-Channel 0 - Message: hello world
2025-03-17-T23:32:39: RTT-Channel 0 - Message: hello world
2025-03-17-T23:32:39: RTT-Channel 0 - Message: hello world
2025-03-17-T23:32:40: RTT-Channel 0 - Message: hello world
2025-03-17-T23:32:40: RTT-Channel 0 - Message: hello world
2025-03-17-T23:32:41: RTT-Channel 0 - Message: hello world
2025-03-17-T23:32:41: RTT-Channel 0 - Message: hello world
2025-03-17-T23:32:41: RTT-Channel 0 - Message: hello world
2025-03-17-T23:32:42: RTT-Channel 0 - Message: hello world
2025-03-17-T23:32:42: RTT-Channel 0 - Message: hello world
2025-03-17-T23:32:42: RTT-Channel 0 - Message: hello world
2025-03-17-T23:32:43: RTT-Channel 0 - Message: hello world
2025-03-17-T23:32:43: RTT-Channel 0 - Message: hello world
2025-03-17-T23:32:43: RTT-Channel 0 - Message: hello world
2025-03-17-T23:32:44: RTT-Channel 0 - Message: hello world
2025-03-17-T23:32:44: RTT-Channel 0 - Message: hello world
2025-03-17-T23:32:45: RTT-Channel 0 - Message: hello world
2025-03-17-T23:32:45: RTT-Channel 0 - Message: hello world
2025-03-17-T23:32:45: RTT-Channel 0 - Message: hello world
2025-03-17-T23:32:46: RTT-Channel 0 - Message: hello world
2025-03-17-T23:32:46: RTT-Channel 0 - Message: hello world
2025-03-17-T23:32:46: RTT-Channel 0 - Message: hello world
2025-03-17-T23:32:47: RTT-Channel 0 - Message: hello world
2025-03-17-T23:32:47: RTT-Channel 0 - Message: hello world
2025-03-17-T23:32:48: RTT-Channel 0 - Message: hello world
2025-03-17-T23:32:48: RTT-Channel 0 - Message: hello world
2025-03-17-T23:32:48: RTT-Channel 0 - Message: hello world
2025-03-17-T23:32:49: RTT-Channel 0 - Message: hello world
2025-03-17-T23:32:49: RTT-Channel 0 - Message: hello world
2025-03-17-T23:32:49: RTT-Channel 0 - Message: hello world
2025-03-17-T23:32:50: RTT-Channel 0 - Message: hello world
2025-03-17-T23:32:50: RTT-Channel 0 - Message: hello world
2025-03-17-T23:32:50: RTT-Channel 0 - Message: hello world
2025-03-17-T23:32:51: RTT-Channel 0 - Message: hello world
2025-03-17-T23:32:51: RTT-Channel 0 - Message: hello world
2025-03-17-T23:32:51: RTT-Channel 0 - Message: hello world
2025-03-17-T23:32:52: RTT-Channel 0 - Message: hello world
2025-03-17-T23:32:52: RTT-Channel 0 - Message: hello world
2025-03-17-T23:32:53: RTT-Channel 0 - Message: hello world
2025-03-17-T23:32:53: RTT-Channel 0 - Message: hello world
2025-03-17-T23:32:53: RTT-Channel 0 - Message: hello world
2025-03-17-T23:32:54: RTT-Channel 0 - Message: hello world
2025-03-17-T23:32:54: RTT-Channel 0 - Message: hello world
2025-03-17-T23:32:54: RTT-Channel 0 - Message: hello world
2025-03-17-T23:32:55: RTT-Channel 0 - Message: hello world
2025-03-17-T23:32:55: RTT-Channel 0 - Message: hello world
2025-03-17-T23:32:55: RTT-Channel 0 - Message: hello world
2025-03-17-T23:32:56: RTT-Channel 0 - Message: hello world
2025-03-17-T23:32:56: RTT-Channel 0 - Message: hello world
2025-03-17-T23:32:57: RTT-Channel 0 - Message: hello world
2025-03-17-T23:32:57: RTT-Channel 0 - Message: hello world
2025-03-17-T23:32:57: RTT-Channel 0 - Message: hello world
2025-03-17-T23:32:58: RTT-Channel 0 - Message: hello world
2025-03-17-T23:32:58: RTT-Channel 0 - Message: hello world
2025-03-17-T23:32:58: RTT-Channel 0 - Message: hello world
2025-03-17-T23:32:59: RTT-Channel 0 - Message: hello world
2025-03-17-T23:32:59: RTT-Channel 0 - Message: hello world
2025-03-17-T23:32:59: RTT-Channel 0 - Message: hello world
2025-03-17-T23:33:00: RTT-Channel 0 - Message: hello world
2025-03-17-T23:33:00: RTT-Channel 0 - Message: hello world
2025-03-17-T23:33:01: RTT-Channel 0 - Message: hello world
2025-03-17-T23:33:01: RTT-Channel 0 - Message: hello world
2025-03-17-T23:33:01: RTT-Channel 0 - Message: hello world
2025-03-17-T23:33:02: RTT-Channel 0 - Message: hello world
2025-03-17-T23:33:02: RTT-Channel 0 - Message: hello world
2025-03-17-T23:33:02: RTT-Channel 0 - Message: hello world
2025-03-17-T23:33:03: RTT-Channel 0 - Message: hello world
2025-03-17-T23:33:03: RTT-Channel 0 - Message: hello world
2025-03-17-T23:33:04: RTT-Channel 0 - Message: hello world
2025-03-17-T23:33:04: RTT-Channel 0 - Message: hello world
2025-03-17-T23:33:04: RTT-Channel 0 - Message: hello world
2025-03-17-T23:33:05: RTT-Channel 0 - Message: hello world
2025-03-17-T23:33:05: RTT-Channel 0 - Message: hello world
2025-03-17-T23:33:05: RTT-Channel 0 - Message: hello world
2025-03-17-T23:33:06: RTT-Channel 0 - Message: hello world
2025-03-17-T23:33:06: RTT-Channel 0 - Message: hello world
2025-03-17-T23:33:06: RTT-Channel 0 - Message: hello world
2025-03-17-T23:33:07: RTT-Channel 0 - Message: hello world
2025-03-17-T23:33:07: RTT-Channel 0 - Message: hello world
2025-03-17-T23:33:08: RTT-Channel 0 - Message: hello world
2025-03-17-T23:33:08: RTT-Channel 0 - Message: hello world
2025-03-17-T23:33:08: RTT-Channel 0 - Message: hello world
2025-03-17-T23:33:09: RTT-Channel 0 - Message: hello world
2025-03-17-T23:33:09: RTT-Channel 0 - Message: hello world
2025-03-17-T23:33:09: RTT-Channel 0 - Message: hello world
2025-03-17-T23:33:10: RTT-Channel 0 - Message: hello world
2025-03-17-T23:33:10: RTT-Channel 0 - Message: hello world
2025-03-17-T23:33:10: RTT-Channel 0 - Message: hello world
2025-03-17-T23:33:11: RTT-Channel 0 - Message: hello world
2025-03-17-T23:33:11: RTT-Channel 0 - Message: hello world
2025-03-17-T23:33:12: RTT-Channel 0 - Message: hello world
2025-03-17-T23:33:12: RTT-Channel 0 - Message: hello world
2025-03-17-T23:33:12: RTT-Channel 0 - Message: hello world
2025-03-17-T23:33:13: probe-rs message: Error communicating with the probe.
	An ARM specific error occurred.
		The debug probe encountered an error.
			An error which is specific to the debug probe in use occurred.
				Remote error with result 0000000000000104
2025-03-17-T23:33:13: RTT-Channel 0 - Message: hello world
2025-03-17-T23:33:13: RTT-Channel 0 - Message: hello world
2025-03-17-T23:33:13: RTT-Channel 0 - Message: hello world
2025-03-17-T23:33:14: RTT-Channel 0 - Message: hello world
2025-03-17-T23:33:14: RTT-Channel 0 - Message: hello world
2025-03-17-T23:33:14: RTT-Channel 0 - Message: hello world
2025-03-17-T23:33:15: RTT-Channel 0 - Message: hello world
2025-03-17-T23:33:15: RTT-Channel 0 - Message: hello world
2025-03-17-T23:33:16: RTT-Channel 0 - Message: hello world
2025-03-17-T23:33:16: RTT-Channel 0 - Message: hello world
2025-03-17-T23:33:16: RTT-Channel 0 - Message: hello world
2025-03-17-T23:33:17: RTT-Channel 0 - Message: hello world
2025-03-17-T23:33:17: RTT-Channel 0 - Message: hello world
2025-03-17-T23:33:17: RTT-Channel 0 - Message: hello world
2025-03-17-T23:33:18: RTT-Channel 0 - Message: hello world
2025-03-17-T23:33:18: RTT-Channel 0 - Message: hello world
2025-03-17-T23:33:18: RTT-Channel 0 - Message: hello world
2025-03-17-T23:33:19: RTT-Channel 0 - Message: hello world
2025-03-17-T23:33:19: RTT-Channel 0 - Message: hello world
2025-03-17-T23:33:20: RTT-Channel 0 - Message: hello world
2025-03-17-T23:33:20: RTT-Channel 0 - Message: hello world
2025-03-17-T23:33:20: RTT-Channel 0 - Message: hello world
2025-03-17-T23:33:21: RTT-Channel 0 - Message: hello world
2025-03-17-T23:33:21: RTT-Channel 0 - Message: hello world
2025-03-17-T23:33:21: RTT-Channel 0 - Message: hello world
2025-03-17-T23:33:22: RTT-Channel 0 - Message: hello world
2025-03-17-T23:33:22: RTT-Channel 0 - Message: hello world
2025-03-17-T23:33:22: RTT-Channel 0 - Message: hello world
2025-03-17-T23:33:23: RTT-Channel 0 - Message: hello world
2025-03-17-T23:33:23: RTT-Channel 0 - Message: hello world
2025-03-17-T23:33:24: RTT-Channel 0 - Message: hello world
2025-03-17-T23:33:24: RTT-Channel 0 - Message: hello world
2025-03-17-T23:33:24: RTT-Channel 0 - Message: hello world
2025-03-17-T23:33:25: RTT-Channel 0 - Message: hello world
2025-03-17-T23:33:25: RTT-Channel 0 - Message: hello world
2025-03-17-T23:33:25: RTT-Channel 0 - Message: hello world
2025-03-17-T23:33:26: RTT-Channel 0 - Message: hello world
2025-03-17-T23:33:26: RTT-Channel 0 - Message: hello world
2025-03-17-T23:33:27: RTT-Channel 0 - Message: hello world
2025-03-17-T23:33:27: RTT-Channel 0 - Message: hello world
2025-03-17-T23:33:27: RTT-Channel 0 - Message: hello world
2025-03-17-T23:33:28: RTT-Channel 0 - Message: hello world
2025-03-17-T23:33:28: RTT-Channel 0 - Message: hello world
2025-03-17-T23:33:28: RTT-Channel 0 - Message: hello world
2025-03-17-T23:33:29: RTT-Channel 0 - Message: hello world
2025-03-17-T23:33:29: RTT-Channel 0 - Message: hello world
2025-03-17-T23:33:29: RTT-Channel 0 - Message: hello world
2025-03-17-T23:33:30: RTT-Channel 0 - Message: hello world
2025-03-17-T23:33:30: RTT-Channel 0 - Message: hello world
2025-03-17-T23:33:30: RTT-Channel 0 - Message: hello world
2025-03-17-T23:33:31: RTT-Channel 0 - Message: hello world
2025-03-17-T23:33:31: RTT-Channel 0 - Message: hello world
2025-03-17-T23:33:32: RTT-Channel 0 - Message: hello world
2025-03-17-T23:33:32: RTT-Channel 0 - Message: hello world
2025-03-17-T23:33:32: RTT-Channel 0 - Message: hello world
2025-03-17-T23:33:33: RTT-Channel 0 - Message: hello world
2025-03-17-T23:33:33: RTT-Channel 0 - Message: hello world
2025-03-17-T23:33:33: RTT-Channel 0 - Message: hello world
2025-03-17-T23:33:34: RTT-Channel 0 - Message: hello world
2025-03-17-T23:33:34: RTT-Channel 0 - Message: hello world
2025-03-17-T23:33:34: RTT-Channel 0 - Message: hello world
2025-03-17-T23:33:35: RTT-Channel 0 - Message: hello world
2025-03-17-T23:33:35: RTT-Channel 0 - Message: hello world
2025-03-17-T23:33:36: RTT-Channel 0 - Message: hello world
2025-03-17-T23:33:36: RTT-Channel 0 - Message: hello world
2025-03-17-T23:33:36: RTT-Channel 0 - Message: hello world
2025-03-17-T23:33:37: RTT-Channel 0 - Message: hello world
2025-03-17-T23:33:37: RTT-Channel 0 - Message: hello world
2025-03-17-T23:33:37: RTT-Channel 0 - Message: hello world
2025-03-17-T23:33:38: RTT-Channel 0 - Message: hello world
2025-03-17-T23:33:38: RTT-Channel 0 - Message: hello world
2025-03-17-T23:33:39: RTT-Channel 0 - Message: hello world
2025-03-17-T23:33:39: RTT-Channel 0 - Message: hello world
2025-03-17-T23:33:39: RTT-Channel 0 - Message: hello world
2025-03-17-T23:33:40: RTT-Channel 0 - Message: hello world
2025-03-17-T23:33:40: RTT-Channel 0 - Message: hello world
2025-03-17-T23:33:40: RTT-Channel 0 - Message: hello world
2025-03-17-T23:33:41: RTT-Channel 0 - Message: hello world
2025-03-17-T23:33:41: RTT-Channel 0 - Message: hello world
2025-03-17-T23:33:41: RTT-Channel 0 - Message: hello world
2025-03-17-T23:33:42: RTT-Channel 0 - Message: hello world
2025-03-17-T23:33:42: RTT-Channel 0 - Message: hello world
2025-03-17-T23:33:43: RTT-Channel 0 - Message: hello world
2025-03-17-T23:33:43: RTT-Channel 0 - Message: hello world
2025-03-17-T23:33:43: RTT-Channel 0 - Message: hello world
2025-03-17-T23:33:44: RTT-Channel 0 - Message: hello world
2025-03-17-T23:33:44: RTT-Channel 0 - Message: hello world
2025-03-17-T23:33:44: RTT-Channel 0 - Message: hello world
2025-03-17-T23:33:45: RTT-Channel 0 - Message: hello world
2025-03-17-T23:33:45: RTT-Channel 0 - Message: hello world
2025-03-17-T23:33:45: RTT-Channel 0 - Message: hello world
2025-03-17-T23:33:46: RTT-Channel 0 - Message: hello world
2025-03-17-T23:33:46: RTT-Channel 0 - Message: hello world
2025-03-17-T23:33:47: RTT-Channel 0 - Message: hello world
2025-03-17-T23:33:47: RTT-Channel 0 - Message: hello world
2025-03-17-T23:33:47: RTT-Channel 0 - Message: hello world
2025-03-17-T23:33:48: RTT-Channel 0 - Message: hello world
2025-03-17-T23:33:48: RTT-Channel 0 - Message: hello world
2025-03-17-T23:33:48: RTT-Channel 0 - Message: 2025-03-17-T23:33:49: RTT-Channel 0 - Message: hello world
2025-03-17-T23:33:49: RTT-Channel 0 - Message: hello world
2025-03-17-T23:33:49: RTT-Channel 0 - Message: hello world
2025-03-17-T23:33:50: RTT-Channel 0 - Message: hello world
2025-03-17-T23:33:50: RTT-Channel 0 - Message: hello world
2025-03-17-T23:33:51: RTT-Channel 0 - Message: hello world
2025-03-17-T23:33:51: RTT-Channel 0 - Message: hello world
2025-03-17-T23:33:51: RTT-Channel 0 - Message: hello world
2025-03-17-T23:33:52: RTT-Channel 0 - Message: hello world
2025-03-17-T23:33:52: RTT-Channel 0 - Message: hello world
2025-03-17-T23:33:52: RTT-Channel 0 - Message: hello world
2025-03-17-T23:33:53: RTT-Channel 0 - Message: hello world
2025-03-17-T23:33:53: RTT-Channel 0 - Message: hello world
2025-03-17-T23:33:53: RTT-Channel 0 - Message: hello world
2025-03-17-T23:33:54: RTT-Channel 0 - Message: hello world
2025-03-17-T23:33:54: RTT-Channel 0 - Message: hello world
2025-03-17-T23:33:55: RTT-Channel 0 - Message: hello world
2025-03-17-T23:33:55: RTT-Channel 0 - Message: hello world
2025-03-17-T23:33:55: RTT-Channel 0 - Message: hello world
2025-03-17-T23:33:56: RTT-Channel 0 - Message: hello world
2025-03-17-T23:33:56: RTT-Channel 0 - Message: hello world
2025-03-17-T23:33:56: RTT-Channel 0 - Message: hello world
2025-03-17-T23:33:57: RTT-Channel 0 - Message: hello world
2025-03-17-T23:33:57: RTT-Channel 0 - Message: hello world
2025-03-17-T23:33:57: RTT-Channel 0 - Message: hello world
2025-03-17-T23:33:58: RTT-Channel 0 - Message: hello world
2025-03-17-T23:33:58: RTT-Channel 0 - Message: hello world
2025-03-17-T23:33:59: RTT-Channel 0 - Message: hello world
2025-03-17-T23:33:59: RTT-Channel 0 - Message: hello world
2025-03-17-T23:33:59: RTT-Channel 0 - Message: hello world
2025-03-17-T23:34:00: RTT-Channel 0 - Message: hello world
2025-03-17-T23:34:00: RTT-Channel 0 - Message: hello world
2025-03-17-T23:34:00: RTT-Channel 0 - Message: hello world
2025-03-17-T23:34:01: RTT-Channel 0 - Message: hello world
2025-03-17-T23:34:01: RTT-Channel 0 - Message: hello world
2025-03-17-T23:34:01: RTT-Channel 0 - Message: hello world
2025-03-17-T23:34:02: RTT-Channel 0 - Message: hello world
2025-03-17-T23:34:02: RTT-Channel 0 - Message: hello world
2025-03-17-T23:34:03: RTT-Channel 0 - Message: hello world
2025-03-17-T23:34:03: RTT-Channel 0 - Message: hello world
2025-03-17-T23:34:03: RTT-Channel 0 - Message: hello world
2025-03-17-T23:34:04: RTT-Channel 0 - Message: hello world
2025-03-17-T23:34:04: RTT-Channel 0 - Message: hello world
2025-03-17-T23:34:04: RTT-Channel 0 - Message: hello world
2025-03-17-T23:34:05: RTT-Channel 0 - Message: hello world
2025-03-17-T23:34:05: RTT-Channel 0 - Message: hello world
2025-03-17-T23:34:06: RTT-Channel 0 - Message: hello world
2025-03-17-T23:34:06: RTT-Channel 0 - Message: hello world
2025-03-17-T23:34:06: RTT-Channel 0 - Message: hello world
2025-03-17-T23:34:07: RTT-Channel 0 - Message: hello world
2025-03-17-T23:34:07: RTT-Channel 0 - Message: hello world
2025-03-17-T23:34:07: probe-rs message: Error communicating with the probe.
	An ARM specific error occurred.
		The debug probe encountered an error.
			An error which is specific to the debug probe in use occurred.
				Remote error with result 0000000000000703
2025-03-17-T23:34:07: RTT-Channel 0 - Message: hello world
2025-03-17-T23:34:08: RTT-Channel 0 - Message: hello world
2025-03-17-T23:34:08: RTT-Channel 0 - Message: hello world
2025-03-17-T23:34:08: RTT-Channel 0 - Message: hello world
2025-03-17-T23:34:09: RTT-Channel 0 - Message: hello world
2025-03-17-T23:34:09: RTT-Channel 0 - Message: hello world
2025-03-17-T23:34:09: RTT-Channel 0 - Message: hello world
2025-03-17-T23:34:10: RTT-Channel 0 - Message: hello world
2025-03-17-T23:34:10: RTT-Channel 0 - Message: hello world
2025-03-17-T23:34:11: RTT-Channel 0 - Message: hello world
2025-03-17-T23:34:11: RTT-Channel 0 - Message: hello world
2025-03-17-T23:34:11: RTT-Channel 0 - Message: hello world
2025-03-17-T23:34:12: RTT-Channel 0 - Message: hello world
2025-03-17-T23:34:12: RTT-Channel 0 - Message: hello world
2025-03-17-T23:34:12: RTT-Channel 0 - Message: hello world
2025-03-17-T23:34:13: RTT-Channel 0 - Message: hello world
2025-03-17-T23:34:13: RTT-Channel 0 - Message: hello world
2025-03-17-T23:34:14: RTT-Channel 0 - Message: hello world
2025-03-17-T23:34:14: RTT-Channel 0 - Message: hello world
2025-03-17-T23:34:14: RTT-Channel 0 - Message: hello world
2025-03-17-T23:34:15: RTT-Channel 0 - Message: hello world
2025-03-17-T23:34:15: RTT-Channel 0 - Message: hello world
2025-03-17-T23:34:15: RTT-Channel 0 - Message: hello world
2025-03-17-T23:34:16: RTT-Channel 0 - Message: hello world
2025-03-17-T23:34:16: RTT-Channel 0 - Message: hello world
2025-03-17-T23:34:16: RTT-Channel 0 - Message: hello world
2025-03-17-T23:34:17: RTT-Channel 0 - Message: hello world
2025-03-17-T23:34:17: RTT-Channel 0 - Message: hello world
2025-03-17-T23:34:18: RTT-Channel 0 - Message: hello world
2025-03-17-T23:34:18: RTT-Channel 0 - Message: hello world
2025-03-17-T23:34:18: RTT-Channel 0 - Message: hello world
2025-03-17-T23:34:19: RTT-Channel 0 - Message: hello world
2025-03-17-T23:34:19: RTT-Channel 0 - Message: hello world
2025-03-17-T23:34:19: RTT-Channel 0 - Message: hello world
2025-03-17-T23:34:20: RTT-Channel 0 - Message: hello world
2025-03-17-T23:34:20: RTT-Channel 0 - Message: hello world
2025-03-17-T23:34:20: RTT-Channel 0 - Message: hello world
2025-03-17-T23:34:21: RTT-Channel 0 - Message: hello world
2025-03-17-T23:34:21: RTT-Channel 0 - Message: hello world
2025-03-17-T23:34:22: RTT-Channel 0 - Message: hello world
2025-03-17-T23:34:22: RTT-Channel 0 - Message: hello world
2025-03-17-T23:34:22: RTT-Channel 0 - Message: hello world
2025-03-17-T23:34:23: RTT-Channel 0 - Message: hello world
2025-03-17-T23:34:23: RTT-Channel 0 - Message: hello world
2025-03-17-T23:34:23: RTT-Channel 0 - Message: hello world
2025-03-17-T23:34:24: RTT-Channel 0 - Message: hello world
2025-03-17-T23:34:24: RTT-Channel 0 - Message: hello world
2025-03-17-T23:34:24: RTT-Channel 0 - Message: hello world
2025-03-17-T23:34:25: RTT-Channel 0 - Message: hello world
2025-03-17-T23:34:25: RTT-Channel 0 - Message: hello world
2025-03-17-T23:34:26: RTT-Channel 0 - Message: hello world
2025-03-17-T23:34:26: RTT-Channel 0 - Message: hello world
2025-03-17-T23:34:26: RTT-Channel 0 - Message: hello world
2025-03-17-T23:34:27: RTT-Channel 0 - Message: hello world
2025-03-17-T23:34:27: RTT-Channel 0 - Message: hello world
2025-03-17-T23:34:27: RTT-Channel 0 - Message: hello world
2025-03-17-T23:34:28: RTT-Channel 0 - Message: hello world
2025-03-17-T23:34:28: RTT-Channel 0 - Message: hello world
2025-03-17-T23:34:28: RTT-Channel 0 - Message: hello world
2025-03-17-T23:34:29: RTT-Channel 0 - Message: hello world
2025-03-17-T23:34:29: RTT-Channel 0 - Message: hello world
2025-03-17-T23:34:30: RTT-Channel 0 - Message: hello world
2025-03-17-T23:34:30: RTT-Channel 0 - Message: hello world
2025-03-17-T23:34:30: RTT-Channel 0 - Message: hello world
2025-03-17-T23:34:31: RTT-Channel 0 - Message: hello world
2025-03-17-T23:34:31: RTT-Channel 0 - Message: hello world
2025-03-17-T23:34:31: RTT-Channel 0 - Message: hello world
2025-03-17-T23:34:32: RTT-Channel 0 - Message: hello world
2025-03-17-T23:34:32: RTT-Channel 0 - Message: hello world
2025-03-17-T23:34:32: RTT-Channel 0 - Message: hello world
2025-03-17-T23:34:33: RTT-Channel 0 - Message: hello world
2025-03-17-T23:34:33: RTT-Channel 0 - Message: hello world
2025-03-17-T23:34:34: RTT-Channel 0 - Message: hello world
2025-03-17-T23:34:34: RTT-Channel 0 - Message: hello world
2025-03-17-T23:34:34: RTT-Channel 0 - Message: hello world
2025-03-17-T23:34:35: RTT-Channel 0 - Message: hello world
2025-03-17-T23:34:35: RTT-Channel 0 - Message: hello world
2025-03-17-T23:34:35: RTT-Channel 0 - Message: hello world
2025-03-17-T23:34:36: RTT-Channel 0 - Message: hello world
2025-03-17-T23:34:36: RTT-Channel 0 - Message: hello world
2025-03-17-T23:34:36: probe-rs message: Error communicating with the probe.
	An ARM specific error occurred.
		The debug probe encountered an error.
			An error which is specific to the debug probe in use occurred.
				Remote error with result 0000000000000104
2025-03-17-T23:34:36: RTT-Channel 0 - Message: hello world
2025-03-17-T23:34:37: RTT-Channel 0 - Message: hello world
2025-03-17-T23:34:37: RTT-Channel 0 - Message: hello world
2025-03-17-T23:34:38: RTT-Channel 0 - Message: hello world
2025-03-17-T23:34:38: RTT-Channel 0 - Message: hello world
2025-03-17-T23:34:38: RTT-Channel 0 - Message: hello world
2025-03-17-T23:34:39: RTT-Channel 0 - Message: hello world
2025-03-17-T23:34:39: RTT-Channel 0 - Message: hello world
2025-03-17-T23:34:39: RTT-Channel 0 - Message: hello world
2025-03-17-T23:34:40: RTT-Channel 0 - Message: hello world
2025-03-17-T23:34:40: RTT-Channel 0 - Message: hello world
2025-03-17-T23:34:41: RTT-Channel 0 - Message: hello world
2025-03-17-T23:34:41: RTT-Channel 0 - Message: hello world
2025-03-17-T23:34:41: RTT-Channel 0 - Message: hello world
2025-03-17-T23:34:42: RTT-Channel 0 - Message: hello world
2025-03-17-T23:34:42: RTT-Channel 0 - Message: hello world
2025-03-17-T23:34:42: RTT-Channel 0 - Message: hello world
2025-03-17-T23:34:43: RTT-Channel 0 - Message: hello world
2025-03-17-T23:34:43: RTT-Channel 0 - Message: hello world
2025-03-17-T23:34:43: RTT-Channel 0 - Message: hello world
2025-03-17-T23:34:44: RTT-Channel 0 - Message: hello world
2025-03-17-T23:34:44: RTT-Channel 0 - Message: hello world
2025-03-17-T23:34:44: RTT-Channel 0 - Message: hello world
2025-03-17-T23:34:45: RTT-Channel 0 - Message: hello world
2025-03-17-T23:34:45: RTT-Channel 0 - Message: hello world
2025-03-17-T23:34:46: RTT-Channel 0 - Message: hello world
2025-03-17-T23:34:46: RTT-Channel 0 - Message: hello world
2025-03-17-T23:34:46: RTT-Channel 0 - Message: hello world
2025-03-17-T23:34:47: RTT-Channel 0 - Message: hello world
2025-03-17-T23:34:47: RTT-Channel 0 - Message: hello world
2025-03-17-T23:34:47: RTT-Channel 0 - Message: hello world
2025-03-17-T23:34:48: RTT-Channel 0 - Message: hello world
2025-03-17-T23:34:48: RTT-Channel 0 - Message: hello world
2025-03-17-T23:34:49: RTT-Channel 0 - Message: hello world
2025-03-17-T23:34:49: RTT-Channel 0 - Message: hello world
2025-03-17-T23:34:49: RTT-Channel 0 - Message: hello world
2025-03-17-T23:34:50: RTT-Channel 0 - Message: hello world
2025-03-17-T23:34:50: RTT-Channel 0 - Message: hello world
2025-03-17-T23:34:50: RTT-Channel 0 - Message: hello world
2025-03-17-T23:34:51: RTT-Channel 0 - Message: hello world
2025-03-17-T23:34:51: RTT-Channel 0 - Message: 2025-03-17-T23:34:51: RTT-Channel 0 - Message: 2025-03-17-T23:34:51: RTT-Channel 0 - Message: hello world
2025-03-17-T23:34:52: RTT-Channel 0 - Message: hello world
2025-03-17-T23:34:52: RTT-Channel 0 - Message: hello world
2025-03-17-T23:34:53: RTT-Channel 0 - Message: hello world
2025-03-17-T23:34:53: RTT-Channel 0 - Message: hello world
2025-03-17-T23:34:53: RTT-Channel 0 - Message: hello world
2025-03-17-T23:34:54: RTT-Channel 0 - Message: hello world
2025-03-17-T23:34:54: RTT-Channel 0 - Message: hello world
2025-03-17-T23:34:54: RTT-Channel 0 - Message: hello world
2025-03-17-T23:34:55: RTT-Channel 0 - Message: hello world
2025-03-17-T23:34:55: RTT-Channel 0 - Message: hello world
2025-03-17-T23:34:55: RTT-Channel 0 - Message: hello world
2025-03-17-T23:34:56: RTT-Channel 0 - Message: hello world
2025-03-17-T23:34:56: RTT-Channel 0 - Message: hello world
2025-03-17-T23:34:57: RTT-Channel 0 - Message: hello world
2025-03-17-T23:34:57: RTT-Channel 0 - Message: hello world
2025-03-17-T23:34:57: RTT-Channel 0 - Message: hello world
2025-03-17-T23:34:58: RTT-Channel 0 - Message: hello world
2025-03-17-T23:34:58: RTT-Channel 0 - Message: hello world
2025-03-17-T23:34:58: RTT-Channel 0 - Message: hello world
2025-03-17-T23:34:59: RTT-Channel 0 - Message: hello world
2025-03-17-T23:34:59: RTT-Channel 0 - Message: hello world
2025-03-17-T23:34:59: RTT-Channel 0 - Message: hello world
2025-03-17-T23:35:00: RTT-Channel 0 - Message: hello world
2025-03-17-T23:35:00: RTT-Channel 0 - Message: hello world
2025-03-17-T23:35:01: RTT-Channel 0 - Message: hello world
2025-03-17-T23:35:01: RTT-Channel 0 - Message: hello world
2025-03-17-T23:35:01: RTT-Channel 0 - Message: hello world
2025-03-17-T23:35:02: RTT-Channel 0 - Message: hello world
2025-03-17-T23:35:02: RTT-Channel 0 - Message: hello world
2025-03-17-T23:35:02: RTT-Channel 0 - Message: hello world
2025-03-17-T23:35:03: RTT-Channel 0 - Message: hello world
2025-03-17-T23:35:03: RTT-Channel 0 - Message: hello world
2025-03-17-T23:35:03: RTT-Channel 0 - Message: hello world
2025-03-17-T23:35:04: RTT-Channel 0 - Message: hello world
2025-03-17-T23:35:04: RTT-Channel 0 - Message: hello world
2025-03-17-T23:35:05: RTT-Channel 0 - Message: hello world
2025-03-17-T23:35:05: RTT-Channel 0 - Message: hello world
2025-03-17-T23:35:05: RTT-Channel 0 - Message: hello world
2025-03-17-T23:35:06: RTT-Channel 0 - Message: hello world
2025-03-17-T23:35:06: RTT-Channel 0 - Message: hello world
2025-03-17-T23:35:06: RTT-Channel 0 - Message: hello world
2025-03-17-T23:35:07: RTT-Channel 0 - Message: hello world
2025-03-17-T23:35:07: RTT-Channel 0 - Message: hello world
2025-03-17-T23:35:07: RTT-Channel 0 - Message: hello world
2025-03-17-T23:35:08: RTT-Channel 0 - Message: hello world
2025-03-17-T23:35:08: RTT-Channel 0 - Message: hello world
2025-03-17-T23:35:09: RTT-Channel 0 - Message: hello world
2025-03-17-T23:35:09: RTT-Channel 0 - Message: hello world
2025-03-17-T23:35:09: RTT-Channel 0 - Message: hello world
2025-03-17-T23:35:10: RTT-Channel 0 - Message: hello world
2025-03-17-T23:35:10: RTT-Channel 0 - Message: hello world
2025-03-17-T23:36:45: probe-rs message: Error communicating with the probe.
	An ARM specific error occurred.
		The debug probe encountered an error.
			An error which is specific to the debug probe in use occurred.
				Remote error with result 0000000000000104
2025-03-20-T17:24:53: Opening RTT channel 0 with name "defmt"!
2025-03-20-T17:24:53: RTT-Channel 0 - Message: hello world
hello world
hello world
hello world
hello world
hello world
hello world
hello world
hello world
hello world
hello world
hello world
hello world
hello world
hello world
hello world
hello world
hello world
hello world
hello world
hello world
hello world
hello world
hello world
hello world
hello world
hello world
hello world
hello world
hello world
hello world
hello world
hello world
hello world
hello world
hello world
hello world
hello world
hello world
hello world
hello world
hello world
hello world
hello world
hello world
hello world
hello world
hello world
hello world
hello world
hello world
hello world
hello world
hello world
hello world
hello world
hello world
hello world
hello world
hello world
hello world
hello world
hello world
hello world
hello world
hello world
hello world
hello world
hello world
hello world
hello world
hello world
hello world
hello world
hello world
hello world
hello world
hello world
hello world
hello world
hello world
hello world
hello world
hello world
hello world
hello world
hello world
hello world
hello world
hello world
hello world
hello world
hello world
hello world
hello world
hello world
hello world
hello world
hello world
hello world
hello world
hello world
hello world
hello world
hello world
hello world
hello world
hello world
hello world
hello world
hello world
hello world
hello world
hello world
hello world
hello world
hello world
hello world
hello world
hello world
hello world
hello world
hello world
2025-03-20-T17:24:53: RTT-Channel 0 - Message: hello world
2025-03-20-T17:24:53: RTT-Channel 0 - Message: hello world
2025-03-20-T17:24:54: RTT-Channel 0 - Message: hello world
2025-03-20-T17:24:54: RTT-Channel 0 - Message: hello world
2025-03-20-T17:24:54: RTT-Channel 0 - Message: hello world
2025-03-20-T17:24:54: RTT-Channel 0 - Message: hello world
2025-03-20-T17:24:55: RTT-Channel 0 - Message: hello world
2025-03-20-T17:24:55: RTT-Channel 0 - Message: hello world
2025-03-20-T17:24:55: RTT-Channel 0 - Message: hello world
2025-03-20-T17:24:56: RTT-Channel 0 - Message: hello world
2025-03-20-T17:24:56: RTT-Channel 0 - Message: hello world
2025-03-20-T17:24:56: RTT-Channel 0 - Message: hello world
2025-03-20-T17:24:57: RTT-Channel 0 - Message: hello world
2025-03-20-T17:24:57: RTT-Channel 0 - Message: hello world
2025-03-20-T17:24:57: RTT-Channel 0 - Message: hello world
2025-03-20-T17:24:57: RTT-Channel 0 - Message: hello world
2025-03-20-T17:24:58: RTT-Channel 0 - Message: hello world
2025-03-20-T17:24:58: RTT-Channel 0 - Message: hello world
2025-03-20-T17:24:58: RTT-Channel 0 - Message: hello world
2025-03-20-T17:24:59: RTT-Channel 0 - Message: hello world
2025-03-20-T17:24:59: RTT-Channel 0 - Message: hello world
2025-03-20-T17:24:59: RTT-Channel 0 - Message: hello world
2025-03-20-T17:25:00: RTT-Channel 0 - Message: hello world
2025-03-20-T17:25:00: RTT-Channel 0 - Message: hello world
2025-03-20-T17:25:00: RTT-Channel 0 - Message: hello world
2025-03-20-T17:25:00: RTT-Channel 0 - Message: hello world
2025-03-20-T17:25:01: RTT-Channel 0 - Message: hello world
2025-03-20-T17:25:01: RTT-Channel 0 - Message: hello world
2025-03-20-T17:25:01: RTT-Channel 0 - Message: hello world
2025-03-20-T17:25:02: RTT-Channel 0 - Message: hello world
2025-03-20-T17:25:02: RTT-Channel 0 - Message: hello world
2025-03-20-T17:25:02: RTT-Channel 0 - Message: hello world
2025-03-20-T17:25:02: RTT-Channel 0 - Message: hello world
2025-03-20-T17:25:03: RTT-Channel 0 - Message: hello world
2025-03-20-T17:25:03: RTT-Channel 0 - Message: hello world
2025-03-20-T17:25:03: RTT-Channel 0 - Message: hello world
2025-03-20-T17:25:04: RTT-Channel 0 - Message: hello world
2025-03-20-T17:25:04: RTT-Channel 0 - Message: hello world
2025-03-20-T17:25:04: RTT-Channel 0 - Message: hello world
2025-03-20-T17:25:05: RTT-Channel 0 - Message: hello world
2025-03-20-T17:25:05: RTT-Channel 0 - Message: hello world
2025-03-20-T17:25:05: RTT-Channel 0 - Message: hello world
2025-03-20-T17:25:05: RTT-Channel 0 - Message: hello world
2025-03-20-T17:25:06: RTT-Channel 0 - Message: hello world
2025-03-20-T17:25:06: RTT-Channel 0 - Message: hello world
2025-03-20-T17:25:06: RTT-Channel 0 - Message: hello world
2025-03-20-T17:25:07: RTT-Channel 0 - Message: hello world
2025-03-20-T17:25:07: RTT-Channel 0 - Message: hello world
2025-03-20-T17:25:07: RTT-Channel 0 - Message: hello world
2025-03-20-T17:25:08: RTT-Channel 0 - Message: hello world
2025-03-20-T17:25:08: RTT-Channel 0 - Message: hello world
2025-03-20-T17:25:08: RTT-Channel 0 - Message: hello world
2025-03-20-T17:25:08: RTT-Channel 0 - Message: hello world
2025-03-20-T17:25:09: RTT-Channel 0 - Message: hello world
2025-03-20-T17:25:09: RTT-Channel 0 - Message: hello world
2025-03-20-T17:25:09: RTT-Channel 0 - Message: hello world
2025-03-20-T17:25:10: RTT-Channel 0 - Message: hello world
2025-03-20-T17:25:10: RTT-Channel 0 - Message: hello world
2025-03-20-T17:25:10: RTT-Channel 0 - Message: hello world
2025-03-20-T17:25:11: RTT-Channel 0 - Message: hello world
2025-03-20-T17:25:11: RTT-Channel 0 - Message: hello world
2025-03-20-T17:25:11: RTT-Channel 0 - Message: hello world
2025-03-20-T17:25:11: RTT-Channel 0 - Message: hello world
2025-03-20-T17:25:12: RTT-Channel 0 - Message: hello world
2025-03-20-T17:25:12: RTT-Channel 0 - Message: hello world
2025-03-20-T17:25:12: RTT-Channel 0 - Message: hello world
2025-03-20-T17:25:13: RTT-Channel 0 - Message: hello world
2025-03-20-T17:25:13: RTT-Channel 0 - Message: hello world
2025-03-20-T17:25:13: RTT-Channel 0 - Message: hello world
2025-03-20-T17:25:14: RTT-Channel 0 - Message: hello world
2025-03-20-T17:25:14: RTT-Channel 0 - Message: hello world
2025-03-20-T17:25:14: RTT-Channel 0 - Message: hello world
2025-03-20-T17:25:14: RTT-Channel 0 - Message: hello world
2025-03-20-T17:25:15: RTT-Channel 0 - Message: hello world
2025-03-20-T17:25:15: RTT-Channel 0 - Message: hello world
2025-03-20-T17:25:15: RTT-Channel 0 - Message: hello world
2025-03-20-T17:25:16: RTT-Channel 0 - Message: hello world
2025-03-20-T17:25:16: RTT-Channel 0 - Message: hello world
2025-03-20-T17:25:16: RTT-Channel 0 - Message: hello world
2025-03-20-T17:25:17: RTT-Channel 0 - Message: hello world
2025-03-20-T17:25:17: RTT-Channel 0 - Message: hello world
2025-03-20-T17:25:17: RTT-Channel 0 - Message: hello world
2025-03-20-T17:25:17: RTT-Channel 0 - Message: hello world
2025-03-20-T17:25:18: RTT-Channel 0 - Message: hello world
2025-03-20-T17:25:18: RTT-Channel 0 - Message: hello world
2025-03-20-T17:25:18: RTT-Channel 0 - Message: hello world
2025-03-20-T17:25:19: RTT-Channel 0 - Message: hello world
2025-03-20-T17:25:19: RTT-Channel 0 - Message: hello world
2025-03-20-T17:25:19: RTT-Channel 0 - Message: hello world
2025-03-20-T17:25:20: RTT-Channel 0 - Message: hello world
2025-03-20-T17:25:20: RTT-Channel 0 - Message: hello world
2025-03-20-T17:25:20: RTT-Channel 0 - Message: hello world
2025-03-20-T17:25:20: RTT-Channel 0 - Message: hello world
2025-03-20-T17:25:21: RTT-Channel 0 - Message: hello world
2025-03-20-T17:25:21: RTT-Channel 0 - Message: hello world
2025-03-20-T17:25:21: RTT-Channel 0 - Message: hello world
2025-03-20-T17:25:22: RTT-Channel 0 - Message: hello world
2025-03-20-T17:25:22: RTT-Channel 0 - Message: hello world
2025-03-20-T17:25:22: RTT-Channel 0 - Message: hello world
2025-03-20-T17:25:23: RTT-Channel 0 - Message: hello world
2025-03-20-T17:25:23: RTT-Channel 0 - Message: hello world
2025-03-20-T17:25:23: RTT-Channel 0 - Message: hello world
2025-03-20-T17:25:23: RTT-Channel 0 - Message: hello world
2025-03-20-T17:25:24: RTT-Channel 0 - Message: hello world
2025-03-20-T17:25:24: RTT-Channel 0 - Message: hello world
2025-03-20-T17:25:24: RTT-Channel 0 - Message: hello world
2025-03-20-T17:25:25: RTT-Channel 0 - Message: hello world
2025-03-20-T17:25:25: RTT-Channel 0 - Message: hello world
2025-03-20-T17:25:25: RTT-Channel 0 - Message: hello world
2025-03-20-T17:25:26: RTT-Channel 0 - Message: hello world
2025-03-20-T17:25:26: RTT-Channel 0 - Message: hello world
2025-03-20-T17:25:26: RTT-Channel 0 - Message: hello world
2025-03-20-T17:25:26: RTT-Channel 0 - Message: hello world
2025-03-20-T17:25:27: RTT-Channel 0 - Message: hello world
2025-03-20-T17:25:27: RTT-Channel 0 - Message: hello world
2025-03-20-T17:25:27: RTT-Channel 0 - Message: hello world
2025-03-20-T17:25:28: RTT-Channel 0 - Message: hello world
2025-03-20-T17:25:28: RTT-Channel 0 - Message: hello world
2025-03-20-T17:25:28: RTT-Channel 0 - Message: hello world
2025-03-20-T17:25:28: RTT-Channel 0 - Message: hello world
2025-03-20-T17:25:29: RTT-Channel 0 - Message: hello world
2025-03-20-T17:25:29: RTT-Channel 0 - Message: hello world
2025-03-20-T17:25:29: RTT-Channel 0 - Message: hello world
2025-03-20-T17:25:30: RTT-Channel 0 - Message: hello world
2025-03-20-T17:25:30: RTT-Channel 0 - Message: hello world
2025-03-20-T17:25:30: RTT-Channel 0 - Message: hello world
2025-03-20-T17:25:31: RTT-Channel 0 - Message: hello world
2025-03-20-T17:25:31: RTT-Channel 0 - Message: hello world
2025-03-20-T17:25:31: RTT-Channel 0 - Message: hello world
2025-03-20-T17:25:31: RTT-Channel 0 - Message: hello world
2025-03-20-T17:25:32: RTT-Channel 0 - Message: hello world
2025-03-20-T17:25:32: RTT-Channel 0 - Message: hello world
2025-03-20-T17:25:32: RTT-Channel 0 - Message: hello world
2025-03-20-T17:25:33: RTT-Channel 0 - Message: hello world
2025-03-20-T17:25:33: RTT-Channel 0 - Message: hello world
2025-03-20-T17:25:33: RTT-Channel 0 - Message: hello world
2025-03-20-T17:25:34: RTT-Channel 0 - Message: hello world
2025-03-20-T17:25:34: RTT-Channel 0 - Message: hello world
2025-03-20-T17:25:34: RTT-Channel 0 - Message: hello world
2025-03-20-T17:25:34: RTT-Channel 0 - Message: hello world
2025-03-20-T17:25:35: RTT-Channel 0 - Message: hello world
2025-03-20-T17:25:35: RTT-Channel 0 - Message: hello world
2025-03-20-T17:25:35: RTT-Channel 0 - Message: hello world
2025-03-20-T17:25:36: RTT-Channel 0 - Message: hello world
2025-03-20-T17:25:36: RTT-Channel 0 - Message: hello world
2025-03-20-T17:25:36: RTT-Channel 0 - Message: hello world
2025-03-20-T17:25:37: RTT-Channel 0 - Message: hello world
2025-03-20-T17:25:37: RTT-Channel 0 - Message: hello world
2025-03-20-T17:25:37: RTT-Channel 0 - Message: hello world
2025-03-20-T17:25:37: RTT-Channel 0 - Message: hello world
2025-03-20-T17:25:38: RTT-Channel 0 - Message: hello world
2025-03-20-T17:25:38: RTT-Channel 0 - Message: hello world
2025-03-20-T17:25:38: RTT-Channel 0 - Message: hello world
2025-03-20-T17:25:39: RTT-Channel 0 - Message: hello world
2025-03-20-T17:25:39: RTT-Channel 0 - Message: hello world
2025-03-20-T17:25:39: RTT-Channel 0 - Message: hello world
2025-03-20-T17:25:40: RTT-Channel 0 - Message: hello world
2025-03-20-T17:25:40: RTT-Channel 0 - Message: hello world
2025-03-20-T17:25:40: RTT-Channel 0 - Message: hello world
2025-03-20-T17:25:40: RTT-Channel 0 - Message: hello world
2025-03-20-T17:25:41: RTT-Channel 0 - Message: hello world
2025-03-20-T17:25:41: RTT-Channel 0 - Message: hello world
2025-03-20-T17:25:41: RTT-Channel 0 - Message: hello world
2025-03-20-T17:25:42: RTT-Channel 0 - Message: hello world
2025-03-20-T17:25:42: RTT-Channel 0 - Message: hello world
2025-03-20-T17:25:42: RTT-Channel 0 - Message: hello world
2025-03-20-T17:25:43: RTT-Channel 0 - Message: hello world
2025-03-20-T17:25:43: RTT-Channel 0 - Message: hello world
2025-03-20-T17:25:43: RTT-Channel 0 - Message: hello world
2025-03-20-T17:25:43: RTT-Channel 0 - Message: hello world
2025-03-20-T17:25:44: RTT-Channel 0 - Message: hello world
2025-03-20-T17:25:44: RTT-Channel 0 - Message: hello world
2025-03-20-T17:25:44: RTT-Channel 0 - Message: hello world
2025-03-20-T17:25:45: RTT-Channel 0 - Message: hello world
2025-03-20-T17:25:45: RTT-Channel 0 - Message: hello world
2025-03-20-T17:25:45: RTT-Channel 0 - Message: hello world
2025-03-20-T17:25:46: RTT-Channel 0 - Message: hello world
2025-03-20-T17:25:46: RTT-Channel 0 - Message: hello world
2025-03-20-T17:25:46: RTT-Channel 0 - Message: hello world
2025-03-20-T17:25:46: RTT-Channel 0 - Message: hello world
2025-03-20-T17:25:47: RTT-Channel 0 - Message: hello world
2025-03-20-T17:25:47: RTT-Channel 0 - Message: hello world
2025-03-20-T17:25:47: RTT-Channel 0 - Message: hello world
2025-03-20-T17:25:48: RTT-Channel 0 - Message: hello world
2025-03-20-T17:25:48: RTT-Channel 0 - Message: hello world
2025-03-20-T17:25:48: RTT-Channel 0 - Message: hello world
2025-03-20-T17:25:48: RTT-Channel 0 - Message: hello world
2025-03-20-T17:25:49: RTT-Channel 0 - Message: hello world
2025-03-20-T17:25:49: RTT-Channel 0 - Message: hello world
2025-03-20-T17:25:49: RTT-Channel 0 - Message: hello world
2025-03-20-T17:25:50: RTT-Channel 0 - Message: hello world
2025-03-20-T17:25:50: RTT-Channel 0 - Message: hello world
2025-03-20-T17:25:50: RTT-Channel 0 - Message: hello world
2025-03-20-T17:25:51: RTT-Channel 0 - Message: hello world
2025-03-20-T17:25:51: RTT-Channel 0 - Message: hello world
2025-03-20-T17:25:51: RTT-Channel 0 - Message: hello world
2025-03-20-T17:25:51: RTT-Channel 0 - Message: hello world
2025-03-20-T17:25:52: RTT-Channel 0 - Message: hello world
2025-03-20-T17:25:52: RTT-Channel 0 - Message: hello world
2025-03-20-T17:25:52: RTT-Channel 0 - Message: hello world
2025-03-20-T17:25:53: RTT-Channel 0 - Message: hello world
2025-03-20-T17:25:53: RTT-Channel 0 - Message: hello world
2025-03-20-T17:25:53: RTT-Channel 0 - Message: hello world
2025-03-20-T17:25:54: RTT-Channel 0 - Message: hello world
2025-03-20-T17:25:54: RTT-Channel 0 - Message: hello world
2025-03-20-T17:25:54: RTT-Channel 0 - Message: hello world
2025-03-20-T17:25:54: RTT-Channel 0 - Message: hello world
2025-03-20-T17:25:55: RTT-Channel 0 - Message: hello world
2025-03-20-T17:25:55: RTT-Channel 0 - Message: hello world
2025-03-20-T17:25:55: RTT-Channel 0 - Message: hello world
2025-03-20-T17:25:56: RTT-Channel 0 - Message: hello world
2025-03-20-T17:25:56: RTT-Channel 0 - Message: hello world
2025-03-20-T17:25:56: RTT-Channel 0 - Message: hello world
2025-03-20-T17:25:57: RTT-Channel 0 - Message: hello world
2025-03-20-T17:25:57: RTT-Channel 0 - Message: hello world
2025-03-20-T17:25:57: RTT-Channel 0 - Message: hello world
2025-03-20-T17:25:57: RTT-Channel 0 - Message: hello world
2025-03-20-T17:25:58: RTT-Channel 0 - Message: hello world
2025-03-20-T17:25:58: RTT-Channel 0 - Message: hello world
2025-03-20-T17:25:58: RTT-Channel 0 - Message: hello world
2025-03-20-T17:25:59: RTT-Channel 0 - Message: hello world
2025-03-20-T17:25:59: RTT-Channel 0 - Message: hello world
2025-03-20-T17:25:59: RTT-Channel 0 - Message: hello world
2025-03-20-T17:26:00: RTT-Channel 0 - Message: hello world
2025-03-20-T17:26:00: RTT-Channel 0 - Message: hello world
2025-03-20-T17:26:00: RTT-Channel 0 - Message: hello world
2025-03-20-T17:26:00: RTT-Channel 0 - Message: hello world
2025-03-20-T17:26:01: RTT-Channel 0 - Message: hello world
2025-03-20-T17:26:01: RTT-Channel 0 - Message: hello world
2025-03-20-T17:26:01: RTT-Channel 0 - Message: hello world
2025-03-20-T17:26:02: RTT-Channel 0 - Message: hello world
2025-03-20-T17:26:02: RTT-Channel 0 - Message: hello world
2025-03-20-T17:26:02: RTT-Channel 0 - Message: hello world
2025-03-20-T17:26:02: RTT-Channel 0 - Message: hello world
2025-03-20-T17:26:03: RTT-Channel 0 - Message: hello world
2025-03-20-T17:26:03: RTT-Channel 0 - Message: hello world
2025-03-20-T17:26:03: RTT-Channel 0 - Message: hello world
2025-03-20-T17:26:04: RTT-Channel 0 - Message: hello world
2025-03-20-T17:26:04: RTT-Channel 0 - Message: hello world
2025-03-20-T17:26:04: RTT-Channel 0 - Message: hello world
2025-03-20-T17:26:05: RTT-Channel 0 - Message: hello world
2025-03-20-T17:26:05: RTT-Channel 0 - Message: hello world
2025-03-20-T17:26:05: RTT-Channel 0 - Message: hello world
2025-03-20-T17:26:05: RTT-Channel 0 - Message: hello world
2025-03-20-T17:26:06: RTT-Channel 0 - Message: hello world
2025-03-20-T17:26:06: RTT-Channel 0 - Message: hello world
2025-03-20-T17:26:06: RTT-Channel 0 - Message: hello world
2025-03-20-T17:26:07: RTT-Channel 0 - Message: hello world
2025-03-20-T17:26:07: RTT-Channel 0 - Message: hello world
2025-03-20-T17:26:07: RTT-Channel 0 - Message: hello world
2025-03-20-T17:26:08: RTT-Channel 0 - Message: hello world
2025-03-20-T17:26:08: RTT-Channel 0 - Message: hello world
2025-03-20-T17:26:08: RTT-Channel 0 - Message: hello world
2025-03-20-T17:26:08: RTT-Channel 0 - Message: hello world
2025-03-20-T17:26:09: RTT-Channel 0 - Message: hello world
2025-03-20-T17:26:09: RTT-Channel 0 - Message: hello world
2025-03-20-T17:26:09: RTT-Channel 0 - Message: hello world
2025-03-20-T17:26:10: RTT-Channel 0 - Message: hello world
2025-03-20-T17:26:10: RTT-Channel 0 - Message: hello world
2025-03-20-T17:26:10: RTT-Channel 0 - Message: hello world
2025-03-20-T17:26:11: RTT-Channel 0 - Message: hello world
2025-03-20-T17:26:11: RTT-Channel 0 - Message: hello world
2025-03-20-T17:26:11: RTT-Channel 0 - Message: hello world
2025-03-20-T17:26:11: RTT-Channel 0 - Message: hello world
2025-03-20-T17:26:12: RTT-Channel 0 - Message: hello world
2025-03-20-T17:26:12: RTT-Channel 0 - Message: hello world
2025-03-20-T17:26:12: RTT-Channel 0 - Message: hello world
2025-03-20-T17:26:13: RTT-Channel 0 - Message: hello world
2025-03-20-T17:26:13: RTT-Channel 0 - Message: hello world
2025-03-20-T17:26:13: RTT-Channel 0 - Message: hello world
2025-03-20-T17:26:14: RTT-Channel 0 - Message: hello world
2025-03-20-T17:26:14: RTT-Channel 0 - Message: hello world
2025-03-20-T17:26:14: RTT-Channel 0 - Message: hello world
2025-03-20-T17:26:14: RTT-Channel 0 - Message: hello world
2025-03-20-T17:26:15: RTT-Channel 0 - Message: hello world
2025-03-20-T17:26:15: RTT-Channel 0 - Message: hello world
2025-03-20-T17:26:15: RTT-Channel 0 - Message: hello world
2025-03-20-T17:26:16: RTT-Channel 0 - Message: hello world
2025-03-20-T17:26:16: RTT-Channel 0 - Message: hello world
2025-03-20-T17:26:16: RTT-Channel 0 - Message: hello world
2025-03-20-T17:26:17: RTT-Channel 0 - Message: hello world
2025-03-20-T17:26:17: RTT-Channel 0 - Message: hello world
2025-03-20-T17:26:17: RTT-Channel 0 - Message: hello world
2025-03-20-T17:26:17: RTT-Channel 0 - Message: hello world
2025-03-20-T17:26:18: RTT-Channel 0 - Message: hello world
2025-03-20-T17:26:18: RTT-Channel 0 - Message: hello world
2025-03-20-T17:26:18: RTT-Channel 0 - Message: hello world
2025-03-20-T17:26:19: RTT-Channel 0 - Message: hello world
2025-03-20-T17:26:19: RTT-Channel 0 - Message: hello world
2025-03-20-T17:26:19: RTT-Channel 0 - Message: hello world
2025-03-20-T17:26:20: RTT-Channel 0 - Message: hello world
2025-03-20-T17:26:20: RTT-Channel 0 - Message: hello world
2025-03-20-T17:26:20: RTT-Channel 0 - Message: hello world
2025-03-20-T17:26:20: RTT-Channel 0 - Message: hello world
2025-03-20-T17:26:21: RTT-Channel 0 - Message: hello world
2025-03-20-T17:26:21: RTT-Channel 0 - Message: hello world
2025-03-20-T17:26:21: RTT-Channel 0 - Message: hello world
2025-03-20-T17:26:22: RTT-Channel 0 - Message: hello world
2025-03-20-T17:26:22: RTT-Channel 0 - Message: hello world
2025-03-20-T17:26:22: RTT-Channel 0 - Message: hello world
2025-03-20-T17:26:23: RTT-Channel 0 - Message: hello world
2025-03-20-T17:26:23: RTT-Channel 0 - Message: hello world
2025-03-20-T17:26:23: RTT-Channel 0 - Message: hello world
2025-03-20-T17:26:23: RTT-Channel 0 - Message: hello world
2025-03-20-T17:26:24: RTT-Channel 0 - Message: hello world
2025-03-20-T17:26:24: RTT-Channel 0 - Message: hello world
2025-03-20-T17:26:24: RTT-Channel 0 - Message: hello world
2025-03-20-T17:26:25: RTT-Channel 0 - Message: hello world
2025-03-20-T17:26:25: RTT-Channel 0 - Message: hello world
2025-03-20-T17:26:25: RTT-Channel 0 - Message: hello world
2025-03-20-T17:26:25: RTT-Channel 0 - Message: hello world
2025-03-20-T17:26:26: RTT-Channel 0 - Message: hello world
2025-03-20-T17:26:26: RTT-Channel 0 - Message: hello world
2025-03-20-T17:26:26: RTT-Channel 0 - Message: hello world
2025-03-20-T17:26:27: RTT-Channel 0 - Message: hello world
2025-03-20-T17:26:27: RTT-Channel 0 - Message: hello world
2025-03-20-T17:26:27: RTT-Channel 0 - Message: hello world
2025-03-20-T17:26:28: RTT-Channel 0 - Message: hello world
2025-03-20-T17:26:28: RTT-Channel 0 - Message: hello world
2025-03-20-T17:26:28: RTT-Channel 0 - Message: hello world
2025-03-20-T17:26:28: RTT-Channel 0 - Message: hello world
2025-03-20-T17:26:29: RTT-Channel 0 - Message: hello world
2025-03-20-T17:26:29: RTT-Channel 0 - Message: hello world
2025-03-20-T17:26:29: RTT-Channel 0 - Message: hello world
2025-03-20-T17:26:30: RTT-Channel 0 - Message: hello world
2025-03-20-T17:26:30: RTT-Channel 0 - Message: hello world
2025-03-20-T17:26:30: RTT-Channel 0 - Message: hello world
2025-03-20-T17:26:31: RTT-Channel 0 - Message: hello world
2025-03-20-T17:26:31: RTT-Channel 0 - Message: hello world
2025-03-20-T17:26:31: RTT-Channel 0 - Message: hello world
2025-03-20-T17:26:31: RTT-Channel 0 - Message: hello world
2025-03-20-T17:26:32: RTT-Channel 0 - Message: hello world
2025-03-20-T17:26:32: RTT-Channel 0 - Message: hello world
2025-03-20-T17:26:32: RTT-Channel 0 - Message: hello world
2025-03-20-T17:26:33: RTT-Channel 0 - Message: hello world
2025-03-20-T17:26:33: RTT-Channel 0 - Message: hello world
2025-03-20-T17:26:33: RTT-Channel 0 - Message: hello world
2025-03-20-T17:26:34: RTT-Channel 0 - Message: hello world
2025-03-20-T17:26:34: RTT-Channel 0 - Message: hello world
2025-03-20-T17:26:34: RTT-Channel 0 - Message: hello world
2025-03-20-T17:26:34: RTT-Channel 0 - Message: hello world
2025-03-20-T17:26:35: RTT-Channel 0 - Message: hello world
2025-03-20-T17:26:35: RTT-Channel 0 - Message: hello world
2025-03-20-T17:26:35: RTT-Channel 0 - Message: hello world
2025-03-20-T17:26:36: RTT-Channel 0 - Message: hello world
2025-03-20-T17:26:36: RTT-Channel 0 - Message: hello world
2025-03-20-T17:26:36: RTT-Channel 0 - Message: hello world
2025-03-20-T17:26:37: RTT-Channel 0 - Message: hello world
2025-03-20-T17:26:37: RTT-Channel 0 - Message: hello world
2025-03-20-T17:26:37: RTT-Channel 0 - Message: hello world
2025-03-20-T17:26:37: RTT-Channel 0 - Message: hello world
2025-03-20-T17:26:38: RTT-Channel 0 - Message: hello world
2025-03-20-T17:26:38: RTT-Channel 0 - Message: hello world
2025-03-20-T17:26:38: RTT-Channel 0 - Message: hello world
2025-03-20-T17:26:39: RTT-Channel 0 - Message: hello world
2025-03-20-T17:26:39: RTT-Channel 0 - Message: hello world
2025-03-20-T17:26:39: RTT-Channel 0 - Message: hello world
2025-03-20-T17:26:40: RTT-Channel 0 - Message: hello world
2025-03-20-T17:26:40: RTT-Channel 0 - Message: hello world
2025-03-20-T17:26:40: RTT-Channel 0 - Message: hello world
2025-03-20-T17:26:40: RTT-Channel 0 - Message: hello world
2025-03-20-T17:26:41: RTT-Channel 0 - Message: hello world
2025-03-20-T17:26:41: RTT-Channel 0 - Message: hello world
2025-03-20-T17:26:41: RTT-Channel 0 - Message: hello world
2025-03-20-T17:26:42: RTT-Channel 0 - Message: hello world
2025-03-20-T17:26:42: RTT-Channel 0 - Message: hello world
2025-03-20-T17:26:42: RTT-Channel 0 - Message: hello world
2025-03-20-T17:26:43: RTT-Channel 0 - Message: hello world
2025-03-20-T17:26:43: RTT-Channel 0 - Message: hello world
2025-03-20-T17:26:43: RTT-Channel 0 - Message: hello world
2025-03-20-T17:26:43: RTT-Channel 0 - Message: hello world
2025-03-20-T17:26:44: RTT-Channel 0 - Message: hello world
2025-03-20-T17:26:44: RTT-Channel 0 - Message: hello world
2025-03-20-T17:26:44: RTT-Channel 0 - Message: hello world
2025-03-20-T17:26:45: RTT-Channel 0 - Message: hello world
2025-03-20-T17:26:45: RTT-Channel 0 - Message: hello world
2025-03-20-T17:26:45: RTT-Channel 0 - Message: hello world
2025-03-20-T17:26:46: RTT-Channel 0 - Message: hello world
2025-03-20-T17:26:46: RTT-Channel 0 - Message: hello world
2025-03-20-T17:26:46: RTT-Channel 0 - Message: hello world
2025-03-20-T17:26:46: RTT-Channel 0 - Message: hello world
2025-03-20-T17:26:47: RTT-Channel 0 - Message: hello world
2025-03-20-T17:26:47: RTT-Channel 0 - Message: hello world
2025-03-20-T17:26:47: RTT-Channel 0 - Message: hello world
2025-03-20-T17:26:48: RTT-Channel 0 - Message: hello world
2025-03-20-T17:26:48: RTT-Channel 0 - Message: hello world
2025-03-20-T17:26:48: RTT-Channel 0 - Message: hello world
2025-03-20-T17:26:49: RTT-Channel 0 - Message: hello world
2025-03-20-T17:26:49: RTT-Channel 0 - Message: hello world
2025-03-20-T17:26:49: RTT-Channel 0 - Message: hello world
2025-03-20-T17:26:49: RTT-Channel 0 - Message: hello world
2025-03-20-T17:26:50: RTT-Channel 0 - Message: hello world
2025-03-20-T17:26:50: RTT-Channel 0 - Message: hello world
2025-03-20-T17:26:50: RTT-Channel 0 - Message: hello world
2025-03-20-T17:26:51: RTT-Channel 0 - Message: hello world
2025-03-20-T17:26:51: RTT-Channel 0 - Message: hello world
2025-03-20-T17:26:51: RTT-Channel 0 - Message: hello world
2025-03-20-T17:26:51: RTT-Channel 0 - Message: hello world
2025-03-20-T17:26:52: RTT-Channel 0 - Message: hello world
2025-03-20-T17:26:52: RTT-Channel 0 - Message: hello world
2025-03-20-T17:26:52: RTT-Channel 0 - Message: hello world
2025-03-20-T17:26:53: RTT-Channel 0 - Message: hello world
2025-03-20-T17:26:53: RTT-Channel 0 - Message: hello world
2025-03-20-T17:26:53: RTT-Channel 0 - Message: hello world
2025-03-20-T17:26:54: RTT-Channel 0 - Message: hello world
2025-03-20-T17:26:54: RTT-Channel 0 - Message: hello world
2025-03-20-T17:26:54: RTT-Channel 0 - Message: hello world
2025-03-20-T17:26:54: RTT-Channel 0 - Message: hello world
2025-03-20-T17:26:55: RTT-Channel 0 - Message: hello world
2025-03-20-T17:26:55: RTT-Channel 0 - Message: hello world
2025-03-20-T17:26:55: RTT-Channel 0 - Message: hello world
2025-03-20-T17:26:56: RTT-Channel 0 - Message: hello world
2025-03-20-T17:26:56: RTT-Channel 0 - Message: hello world
2025-03-20-T17:26:56: RTT-Channel 0 - Message: hello world
2025-03-20-T17:26:57: RTT-Channel 0 - Message: hello world
2025-03-20-T17:26:57: RTT-Channel 0 - Message: hello world
2025-03-20-T17:26:57: RTT-Channel 0 - Message: hello world
2025-03-20-T17:26:57: RTT-Channel 0 - Message: hello world
2025-03-20-T17:26:58: RTT-Channel 0 - Message: hello world
2025-03-20-T17:26:58: RTT-Channel 0 - Message: hello world
2025-03-20-T17:26:58: RTT-Channel 0 - Message: hello world
2025-03-20-T17:26:59: RTT-Channel 0 - Message: hello world
2025-03-20-T17:26:59: RTT-Channel 0 - Message: hello world
2025-03-20-T17:26:59: RTT-Channel 0 - Message: hello world
2025-03-20-T17:27:00: RTT-Channel 0 - Message: hello world
2025-03-20-T17:27:00: RTT-Channel 0 - Message: hello world
2025-03-20-T17:27:00: RTT-Channel 0 - Message: hello world
2025-03-20-T17:27:00: RTT-Channel 0 - Message: hello world
2025-03-20-T17:27:01: RTT-Channel 0 - Message: hello world
2025-03-20-T17:27:01: RTT-Channel 0 - Message: hello world
2025-03-20-T17:27:01: RTT-Channel 0 - Message: hello world
2025-03-20-T17:27:02: RTT-Channel 0 - Message: hello world
2025-03-20-T17:27:02: RTT-Channel 0 - Message: hello world
2025-03-20-T17:27:02: RTT-Channel 0 - Message: hello world
2025-03-20-T17:27:03: RTT-Channel 0 - Message: hello world
2025-03-20-T17:27:03: RTT-Channel 0 - Message: hello world
2025-03-20-T17:27:03: RTT-Channel 0 - Message: hello world
2025-03-20-T17:27:03: RTT-Channel 0 - Message: hello world
2025-03-20-T17:27:04: RTT-Channel 0 - Message: hello world
2025-03-20-T17:27:04: RTT-Channel 0 - Message: hello world
2025-03-20-T17:27:04: RTT-Channel 0 - Message: hello world
2025-03-20-T17:27:05: RTT-Channel 0 - Message: hello world
2025-03-20-T17:27:05: RTT-Channel 0 - Message: hello world
2025-03-20-T17:27:05: RTT-Channel 0 - Message: hello world
2025-03-20-T17:27:06: RTT-Channel 0 - Message: hello world
2025-03-20-T17:27:06: RTT-Channel 0 - Message: hello world
2025-03-20-T17:27:06: RTT-Channel 0 - Message: hello world
2025-03-20-T17:27:06: RTT-Channel 0 - Message: hello world
2025-03-20-T17:27:07: RTT-Channel 0 - Message: hello world
2025-03-20-T17:27:07: RTT-Channel 0 - Message: hello world
2025-03-20-T17:27:07: RTT-Channel 0 - Message: hello world
2025-03-20-T17:27:08: RTT-Channel 0 - Message: hello world
2025-03-20-T17:27:08: RTT-Channel 0 - Message: hello world
2025-03-20-T17:27:08: RTT-Channel 0 - Message: hello world
2025-03-20-T17:27:09: RTT-Channel 0 - Message: hello world
2025-03-20-T17:27:09: RTT-Channel 0 - Message: hello world
2025-03-20-T17:27:09: RTT-Channel 0 - Message: hello world
2025-03-20-T17:27:09: RTT-Channel 0 - Message: hello world
2025-03-20-T17:27:10: RTT-Channel 0 - Message: hello world
2025-03-20-T17:27:10: RTT-Channel 0 - Message: hello world
2025-03-20-T17:27:10: RTT-Channel 0 - Message: hello world
2025-03-20-T17:27:11: RTT-Channel 0 - Message: hello world
2025-03-20-T17:27:11: RTT-Channel 0 - Message: hello world
2025-03-20-T17:27:11: RTT-Channel 0 - Message: hello world
2025-03-20-T17:27:11: RTT-Channel 0 - Message: hello world
2025-03-20-T17:27:12: RTT-Channel 0 - Message: hello world
2025-03-20-T17:27:12: RTT-Channel 0 - Message: hello world
2025-03-20-T17:27:12: RTT-Channel 0 - Message: hello world
2025-03-20-T17:27:13: RTT-Channel 0 - Message: hello world
2025-03-20-T17:27:13: RTT-Channel 0 - Message: hello world
2025-03-20-T17:27:13: RTT-Channel 0 - Message: hello world
2025-03-20-T17:27:14: RTT-Channel 0 - Message: hello world
2025-03-20-T17:27:14: RTT-Channel 0 - Message: hello world
2025-03-20-T17:27:14: RTT-Channel 0 - Message: hello world
2025-03-20-T17:27:14: RTT-Channel 0 - Message: hello world
2025-03-20-T17:27:15: RTT-Channel 0 - Message: hello world
2025-03-20-T17:27:15: RTT-Channel 0 - Message: hello world
2025-03-20-T17:27:15: RTT-Channel 0 - Message: hello world
2025-03-20-T17:27:16: RTT-Channel 0 - Message: hello world
2025-03-20-T17:27:16: RTT-Channel 0 - Message: hello world
2025-03-20-T17:27:16: RTT-Channel 0 - Message: hello world
2025-03-20-T17:27:17: RTT-Channel 0 - Message: hello world
2025-03-20-T17:27:17: RTT-Channel 0 - Message: hello world
2025-03-20-T17:27:17: RTT-Channel 0 - Message: hello world
2025-03-20-T17:27:17: RTT-Channel 0 - Message: hello world
2025-03-20-T17:27:18: RTT-Channel 0 - Message: hello world
2025-03-20-T17:27:18: RTT-Channel 0 - Message: hello world
2025-03-20-T17:27:18: RTT-Channel 0 - Message: hello world
2025-03-20-T17:27:19: RTT-Channel 0 - Message: hello world
2025-03-20-T17:27:19: RTT-Channel 0 - Message: hello world
2025-03-20-T17:27:19: RTT-Channel 0 - Message: hello world
2025-03-20-T17:27:20: RTT-Channel 0 - Message: hello world
2025-03-20-T17:27:20: RTT-Channel 0 - Message: hello world
2025-03-20-T17:27:20: RTT-Channel 0 - Message: hello world
2025-03-20-T17:27:20: RTT-Channel 0 - Message: hello world
2025-03-20-T17:27:21: RTT-Channel 0 - Message: hello world
2025-03-20-T17:27:21: RTT-Channel 0 - Message: hello world
2025-03-20-T17:27:21: RTT-Channel 0 - Message: hello world
2025-03-20-T17:27:22: RTT-Channel 0 - Message: hello world
2025-03-20-T17:27:22: RTT-Channel 0 - Message: hello world
2025-03-20-T17:27:22: RTT-Channel 0 - Message: hello world
2025-03-20-T17:27:23: RTT-Channel 0 - Message: hello world
2025-03-20-T17:27:23: RTT-Channel 0 - Message: hello world
2025-03-20-T17:27:23: RTT-Channel 0 - Message: hello world
2025-03-20-T17:27:23: RTT-Channel 0 - Message: hello world
2025-03-20-T17:27:24: RTT-Channel 0 - Message: hello world
2025-03-20-T17:27:24: RTT-Channel 0 - Message: hello world
2025-03-20-T17:27:24: RTT-Channel 0 - Message: hello world
2025-03-20-T17:27:25: RTT-Channel 0 - Message: hello world
2025-03-20-T17:27:25: RTT-Channel 0 - Message: hello world
2025-03-20-T17:27:25: RTT-Channel 0 - Message: hello world
2025-03-20-T17:27:26: RTT-Channel 0 - Message: hello world
2025-03-20-T17:27:26: RTT-Channel 0 - Message: hello world
2025-03-20-T17:27:26: RTT-Channel 0 - Message: hello world
2025-03-20-T17:27:26: RTT-Channel 0 - Message: hello world
2025-03-20-T17:27:27: RTT-Channel 0 - Message: hello world
2025-03-20-T17:27:27: RTT-Channel 0 - Message: hello world
2025-03-20-T17:27:27: RTT-Channel 0 - Message: hello world
2025-03-20-T17:27:28: RTT-Channel 0 - Message: hello world
2025-03-20-T17:27:28: RTT-Channel 0 - Message: hello world
2025-03-20-T17:27:28: RTT-Channel 0 - Message: hello world
2025-03-20-T17:27:29: RTT-Channel 0 - Message: hello world
2025-03-20-T17:27:29: RTT-Channel 0 - Message: hello world
2025-03-20-T17:27:29: RTT-Channel 0 - Message: hello world
2025-03-20-T17:27:29: RTT-Channel 0 - Message: hello world
2025-03-20-T17:27:30: RTT-Channel 0 - Message: hello world
2025-03-20-T17:27:30: RTT-Channel 0 - Message: hello world
2025-03-20-T17:27:30: RTT-Channel 0 - Message: hello world
2025-03-20-T17:27:31: RTT-Channel 0 - Message: hello world
2025-03-20-T17:27:31: RTT-Channel 0 - Message: hello world
2025-03-20-T17:27:31: RTT-Channel 0 - Message: hello world
2025-03-20-T17:27:32: RTT-Channel 0 - Message: hello world
2025-03-20-T17:27:32: RTT-Channel 0 - Message: hello world
2025-03-20-T17:27:32: RTT-Channel 0 - Message: hello world
2025-03-20-T17:27:32: RTT-Channel 0 - Message: hello world
2025-03-20-T17:27:33: RTT-Channel 0 - Message: hello world
2025-03-20-T17:27:33: RTT-Channel 0 - Message: hello world
2025-03-20-T17:27:33: RTT-Channel 0 - Message: hello world
2025-03-20-T17:27:34: RTT-Channel 0 - Message: hello world
2025-03-20-T17:27:34: RTT-Channel 0 - Message: hello world
2025-03-20-T17:27:34: RTT-Channel 0 - Message: hello world
2025-03-20-T17:27:35: RTT-Channel 0 - Message: hello world
2025-03-20-T17:27:35: RTT-Channel 0 - Message: hello world
2025-03-20-T17:27:35: RTT-Channel 0 - Message: hello world
2025-03-20-T17:27:35: RTT-Channel 0 - Message: hello world
2025-03-20-T17:27:36: RTT-Channel 0 - Message: hello world
2025-03-20-T17:27:36: RTT-Channel 0 - Message: hello world
2025-03-20-T17:27:36: RTT-Channel 0 - Message: hello world
2025-03-20-T17:27:37: RTT-Channel 0 - Message: hello world
2025-03-20-T17:27:37: RTT-Channel 0 - Message: hello world
2025-03-20-T17:27:37: RTT-Channel 0 - Message: hello world
2025-03-20-T17:27:37: RTT-Channel 0 - Message: hello world
2025-03-20-T17:27:38: RTT-Channel 0 - Message: hello world
2025-03-20-T17:27:38: RTT-Channel 0 - Message: hello world
2025-03-20-T17:27:38: RTT-Channel 0 - Message: hello world
2025-03-20-T17:27:39: RTT-Channel 0 - Message: hello world
2025-03-20-T17:27:39: RTT-Channel 0 - Message: hello world
2025-03-20-T17:27:39: RTT-Channel 0 - Message: hello world
2025-03-20-T17:27:40: RTT-Channel 0 - Message: hello world
2025-03-20-T17:27:40: RTT-Channel 0 - Message: hello world
2025-03-20-T17:27:40: RTT-Channel 0 - Message: hello world
2025-03-20-T17:27:40: RTT-Channel 0 - Message: hello world
2025-03-20-T17:27:41: RTT-Channel 0 - Message: hello world
2025-03-20-T17:27:41: RTT-Channel 0 - Message: hello world
2025-03-20-T17:27:41: RTT-Channel 0 - Message: hello world
2025-03-20-T17:27:42: RTT-Channel 0 - Message: hello world
2025-03-20-T17:27:42: RTT-Channel 0 - Message: hello world
2025-03-20-T17:27:42: RTT-Channel 0 - Message: hello world
2025-03-20-T17:27:43: RTT-Channel 0 - Message: hello world
2025-03-20-T17:27:43: RTT-Channel 0 - Message: hello world
2025-03-20-T17:27:43: RTT-Channel 0 - Message: hello world
2025-03-20-T17:27:43: RTT-Channel 0 - Message: hello world
2025-03-20-T17:27:44: RTT-Channel 0 - Message: hello world
2025-03-20-T17:27:44: RTT-Channel 0 - Message: hello world
2025-03-20-T17:27:44: RTT-Channel 0 - Message: hello world
2025-03-20-T17:27:45: RTT-Channel 0 - Message: hello world
2025-03-20-T17:27:45: RTT-Channel 0 - Message: hello world
2025-03-20-T17:27:45: RTT-Channel 0 - Message: hello world
2025-03-20-T17:27:46: RTT-Channel 0 - Message: hello world
2025-03-20-T17:27:46: RTT-Channel 0 - Message: hello world
2025-03-20-T17:27:46: RTT-Channel 0 - Message: hello world
2025-03-20-T17:27:46: RTT-Channel 0 - Message: hello world
2025-03-20-T17:27:47: RTT-Channel 0 - Message: hello world
2025-03-20-T17:27:47: RTT-Channel 0 - Message: hello world
2025-03-20-T17:27:47: RTT-Channel 0 - Message: hello world
2025-03-20-T17:27:48: RTT-Channel 0 - Message: hello world
2025-03-20-T17:27:48: RTT-Channel 0 - Message: hello world
2025-03-20-T17:27:48: RTT-Channel 0 - Message: hello world
2025-03-20-T17:27:49: RTT-Channel 0 - Message: hello world
2025-03-20-T17:27:49: RTT-Channel 0 - Message: hello world
2025-03-20-T17:27:49: RTT-Channel 0 - Message: hello world
2025-03-20-T17:27:49: RTT-Channel 0 - Message: hello world
2025-03-20-T17:27:50: RTT-Channel 0 - Message: hello world
2025-03-20-T17:27:50: RTT-Channel 0 - Message: hello world
2025-03-20-T17:27:50: RTT-Channel 0 - Message: hello world
2025-03-20-T17:27:51: RTT-Channel 0 - Message: hello world
2025-03-20-T17:27:51: RTT-Channel 0 - Message: hello world
2025-03-20-T17:27:51: RTT-Channel 0 - Message: hello world
2025-03-20-T17:27:52: RTT-Channel 0 - Message: hello world
2025-03-20-T17:27:52: RTT-Channel 0 - Message: hello world
2025-03-20-T17:27:52: RTT-Channel 0 - Message: hello world
2025-03-20-T17:27:52: RTT-Channel 0 - Message: hello world
2025-03-20-T17:27:53: RTT-Channel 0 - Message: hello world
2025-03-20-T17:27:53: RTT-Channel 0 - Message: hello world
2025-03-20-T17:27:53: RTT-Channel 0 - Message: hello world
2025-03-20-T17:27:54: RTT-Channel 0 - Message: hello world
2025-03-20-T17:27:54: RTT-Channel 0 - Message: hello world
2025-03-20-T17:27:54: RTT-Channel 0 - Message: hello world
2025-03-20-T17:27:55: RTT-Channel 0 - Message: hello world
2025-03-20-T17:27:55: RTT-Channel 0 - Message: hello world
2025-03-20-T17:27:55: RTT-Channel 0 - Message: hello world
2025-03-20-T17:27:55: RTT-Channel 0 - Message: hello world
2025-03-20-T17:27:56: RTT-Channel 0 - Message: hello world
2025-03-20-T17:27:56: RTT-Channel 0 - Message: hello world
2025-03-20-T17:27:56: RTT-Channel 0 - Message: hello world
2025-03-20-T17:27:57: RTT-Channel 0 - Message: hello world
2025-03-20-T17:27:57: RTT-Channel 0 - Message: hello world
2025-03-20-T17:27:57: RTT-Channel 0 - Message: hello world
2025-03-20-T17:27:57: RTT-Channel 0 - Message: hello world
2025-03-20-T17:27:58: RTT-Channel 0 - Message: hello world
2025-03-20-T17:27:58: RTT-Channel 0 - Message: hello world
2025-03-20-T17:27:58: RTT-Channel 0 - Message: hello world
2025-03-20-T17:27:59: RTT-Channel 0 - Message: hello world
2025-03-20-T17:27:59: RTT-Channel 0 - Message: hello world
2025-03-20-T17:27:59: RTT-Channel 0 - Message: hello world
2025-03-20-T17:28:00: RTT-Channel 0 - Message: hello world
2025-03-20-T17:28:00: RTT-Channel 0 - Message: hello world
2025-03-20-T17:28:00: RTT-Channel 0 - Message: hello world
2025-03-20-T17:28:00: RTT-Channel 0 - Message: hello world
2025-03-20-T17:28:01: RTT-Channel 0 - Message: hello world
2025-03-20-T17:28:01: RTT-Channel 0 - Message: hello world
2025-03-20-T17:28:01: RTT-Channel 0 - Message: hello world
2025-03-20-T17:28:02: RTT-Channel 0 - Message: hello world
2025-03-20-T17:28:02: RTT-Channel 0 - Message: hello world
2025-03-20-T17:28:02: RTT-Channel 0 - Message: hello world
2025-03-20-T17:28:03: RTT-Channel 0 - Message: hello world
2025-03-20-T17:28:03: RTT-Channel 0 - Message: hello world
2025-03-20-T17:28:03: RTT-Channel 0 - Message: hello world
2025-03-20-T17:28:03: RTT-Channel 0 - Message: hello world
2025-03-20-T17:28:04: RTT-Channel 0 - Message: hello world
2025-03-20-T17:28:04: RTT-Channel 0 - Message: hello world
2025-03-20-T17:28:04: RTT-Channel 0 - Message: hello world
2025-03-20-T17:28:05: RTT-Channel 0 - Message: hello world
2025-03-20-T17:28:05: RTT-Channel 0 - Message: hello world
2025-03-20-T17:28:05: RTT-Channel 0 - Message: hello world
2025-03-20-T17:28:06: RTT-Channel 0 - Message: hello world
2025-03-20-T17:28:06: RTT-Channel 0 - Message: hello world
2025-03-20-T17:28:06: RTT-Channel 0 - Message: hello world
2025-03-20-T17:28:06: RTT-Channel 0 - Message: hello world
2025-03-20-T17:28:07: RTT-Channel 0 - Message: hello world
2025-03-20-T17:28:07: RTT-Channel 0 - Message: hello world
2025-03-20-T17:28:07: RTT-Channel 0 - Message: hello world
2025-03-20-T17:28:08: RTT-Channel 0 - Message: hello world
2025-03-20-T17:28:08: RTT-Channel 0 - Message: hello world
2025-03-20-T17:28:08: RTT-Channel 0 - Message: hello world
2025-03-20-T17:28:09: RTT-Channel 0 - Message: hello world
2025-03-20-T17:28:09: RTT-Channel 0 - Message: hello world
2025-03-20-T17:28:09: RTT-Channel 0 - Message: hello world
2025-03-20-T17:28:09: RTT-Channel 0 - Message: hello world
2025-03-20-T17:28:10: RTT-Channel 0 - Message: hello world
2025-03-20-T17:28:10: RTT-Channel 0 - Message: hello world
2025-03-20-T17:28:10: RTT-Channel 0 - Message: hello world
2025-03-20-T17:28:11: RTT-Channel 0 - Message: hello world
2025-03-20-T17:28:11: RTT-Channel 0 - Message: hello world
2025-03-20-T17:28:11: RTT-Channel 0 - Message: hello world
2025-03-20-T17:28:12: RTT-Channel 0 - Message: hello world
2025-03-20-T17:28:12: RTT-Channel 0 - Message: hello world
2025-03-20-T17:28:12: RTT-Channel 0 - Message: hello world
2025-03-20-T17:28:12: RTT-Channel 0 - Message: hello world
2025-03-20-T17:28:13: RTT-Channel 0 - Message: hello world
2025-03-20-T17:28:13: RTT-Channel 0 - Message: hello world
2025-03-20-T17:28:13: RTT-Channel 0 - Message: hello world
2025-03-20-T17:28:14: RTT-Channel 0 - Message: hello world
2025-03-20-T17:28:14: RTT-Channel 0 - Message: hello world
2025-03-20-T17:28:14: RTT-Channel 0 - Message: hello world
2025-03-20-T17:28:14: RTT-Channel 0 - Message: hello world
2025-03-20-T17:28:15: RTT-Channel 0 - Message: hello world
2025-03-20-T17:28:15: RTT-Channel 0 - Message: hello world
2025-03-20-T17:28:15: RTT-Channel 0 - Message: hello world
2025-03-20-T17:28:16: RTT-Channel 0 - Message: hello world
2025-03-20-T17:28:16: RTT-Channel 0 - Message: hello world
2025-03-20-T17:28:16: RTT-Channel 0 - Message: hello world
2025-03-20-T17:28:17: RTT-Channel 0 - Message: hello world
2025-03-20-T17:28:17: RTT-Channel 0 - Message: hello world
2025-03-20-T17:28:17: RTT-Channel 0 - Message: hello world
2025-03-20-T17:28:17: RTT-Channel 0 - Message: hello world
2025-03-20-T17:28:18: RTT-Channel 0 - Message: hello world
2025-03-20-T17:28:18: RTT-Channel 0 - Message: hello world
2025-03-20-T17:28:18: RTT-Channel 0 - Message: hello world
2025-03-20-T17:28:19: RTT-Channel 0 - Message: hello world
2025-03-20-T17:28:19: RTT-Channel 0 - Message: hello world
2025-03-20-T17:28:19: RTT-Channel 0 - Message: hello world
2025-03-20-T17:28:20: RTT-Channel 0 - Message: hello world
2025-03-20-T17:28:20: RTT-Channel 0 - Message: hello world
2025-03-20-T17:28:20: RTT-Channel 0 - Message: hello world
2025-03-20-T17:28:20: RTT-Channel 0 - Message: hello world
2025-03-20-T17:28:21: RTT-Channel 0 - Message: hello world
2025-03-20-T17:28:21: RTT-Channel 0 - Message: hello world
2025-03-20-T17:28:21: RTT-Channel 0 - Message: hello world
2025-03-20-T17:28:22: RTT-Channel 0 - Message: hello world
2025-03-20-T17:28:22: RTT-Channel 0 - Message: hello world
2025-03-20-T17:28:22: RTT-Channel 0 - Message: hello world
2025-03-20-T17:28:23: RTT-Channel 0 - Message: hello world
2025-03-20-T17:28:23: RTT-Channel 0 - Message: hello world
2025-03-20-T17:28:23: RTT-Channel 0 - Message: hello world
2025-03-20-T17:28:23: RTT-Channel 0 - Message: hello world
2025-03-20-T17:28:24: RTT-Channel 0 - Message: hello world
2025-03-20-T17:28:24: RTT-Channel 0 - Message: hello world
2025-03-20-T17:28:24: RTT-Channel 0 - Message: hello world
2025-03-20-T17:28:25: RTT-Channel 0 - Message: hello world
2025-03-20-T17:28:25: RTT-Channel 0 - Message: hello world
2025-03-20-T17:28:25: RTT-Channel 0 - Message: hello world
2025-03-20-T17:28:26: RTT-Channel 0 - Message: hello world
2025-03-20-T17:28:26: RTT-Channel 0 - Message: hello world
2025-03-20-T17:28:26: RTT-Channel 0 - Message: hello world
2025-03-20-T17:28:26: RTT-Channel 0 - Message: hello world
2025-03-20-T17:28:27: RTT-Channel 0 - Message: hello world
2025-03-20-T17:28:27: RTT-Channel 0 - Message: hello world
2025-03-20-T17:28:27: RTT-Channel 0 - Message: hello world
2025-03-20-T17:28:28: RTT-Channel 0 - Message: hello world
2025-03-20-T17:28:28: RTT-Channel 0 - Message: hello world
2025-03-20-T17:28:28: RTT-Channel 0 - Message: hello world
2025-03-20-T17:28:29: RTT-Channel 0 - Message: hello world
2025-03-20-T17:28:29: RTT-Channel 0 - Message: hello world
2025-03-20-T17:28:29: RTT-Channel 0 - Message: hello world
2025-03-20-T17:28:29: RTT-Channel 0 - Message: hello world
2025-03-20-T17:28:30: RTT-Channel 0 - Message: hello world
2025-03-20-T17:28:30: RTT-Channel 0 - Message: hello world
2025-03-20-T17:28:30: RTT-Channel 0 - Message: hello world
2025-03-20-T17:28:31: RTT-Channel 0 - Message: hello world
2025-03-20-T17:28:31: RTT-Channel 0 - Message: hello world
2025-03-20-T17:28:31: RTT-Channel 0 - Message: hello world
2025-03-20-T17:28:32: RTT-Channel 0 - Message: hello world
2025-03-20-T17:28:32: RTT-Channel 0 - Message: hello world
2025-03-20-T17:28:32: RTT-Channel 0 - Message: hello world
2025-03-20-T17:28:32: RTT-Channel 0 - Message: hello world
2025-03-20-T17:28:33: RTT-Channel 0 - Message: hello world
2025-03-20-T17:28:33: RTT-Channel 0 - Message: hello world
2025-03-20-T17:28:33: RTT-Channel 0 - Message: hello world
2025-03-20-T17:28:34: RTT-Channel 0 - Message: hello world
2025-03-20-T17:28:34: RTT-Channel 0 - Message: hello world
2025-03-20-T17:28:34: RTT-Channel 0 - Message: hello world
2025-03-20-T17:28:34: RTT-Channel 0 - Message: hello world
2025-03-20-T17:28:35: RTT-Channel 0 - Message: hello world
2025-03-20-T17:28:35: RTT-Channel 0 - Message: hello world
2025-03-20-T17:28:35: RTT-Channel 0 - Message: hello world
2025-03-20-T17:28:36: RTT-Channel 0 - Message: hello world
2025-03-20-T17:28:36: RTT-Channel 0 - Message: hello world
2025-03-20-T17:28:36: RTT-Channel 0 - Message: hello world
2025-03-20-T17:28:37: RTT-Channel 0 - Message: hello world
2025-03-20-T17:28:37: RTT-Channel 0 - Message: hello world
2025-03-20-T17:28:37: RTT-Channel 0 - Message: hello world
2025-03-20-T17:28:37: RTT-Channel 0 - Message: hello world
2025-03-20-T17:28:38: RTT-Channel 0 - Message: hello world
2025-03-20-T17:28:38: RTT-Channel 0 - Message: hello world
2025-03-20-T17:28:38: RTT-Channel 0 - Message: hello world
2025-03-20-T17:28:39: RTT-Channel 0 - Message: hello world
2025-03-20-T17:28:39: RTT-Channel 0 - Message: hello world
2025-03-20-T17:28:39: RTT-Channel 0 - Message: hello world
2025-03-20-T17:28:40: RTT-Channel 0 - Message: hello world
2025-03-20-T17:28:40: RTT-Channel 0 - Message: hello world
2025-03-20-T17:28:40: RTT-Channel 0 - Message: hello world
2025-03-20-T17:28:40: RTT-Channel 0 - Message: hello world
2025-03-20-T17:28:41: RTT-Channel 0 - Message: hello world
2025-03-20-T17:28:41: RTT-Channel 0 - Message: hello world
2025-03-20-T17:28:41: RTT-Channel 0 - Message: hello world
2025-03-20-T17:28:42: RTT-Channel 0 - Message: hello world
2025-03-20-T17:28:42: RTT-Channel 0 - Message: hello world
2025-03-20-T17:28:42: RTT-Channel 0 - Message: hello world
2025-03-20-T17:28:43: RTT-Channel 0 - Message: hello world
2025-03-20-T17:28:43: RTT-Channel 0 - Message: hello world
2025-03-20-T17:28:43: RTT-Channel 0 - Message: hello world
2025-03-20-T17:28:43: RTT-Channel 0 - Message: hello world
2025-03-20-T17:28:44: RTT-Channel 0 - Message: hello world
2025-03-20-T17:28:44: RTT-Channel 0 - Message: hello world
2025-03-20-T17:28:44: RTT-Channel 0 - Message: hello world
2025-03-20-T17:28:45: RTT-Channel 0 - Message: hello world
2025-03-20-T17:28:45: RTT-Channel 0 - Message: hello world
2025-03-20-T17:28:45: RTT-Channel 0 - Message: hello world
2025-03-20-T17:28:46: RTT-Channel 0 - Message: hello world
2025-03-20-T17:28:46: RTT-Channel 0 - Message: hello world
2025-03-20-T17:28:46: RTT-Channel 0 - Message: hello world
2025-03-20-T17:28:46: RTT-Channel 0 - Message: hello world
2025-03-20-T17:28:47: RTT-Channel 0 - Message: hello world
2025-03-20-T17:28:47: RTT-Channel 0 - Message: hello world
2025-03-20-T17:28:47: RTT-Channel 0 - Message: hello world
2025-03-20-T17:28:48: RTT-Channel 0 - Message: hello world
2025-03-20-T17:28:48: RTT-Channel 0 - Message: hello world
2025-03-20-T17:28:48: RTT-Channel 0 - Message: hello world
2025-03-20-T17:28:49: RTT-Channel 0 - Message: hello world
2025-03-20-T17:28:49: RTT-Channel 0 - Message: hello world
2025-03-20-T17:28:49: RTT-Channel 0 - Message: hello world
2025-03-20-T17:28:49: RTT-Channel 0 - Message: hello world
2025-03-20-T17:28:50: RTT-Channel 0 - Message: hello world
2025-03-20-T17:28:50: RTT-Channel 0 - Message: hello world
2025-03-20-T17:28:50: RTT-Channel 0 - Message: hello world
2025-03-20-T17:28:51: RTT-Channel 0 - Message: hello world
2025-03-20-T17:28:51: RTT-Channel 0 - Message: hello world
2025-03-20-T17:28:51: RTT-Channel 0 - Message: hello world
2025-03-20-T17:28:52: RTT-Channel 0 - Message: hello world
2025-03-20-T17:28:52: RTT-Channel 0 - Message: hello world
2025-03-20-T17:28:52: RTT-Channel 0 - Message: hello world
2025-03-20-T17:28:52: RTT-Channel 0 - Message: hello world
2025-03-20-T17:28:53: RTT-Channel 0 - Message: hello world
2025-03-20-T17:28:53: RTT-Channel 0 - Message: hello world
2025-03-20-T17:28:53: RTT-Channel 0 - Message: hello world
2025-03-20-T17:28:54: RTT-Channel 0 - Message: hello world
2025-03-20-T17:28:54: RTT-Channel 0 - Message: hello world
2025-03-20-T17:28:54: RTT-Channel 0 - Message: hello world
2025-03-20-T17:28:55: RTT-Channel 0 - Message: hello world
2025-03-20-T17:28:55: RTT-Channel 0 - Message: hello world
2025-03-20-T17:28:55: RTT-Channel 0 - Message: hello world
2025-03-20-T17:28:55: RTT-Channel 0 - Message: hello world
2025-03-20-T17:28:56: RTT-Channel 0 - Message: hello world
2025-03-20-T17:28:56: RTT-Channel 0 - Message: hello world
2025-03-20-T17:28:56: RTT-Channel 0 - Message: hello world
2025-03-20-T17:28:57: RTT-Channel 0 - Message: hello world
2025-03-20-T17:28:57: RTT-Channel 0 - Message: hello world
2025-03-20-T17:28:57: RTT-Channel 0 - Message: hello world
2025-03-20-T17:28:58: RTT-Channel 0 - Message: hello world
2025-03-20-T17:28:58: RTT-Channel 0 - Message: hello world
2025-03-20-T17:28:58: RTT-Channel 0 - Message: hello world
2025-03-20-T17:28:58: RTT-Channel 0 - Message: hello world
2025-03-20-T17:28:59: RTT-Channel 0 - Message: hello world
2025-03-20-T17:28:59: RTT-Channel 0 - Message: hello world
2025-03-20-T17:28:59: RTT-Channel 0 - Message: hello world
2025-03-20-T17:29:00: RTT-Channel 0 - Message: hello world
2025-03-20-T17:29:00: RTT-Channel 0 - Message: hello world
2025-03-20-T17:29:00: RTT-Channel 0 - Message: hello world
2025-03-20-T17:29:00: RTT-Channel 0 - Message: hello world
2025-03-20-T17:29:01: RTT-Channel 0 - Message: hello world
2025-03-20-T17:29:01: RTT-Channel 0 - Message: hello world
2025-03-20-T17:29:01: RTT-Channel 0 - Message: hello world
2025-03-20-T17:29:02: RTT-Channel 0 - Message: hello world
2025-03-20-T17:29:02: RTT-Channel 0 - Message: hello world
2025-03-20-T17:29:02: RTT-Channel 0 - Message: hello world
2025-03-20-T17:29:03: RTT-Channel 0 - Message: hello world
2025-03-20-T17:29:03: RTT-Channel 0 - Message: hello world
2025-03-20-T17:29:03: RTT-Channel 0 - Message: hello world
2025-03-20-T17:29:03: RTT-Channel 0 - Message: hello world
2025-03-20-T17:29:04: RTT-Channel 0 - Message: hello world
2025-03-20-T17:29:04: RTT-Channel 0 - Message: hello world
2025-03-20-T17:29:04: RTT-Channel 0 - Message: hello world
2025-03-20-T17:29:05: RTT-Channel 0 - Message: hello world
2025-03-20-T17:29:05: RTT-Channel 0 - Message: hello world
2025-03-20-T17:29:05: RTT-Channel 0 - Message: hello world
2025-03-20-T17:29:06: RTT-Channel 0 - Message: hello world
2025-03-20-T17:29:06: RTT-Channel 0 - Message: hello world
2025-03-20-T17:29:06: RTT-Channel 0 - Message: hello world
2025-03-20-T17:29:06: RTT-Channel 0 - Message: hello world
2025-03-20-T17:29:07: RTT-Channel 0 - Message: hello world
2025-03-20-T17:29:07: RTT-Channel 0 - Message: hello world
2025-03-20-T17:29:07: RTT-Channel 0 - Message: hello world
2025-03-20-T17:29:08: RTT-Channel 0 - Message: hello world
2025-03-20-T17:29:08: RTT-Channel 0 - Message: hello world
2025-03-20-T17:29:08: RTT-Channel 0 - Message: hello world
2025-03-20-T17:29:09: RTT-Channel 0 - Message: hello world
2025-03-20-T17:29:09: RTT-Channel 0 - Message: hello world
2025-03-20-T17:29:09: RTT-Channel 0 - Message: hello world
2025-03-20-T17:29:09: RTT-Channel 0 - Message: hello world
2025-03-20-T17:29:10: RTT-Channel 0 - Message: hello world
2025-03-20-T17:29:10: RTT-Channel 0 - Message: hello world
2025-03-20-T17:29:10: RTT-Channel 0 - Message: hello world
2025-03-20-T17:29:11: RTT-Channel 0 - Message: hello world
2025-03-20-T17:29:11: RTT-Channel 0 - Message: hello world
2025-03-20-T17:29:11: RTT-Channel 0 - Message: hello world
2025-03-20-T17:29:12: RTT-Channel 0 - Message: hello world
2025-03-20-T17:29:12: RTT-Channel 0 - Message: hello world
2025-03-20-T17:29:12: RTT-Channel 0 - Message: hello world
2025-03-20-T17:29:12: RTT-Channel 0 - Message: hello world
2025-03-20-T17:29:13: RTT-Channel 0 - Message: hello world
2025-03-20-T17:29:13: RTT-Channel 0 - Message: hello world
2025-03-20-T17:29:13: RTT-Channel 0 - Message: hello world
2025-03-20-T17:29:14: RTT-Channel 0 - Message: hello world
2025-03-20-T17:29:14: RTT-Channel 0 - Message: hello world
2025-03-20-T17:29:14: RTT-Channel 0 - Message: hello world
2025-03-20-T17:29:14: RTT-Channel 0 - Message: hello world
2025-03-20-T17:29:15: RTT-Channel 0 - Message: hello world
2025-03-20-T17:29:15: RTT-Channel 0 - Message: hello world
2025-03-20-T17:29:15: RTT-Channel 0 - Message: hello world
2025-03-20-T17:29:16: RTT-Channel 0 - Message: hello world
2025-03-20-T17:29:16: RTT-Channel 0 - Message: hello world
2025-03-20-T17:29:16: RTT-Channel 0 - Message: hello world
2025-03-20-T17:29:17: RTT-Channel 0 - Message: hello world
2025-03-20-T17:29:17: RTT-Channel 0 - Message: hello world
2025-03-20-T17:29:17: RTT-Channel 0 - Message: hello world
2025-03-20-T17:29:17: RTT-Channel 0 - Message: hello world
2025-03-20-T17:29:18: RTT-Channel 0 - Message: hello world
2025-03-20-T17:29:18: RTT-Channel 0 - Message: hello world
2025-03-20-T17:29:18: RTT-Channel 0 - Message: hello world
2025-03-20-T17:29:19: RTT-Channel 0 - Message: hello world
2025-03-20-T17:29:19: RTT-Channel 0 - Message: hello world
2025-03-20-T17:29:19: RTT-Channel 0 - Message: hello world
2025-03-20-T17:29:20: RTT-Channel 0 - Message: hello world
2025-03-20-T17:29:20: RTT-Channel 0 - Message: hello world
2025-03-20-T17:29:20: RTT-Channel 0 - Message: hello world
2025-03-20-T17:29:20: RTT-Channel 0 - Message: hello world
2025-03-20-T17:29:21: RTT-Channel 0 - Message: hello world
2025-03-20-T17:29:21: RTT-Channel 0 - Message: hello world
2025-03-20-T17:29:21: RTT-Channel 0 - Message: hello world
2025-03-20-T17:29:22: RTT-Channel 0 - Message: hello world
2025-03-20-T17:29:22: RTT-Channel 0 - Message: hello world
2025-03-20-T17:29:22: RTT-Channel 0 - Message: hello world
2025-03-20-T17:29:23: RTT-Channel 0 - Message: hello world
2025-03-20-T17:29:23: RTT-Channel 0 - Message: hello world
2025-03-20-T17:29:23: RTT-Channel 0 - Message: hello world
2025-03-20-T17:29:23: RTT-Channel 0 - Message: hello world
2025-03-20-T17:29:24: RTT-Channel 0 - Message: hello world
2025-03-20-T17:29:24: RTT-Channel 0 - Message: hello world
2025-03-20-T17:29:24: RTT-Channel 0 - Message: hello world
2025-03-20-T17:29:25: RTT-Channel 0 - Message: hello world
2025-03-20-T17:29:25: RTT-Channel 0 - Message: hello world
2025-03-20-T17:29:25: RTT-Channel 0 - Message: hello world
2025-03-20-T17:29:26: RTT-Channel 0 - Message: hello world
2025-03-20-T17:29:26: RTT-Channel 0 - Message: hello world
2025-03-20-T17:29:26: RTT-Channel 0 - Message: hello world
2025-03-20-T17:29:26: RTT-Channel 0 - Message: hello world
2025-03-20-T17:29:27: RTT-Channel 0 - Message: hello world
2025-03-20-T17:29:27: RTT-Channel 0 - Message: hello world
2025-03-20-T17:29:27: RTT-Channel 0 - Message: hello world
2025-03-20-T17:29:28: RTT-Channel 0 - Message: hello world
2025-03-20-T17:29:28: RTT-Channel 0 - Message: hello world
2025-03-20-T17:29:28: RTT-Channel 0 - Message: hello world
2025-03-20-T17:29:29: RTT-Channel 0 - Message: hello world
2025-03-20-T17:29:29: RTT-Channel 0 - Message: hello world
2025-03-20-T17:29:29: RTT-Channel 0 - Message: hello world
2025-03-20-T17:29:29: RTT-Channel 0 - Message: hello world
2025-03-20-T17:29:30: RTT-Channel 0 - Message: hello world
2025-03-20-T17:29:30: RTT-Channel 0 - Message: hello world
2025-03-20-T17:29:30: RTT-Channel 0 - Message: hello world
2025-03-20-T17:29:31: RTT-Channel 0 - Message: hello world
2025-03-20-T17:29:31: RTT-Channel 0 - Message: hello world
2025-03-20-T17:29:31: RTT-Channel 0 - Message: hello world
2025-03-20-T17:29:32: RTT-Channel 0 - Message: hello world
2025-03-20-T17:29:32: RTT-Channel 0 - Message: hello world
2025-03-20-T17:29:32: RTT-Channel 0 - Message: hello world
2025-03-20-T17:29:32: RTT-Channel 0 - Message: hello world
2025-03-20-T17:29:33: RTT-Channel 0 - Message: hello world
2025-03-20-T17:29:33: RTT-Channel 0 - Message: hello world
2025-03-20-T17:29:33: RTT-Channel 0 - Message: hello world
2025-03-20-T17:29:34: RTT-Channel 0 - Message: hello world
2025-03-20-T17:29:34: RTT-Channel 0 - Message: hello world
2025-03-20-T17:29:34: RTT-Channel 0 - Message: hello world
2025-03-20-T17:29:35: RTT-Channel 0 - Message: hello world
2025-03-20-T17:29:35: RTT-Channel 0 - Message: hello world
2025-03-20-T17:29:35: RTT-Channel 0 - Message: hello world
2025-03-20-T17:29:35: RTT-Channel 0 - Message: hello world
2025-03-20-T17:29:36: RTT-Channel 0 - Message: hello world
2025-03-20-T17:29:36: RTT-Channel 0 - Message: hello world
2025-03-20-T17:29:36: RTT-Channel 0 - Message: hello world
2025-03-20-T17:29:37: RTT-Channel 0 - Message: hello world
2025-03-20-T17:29:37: RTT-Channel 0 - Message: hello world
2025-03-20-T17:29:37: RTT-Channel 0 - Message: hello world
2025-03-20-T17:29:37: RTT-Channel 0 - Message: hello world
2025-03-20-T17:29:38: RTT-Channel 0 - Message: hello world
2025-03-20-T17:29:38: RTT-Channel 0 - Message: hello world
2025-03-20-T17:29:38: RTT-Channel 0 - Message: hello world
2025-03-20-T17:29:39: RTT-Channel 0 - Message: hello world
2025-03-20-T17:29:39: RTT-Channel 0 - Message: hello world
2025-03-20-T17:29:39: RTT-Channel 0 - Message: hello world
2025-03-20-T17:29:40: RTT-Channel 0 - Message: hello world
2025-03-20-T17:29:40: RTT-Channel 0 - Message: hello world
2025-03-20-T17:29:40: RTT-Channel 0 - Message: hello world
2025-03-20-T17:29:40: RTT-Channel 0 - Message: hello world
2025-03-20-T17:29:41: RTT-Channel 0 - Message: hello world
2025-03-20-T17:29:41: RTT-Channel 0 - Message: hello world
2025-03-20-T17:29:41: RTT-Channel 0 - Message: hello world
2025-03-20-T17:29:42: RTT-Channel 0 - Message: hello world
2025-03-20-T17:29:42: RTT-Channel 0 - Message: hello world
2025-03-20-T17:29:42: RTT-Channel 0 - Message: hello world
2025-03-20-T17:29:43: RTT-Channel 0 - Message: hello world
2025-03-20-T17:29:43: RTT-Channel 0 - Message: hello world
2025-03-20-T17:29:43: RTT-Channel 0 - Message: hello world
2025-03-20-T17:29:43: RTT-Channel 0 - Message: hello world
2025-03-20-T17:29:44: RTT-Channel 0 - Message: hello world
2025-03-20-T17:29:44: RTT-Channel 0 - Message: hello world
2025-03-20-T17:29:44: RTT-Channel 0 - Message: hello world
2025-03-20-T17:29:45: RTT-Channel 0 - Message: hello world
2025-03-20-T17:29:45: RTT-Channel 0 - Message: hello world
2025-03-20-T17:29:45: RTT-Channel 0 - Message: hello world
2025-03-20-T17:29:46: RTT-Channel 0 - Message: hello world
2025-03-20-T17:29:46: RTT-Channel 0 - Message: hello world
2025-03-20-T17:29:46: RTT-Channel 0 - Message: hello world
2025-03-20-T17:29:46: RTT-Channel 0 - Message: hello world
2025-03-20-T17:29:47: RTT-Channel 0 - Message: hello world
2025-03-20-T17:29:47: RTT-Channel 0 - Message: hello world
2025-03-20-T17:29:47: RTT-Channel 0 - Message: hello world
2025-03-20-T17:29:48: RTT-Channel 0 - Message: hello world
2025-03-20-T17:29:48: RTT-Channel 0 - Message: hello world
2025-03-20-T17:29:48: RTT-Channel 0 - Message: hello world
2025-03-20-T17:29:49: RTT-Channel 0 - Message: hello world
2025-03-20-T17:29:49: RTT-Channel 0 - Message: hello world
2025-03-20-T17:29:49: RTT-Channel 0 - Message: hello world
2025-03-20-T17:29:49: RTT-Channel 0 - Message: hello world
2025-03-20-T17:29:50: RTT-Channel 0 - Message: hello world
2025-03-20-T17:29:50: RTT-Channel 0 - Message: hello world
2025-03-20-T17:29:50: RTT-Channel 0 - Message: hello world
2025-03-20-T17:29:51: RTT-Channel 0 - Message: hello world
2025-03-20-T17:29:51: RTT-Channel 0 - Message: hello world
2025-03-20-T17:29:51: RTT-Channel 0 - Message: hello world
2025-03-20-T17:29:52: RTT-Channel 0 - Message: hello world
2025-03-20-T17:29:52: RTT-Channel 0 - Message: hello world
2025-03-20-T17:29:52: RTT-Channel 0 - Message: hello world
2025-03-20-T17:29:52: RTT-Channel 0 - Message: hello world
2025-03-20-T17:29:53: RTT-Channel 0 - Message: hello world
2025-03-20-T17:29:53: RTT-Channel 0 - Message: hello world
2025-03-20-T17:29:53: RTT-Channel 0 - Message: hello world
2025-03-20-T17:29:54: RTT-Channel 0 - Message: hello world
2025-03-20-T17:29:54: RTT-Channel 0 - Message: hello world
2025-03-20-T17:29:54: RTT-Channel 0 - Message: hello world
2025-03-20-T17:29:55: RTT-Channel 0 - Message: hello world
2025-03-20-T17:29:55: RTT-Channel 0 - Message: hello world
2025-03-20-T17:29:55: RTT-Channel 0 - Message: hello world
2025-03-20-T17:29:55: RTT-Channel 0 - Message: hello world
2025-03-20-T17:29:56: RTT-Channel 0 - Message: hello world
2025-03-20-T17:29:56: RTT-Channel 0 - Message: hello world
2025-03-20-T17:29:56: RTT-Channel 0 - Message: hello world
2025-03-20-T17:29:57: RTT-Channel 0 - Message: hello world
2025-03-20-T17:29:57: RTT-Channel 0 - Message: hello world
2025-03-20-T17:29:57: RTT-Channel 0 - Message: hello world
2025-03-20-T17:29:58: RTT-Channel 0 - Message: hello world
2025-03-20-T17:29:58: RTT-Channel 0 - Message: hello world
2025-03-20-T17:29:58: RTT-Channel 0 - Message: hello world
2025-03-20-T17:29:58: RTT-Channel 0 - Message: hello world
2025-03-20-T17:29:59: RTT-Channel 0 - Message: hello world
2025-03-20-T17:29:59: RTT-Channel 0 - Message: hello world
2025-03-20-T17:29:59: RTT-Channel 0 - Message: hello world
2025-03-20-T17:30:00: RTT-Channel 0 - Message: hello world
2025-03-20-T17:30:00: RTT-Channel 0 - Message: hello world
2025-03-20-T17:30:00: RTT-Channel 0 - Message: hello world
2025-03-20-T17:30:00: RTT-Channel 0 - Message: hello world
2025-03-20-T17:30:01: RTT-Channel 0 - Message: hello world
2025-03-20-T17:30:01: RTT-Channel 0 - Message: hello world
2025-03-20-T17:30:01: RTT-Channel 0 - Message: hello world
2025-03-20-T17:30:02: RTT-Channel 0 - Message: hello world
2025-03-20-T17:30:02: RTT-Channel 0 - Message: hello world
2025-03-20-T17:30:02: RTT-Channel 0 - Message: hello world
2025-03-20-T17:30:03: RTT-Channel 0 - Message: hello world
2025-03-20-T17:30:03: RTT-Channel 0 - Message: hello world
2025-03-20-T17:30:03: RTT-Channel 0 - Message: hello world
2025-03-20-T17:30:03: RTT-Channel 0 - Message: hello world
2025-03-20-T17:30:04: RTT-Channel 0 - Message: hello world
2025-03-20-T17:30:04: RTT-Channel 0 - Message: hello world
2025-03-20-T17:30:04: RTT-Channel 0 - Message: hello world
2025-03-20-T17:30:05: RTT-Channel 0 - Message: hello world
2025-03-20-T17:30:05: RTT-Channel 0 - Message: hello world
2025-03-20-T17:30:05: RTT-Channel 0 - Message: hello world
2025-03-20-T17:30:06: RTT-Channel 0 - Message: hello world
2025-03-20-T17:30:06: RTT-Channel 0 - Message: hello world
2025-03-20-T17:30:06: RTT-Channel 0 - Message: hello world
2025-03-20-T17:30:06: RTT-Channel 0 - Message: hello world
2025-03-20-T17:30:07: RTT-Channel 0 - Message: hello world
2025-03-20-T17:30:07: RTT-Channel 0 - Message: hello world
2025-03-20-T17:30:07: RTT-Channel 0 - Message: hello world
2025-03-20-T17:30:08: RTT-Channel 0 - Message: hello world
2025-03-20-T17:30:08: RTT-Channel 0 - Message: hello world
2025-03-20-T17:30:08: RTT-Channel 0 - Message: hello world
2025-03-20-T17:30:09: RTT-Channel 0 - Message: hello world
2025-03-20-T17:30:09: RTT-Channel 0 - Message: hello world
2025-03-20-T17:30:09: RTT-Channel 0 - Message: hello world
2025-03-20-T17:30:09: RTT-Channel 0 - Message: hello world
2025-03-20-T17:30:10: RTT-Channel 0 - Message: hello world
2025-03-20-T17:30:10: RTT-Channel 0 - Message: hello world
2025-03-20-T17:30:10: RTT-Channel 0 - Message: hello world
2025-03-20-T17:30:11: RTT-Channel 0 - Message: hello world
2025-03-20-T17:30:11: RTT-Channel 0 - Message: hello world
2025-03-20-T17:30:11: RTT-Channel 0 - Message: hello world
2025-03-20-T17:30:12: RTT-Channel 0 - Message: hello world
2025-03-20-T17:30:12: RTT-Channel 0 - Message: hello world
2025-03-20-T17:30:12: RTT-Channel 0 - Message: hello world
2025-03-20-T17:30:12: RTT-Channel 0 - Message: hello world
2025-03-20-T17:30:13: RTT-Channel 0 - Message: hello world
2025-03-20-T17:30:13: RTT-Channel 0 - Message: hello world
2025-03-20-T17:30:13: RTT-Channel 0 - Message: hello world
2025-03-20-T17:30:14: RTT-Channel 0 - Message: hello world
2025-03-20-T17:30:14: RTT-Channel 0 - Message: hello world
2025-03-20-T17:30:14: RTT-Channel 0 - Message: hello world
2025-03-20-T17:30:15: RTT-Channel 0 - Message: hello world
2025-03-20-T17:30:15: RTT-Channel 0 - Message: hello world
2025-03-20-T17:30:15: RTT-Channel 0 - Message: hello world
2025-03-20-T17:30:15: RTT-Channel 0 - Message: hello world
2025-03-20-T17:30:16: RTT-Channel 0 - Message: hello world
2025-03-20-T17:30:16: RTT-Channel 0 - Message: hello world
2025-03-20-T17:30:16: RTT-Channel 0 - Message: hello world
2025-03-20-T17:30:17: RTT-Channel 0 - Message: hello world
2025-03-20-T17:30:17: RTT-Channel 0 - Message: hello world
2025-03-20-T17:30:17: RTT-Channel 0 - Message: hello world
2025-03-20-T17:30:17: RTT-Channel 0 - Message: hello world
2025-03-20-T17:30:18: RTT-Channel 0 - Message: hello world
2025-03-20-T17:30:18: RTT-Channel 0 - Message: hello world
2025-03-20-T17:30:18: RTT-Channel 0 - Message: hello world
2025-03-20-T17:30:19: RTT-Channel 0 - Message: hello world
2025-03-20-T17:30:19: RTT-Channel 0 - Message: hello world
2025-03-20-T17:30:19: RTT-Channel 0 - Message: hello world
2025-03-20-T17:30:20: RTT-Channel 0 - Message: hello world
2025-03-20-T17:30:20: RTT-Channel 0 - Message: hello world
2025-03-20-T17:30:20: RTT-Channel 0 - Message: hello world
2025-03-20-T17:30:20: RTT-Channel 0 - Message: hello world
2025-03-20-T17:30:21: RTT-Channel 0 - Message: hello world
2025-03-20-T17:30:21: RTT-Channel 0 - Message: hello world
2025-03-20-T17:30:21: RTT-Channel 0 - Message: hello world
2025-03-20-T17:30:22: RTT-Channel 0 - Message: hello world
2025-03-20-T17:30:22: RTT-Channel 0 - Message: hello world
2025-03-20-T17:30:22: RTT-Channel 0 - Message: hello world
2025-03-20-T17:30:23: RTT-Channel 0 - Message: hello world
2025-03-20-T17:30:23: RTT-Channel 0 - Message: hello world
2025-03-20-T17:30:23: RTT-Channel 0 - Message: hello world
2025-03-20-T17:30:23: RTT-Channel 0 - Message: hello world
2025-03-20-T17:30:24: RTT-Channel 0 - Message: hello world
2025-03-20-T17:30:24: RTT-Channel 0 - Message: hello world
2025-03-20-T17:30:24: RTT-Channel 0 - Message: hello world
2025-03-20-T17:30:25: RTT-Channel 0 - Message: hello world
2025-03-20-T17:30:25: RTT-Channel 0 - Message: hello world
2025-03-20-T17:30:25: RTT-Channel 0 - Message: hello world
2025-03-20-T17:30:26: RTT-Channel 0 - Message: hello world
2025-03-20-T17:30:26: RTT-Channel 0 - Message: hello world
2025-03-20-T17:30:26: RTT-Channel 0 - Message: hello world
2025-03-20-T17:30:26: RTT-Channel 0 - Message: hello world
2025-03-20-T17:30:27: RTT-Channel 0 - Message: hello world
2025-03-20-T17:30:27: RTT-Channel 0 - Message: hello world
2025-03-20-T17:30:27: RTT-Channel 0 - Message: hello world
2025-03-20-T17:30:28: RTT-Channel 0 - Message: hello world
2025-03-20-T17:30:28: RTT-Channel 0 - Message: hello world
2025-03-20-T17:30:28: RTT-Channel 0 - Message: hello world
2025-03-20-T17:30:29: RTT-Channel 0 - Message: hello world
2025-03-20-T17:30:29: RTT-Channel 0 - Message: hello world
2025-03-20-T17:30:29: RTT-Channel 0 - Message: hello world
2025-03-20-T17:30:29: RTT-Channel 0 - Message: hello world
2025-03-20-T17:30:30: RTT-Channel 0 - Message: hello world
2025-03-20-T17:30:30: RTT-Channel 0 - Message: hello world
2025-03-20-T17:30:30: RTT-Channel 0 - Message: hello world
2025-03-20-T17:30:31: RTT-Channel 0 - Message: hello world
2025-03-20-T17:30:31: RTT-Channel 0 - Message: hello world
2025-03-20-T17:30:31: RTT-Channel 0 - Message: hello world
2025-03-20-T17:30:32: RTT-Channel 0 - Message: hello world
2025-03-20-T17:30:32: RTT-Channel 0 - Message: hello world
2025-03-20-T17:30:32: RTT-Channel 0 - Message: hello world
2025-03-20-T17:30:32: RTT-Channel 0 - Message: hello world
2025-03-20-T17:30:33: RTT-Channel 0 - Message: hello world
2025-03-20-T17:30:33: RTT-Channel 0 - Message: hello world
2025-03-20-T17:30:33: RTT-Channel 0 - Message: hello world
2025-03-20-T17:30:34: RTT-Channel 0 - Message: hello world
2025-03-20-T17:30:34: RTT-Channel 0 - Message: hello world
2025-03-20-T17:30:34: RTT-Channel 0 - Message: hello world
2025-03-20-T17:30:35: RTT-Channel 0 - Message: hello world
2025-03-20-T17:30:35: RTT-Channel 0 - Message: hello world
2025-03-20-T17:30:35: RTT-Channel 0 - Message: hello world
2025-03-20-T17:30:35: RTT-Channel 0 - Message: hello world
2025-03-20-T17:30:36: RTT-Channel 0 - Message: hello world
2025-03-20-T17:30:36: RTT-Channel 0 - Message: hello world
2025-03-20-T17:30:36: RTT-Channel 0 - Message: hello world
2025-03-20-T17:30:37: RTT-Channel 0 - Message: hello world
2025-03-20-T17:30:37: RTT-Channel 0 - Message: hello world
2025-03-20-T17:30:37: RTT-Channel 0 - Message: hello world
2025-03-20-T17:30:38: RTT-Channel 0 - Message: hello world
2025-03-20-T17:30:38: RTT-Channel 0 - Message: hello world
2025-03-20-T17:30:38: RTT-Channel 0 - Message: hello world
2025-03-20-T17:30:38: RTT-Channel 0 - Message: hello world
2025-03-20-T17:30:39: RTT-Channel 0 - Message: hello world
2025-03-20-T17:30:39: RTT-Channel 0 - Message: hello world
2025-03-20-T17:30:39: RTT-Channel 0 - Message: hello world
2025-03-20-T17:30:40: RTT-Channel 0 - Message: hello world
2025-03-20-T17:30:40: RTT-Channel 0 - Message: hello world
2025-03-20-T17:30:40: RTT-Channel 0 - Message: hello world
2025-03-20-T17:30:40: RTT-Channel 0 - Message: hello world
2025-03-20-T17:30:41: RTT-Channel 0 - Message: hello world
2025-03-20-T17:30:41: RTT-Channel 0 - Message: hello world
2025-03-20-T17:30:41: RTT-Channel 0 - Message: hello world
2025-03-20-T17:30:42: RTT-Channel 0 - Message: hello world
2025-03-20-T17:30:42: RTT-Channel 0 - Message: hello world
2025-03-20-T17:30:42: RTT-Channel 0 - Message: hello world
2025-03-20-T17:30:43: RTT-Channel 0 - Message: hello world
2025-03-20-T17:30:43: RTT-Channel 0 - Message: hello world
2025-03-20-T17:30:43: RTT-Channel 0 - Message: hello world
2025-03-20-T17:30:43: RTT-Channel 0 - Message: hello world
2025-03-20-T17:30:44: RTT-Channel 0 - Message: hello world
2025-03-20-T17:30:44: RTT-Channel 0 - Message: hello world
2025-03-20-T17:30:44: RTT-Channel 0 - Message: hello world
2025-03-20-T17:30:45: RTT-Channel 0 - Message: hello world
2025-03-20-T17:30:45: RTT-Channel 0 - Message: hello world
2025-03-20-T17:30:45: RTT-Channel 0 - Message: hello world
2025-03-20-T17:30:46: RTT-Channel 0 - Message: hello world
2025-03-20-T17:30:46: RTT-Channel 0 - Message: hello world
2025-03-20-T17:30:46: RTT-Channel 0 - Message: hello world
2025-03-20-T17:30:46: RTT-Channel 0 - Message: hello world
2025-03-20-T17:30:47: RTT-Channel 0 - Message: hello world
2025-03-20-T17:30:47: RTT-Channel 0 - Message: hello world
2025-03-20-T17:30:47: RTT-Channel 0 - Message: hello world
2025-03-20-T17:30:48: RTT-Channel 0 - Message: hello world
2025-03-20-T17:30:48: RTT-Channel 0 - Message: hello world
2025-03-20-T17:30:48: RTT-Channel 0 - Message: hello world
2025-03-20-T17:30:49: RTT-Channel 0 - Message: hello world
2025-03-20-T17:30:49: RTT-Channel 0 - Message: hello world
2025-03-20-T17:30:49: RTT-Channel 0 - Message: hello world
2025-03-20-T17:30:49: RTT-Channel 0 - Message: hello world
2025-03-20-T17:30:50: RTT-Channel 0 - Message: hello world
2025-03-20-T17:30:50: RTT-Channel 0 - Message: hello world
2025-03-20-T17:30:50: RTT-Channel 0 - Message: hello world
2025-03-20-T17:30:51: RTT-Channel 0 - Message: hello world
2025-03-20-T17:30:51: RTT-Channel 0 - Message: hello world
2025-03-20-T17:30:51: RTT-Channel 0 - Message: hello world
2025-03-20-T17:30:52: RTT-Channel 0 - Message: hello world
2025-03-20-T17:30:52: RTT-Channel 0 - Message: hello world
2025-03-20-T17:30:52: RTT-Channel 0 - Message: hello world
2025-03-20-T17:30:52: RTT-Channel 0 - Message: hello world
2025-03-20-T17:30:53: RTT-Channel 0 - Message: hello world
2025-03-20-T17:30:53: RTT-Channel 0 - Message: hello world
2025-03-20-T17:30:53: RTT-Channel 0 - Message: hello world
2025-03-20-T17:30:54: RTT-Channel 0 - Message: hello world
2025-03-20-T17:30:54: RTT-Channel 0 - Message: hello world
2025-03-20-T17:30:54: RTT-Channel 0 - Message: hello world
2025-03-20-T17:30:55: RTT-Channel 0 - Message: hello world
2025-03-20-T17:30:55: RTT-Channel 0 - Message: hello world
2025-03-20-T17:30:55: RTT-Channel 0 - Message: hello world
2025-03-20-T17:30:55: RTT-Channel 0 - Message: hello world
2025-03-20-T17:30:56: RTT-Channel 0 - Message: hello world
2025-03-20-T17:30:56: RTT-Channel 0 - Message: hello world
2025-03-20-T17:30:56: RTT-Channel 0 - Message: hello world
2025-03-20-T17:30:57: RTT-Channel 0 - Message: hello world
2025-03-20-T17:30:57: RTT-Channel 0 - Message: hello world
2025-03-20-T17:30:57: RTT-Channel 0 - Message: hello world
2025-03-20-T17:30:58: RTT-Channel 0 - Message: hello world
2025-03-20-T17:30:58: RTT-Channel 0 - Message: hello world
2025-03-20-T17:30:58: RTT-Channel 0 - Message: hello world
2025-03-20-T17:30:58: RTT-Channel 0 - Message: hello world
2025-03-20-T17:30:59: RTT-Channel 0 - Message: hello world
2025-03-20-T17:30:59: RTT-Channel 0 - Message: hello world
2025-03-20-T17:30:59: RTT-Channel 0 - Message: hello world
2025-03-20-T17:31:00: RTT-Channel 0 - Message: hello world
2025-03-20-T17:31:00: RTT-Channel 0 - Message: hello world
2025-03-20-T17:31:00: RTT-Channel 0 - Message: hello world
2025-03-20-T17:31:01: RTT-Channel 0 - Message: hello world
2025-03-20-T17:31:01: RTT-Channel 0 - Message: hello world
2025-03-20-T17:31:01: RTT-Channel 0 - Message: hello world
2025-03-20-T17:31:01: RTT-Channel 0 - Message: hello world
2025-03-20-T17:31:02: RTT-Channel 0 - Message: hello world
2025-03-20-T17:31:02: RTT-Channel 0 - Message: hello world
2025-03-20-T17:31:02: RTT-Channel 0 - Message: hello world
2025-03-20-T17:31:03: RTT-Channel 0 - Message: hello world
2025-03-20-T17:31:03: RTT-Channel 0 - Message: hello world
2025-03-20-T17:31:03: RTT-Channel 0 - Message: hello world
2025-03-20-T17:31:03: RTT-Channel 0 - Message: hello world
2025-03-20-T17:31:04: RTT-Channel 0 - Message: hello world
2025-03-20-T17:31:04: RTT-Channel 0 - Message: hello world
2025-03-20-T17:31:04: RTT-Channel 0 - Message: hello world
2025-03-20-T17:31:05: RTT-Channel 0 - Message: hello world
2025-03-20-T17:31:05: RTT-Channel 0 - Message: hello world
2025-03-20-T17:31:05: RTT-Channel 0 - Message: hello world
2025-03-20-T17:31:06: RTT-Channel 0 - Message: hello world
2025-03-20-T17:31:06: RTT-Channel 0 - Message: hello world
2025-03-20-T17:31:06: RTT-Channel 0 - Message: hello world
2025-03-20-T17:31:06: RTT-Channel 0 - Message: hello world
2025-03-20-T17:31:07: RTT-Channel 0 - Message: hello world
2025-03-20-T17:31:07: RTT-Channel 0 - Message: hello world
2025-03-20-T17:31:07: RTT-Channel 0 - Message: hello world
2025-03-20-T17:31:08: RTT-Channel 0 - Message: hello world
2025-03-20-T17:31:08: RTT-Channel 0 - Message: hello world
2025-03-20-T17:31:08: RTT-Channel 0 - Message: hello world
2025-03-20-T17:31:09: RTT-Channel 0 - Message: hello world
2025-03-20-T17:31:09: RTT-Channel 0 - Message: hello world
2025-03-20-T17:31:09: RTT-Channel 0 - Message: hello world
2025-03-20-T17:31:09: RTT-Channel 0 - Message: hello world
2025-03-20-T17:31:10: RTT-Channel 0 - Message: hello world
2025-03-20-T17:31:10: RTT-Channel 0 - Message: hello world
2025-03-20-T17:31:10: RTT-Channel 0 - Message: hello world
2025-03-20-T17:31:11: RTT-Channel 0 - Message: hello world
2025-03-20-T17:31:11: RTT-Channel 0 - Message: hello world
2025-03-20-T17:31:11: RTT-Channel 0 - Message: hello world
2025-03-20-T17:31:12: RTT-Channel 0 - Message: hello world
2025-03-20-T17:31:12: RTT-Channel 0 - Message: hello world
2025-03-20-T17:31:12: RTT-Channel 0 - Message: hello world
2025-03-20-T17:31:12: RTT-Channel 0 - Message: hello world
2025-03-20-T17:31:13: RTT-Channel 0 - Message: hello world
2025-03-20-T17:31:13: RTT-Channel 0 - Message: hello world
2025-03-20-T17:31:13: RTT-Channel 0 - Message: hello world
2025-03-20-T17:31:14: RTT-Channel 0 - Message: hello world
2025-03-20-T17:31:14: RTT-Channel 0 - Message: hello world
2025-03-20-T17:31:14: RTT-Channel 0 - Message: hello world
2025-03-20-T17:31:15: RTT-Channel 0 - Message: hello world
2025-03-20-T17:31:15: RTT-Channel 0 - Message: hello world
2025-03-20-T17:31:15: RTT-Channel 0 - Message: hello world
2025-03-20-T17:31:15: RTT-Channel 0 - Message: hello world
2025-03-20-T17:31:16: RTT-Channel 0 - Message: hello world
2025-03-20-T17:31:16: RTT-Channel 0 - Message: hello world
2025-03-20-T17:31:16: RTT-Channel 0 - Message: hello world
2025-03-20-T17:31:17: RTT-Channel 0 - Message: hello world
2025-03-20-T17:31:17: RTT-Channel 0 - Message: hello world
2025-03-20-T17:31:17: RTT-Channel 0 - Message: hello world
2025-03-20-T17:31:18: RTT-Channel 0 - Message: hello world
2025-03-20-T17:31:18: RTT-Channel 0 - Message: hello world
2025-03-20-T17:31:18: RTT-Channel 0 - Message: hello world
2025-03-20-T17:31:18: RTT-Channel 0 - Message: hello world
2025-03-20-T17:31:19: RTT-Channel 0 - Message: hello world
2025-03-20-T17:31:19: RTT-Channel 0 - Message: hello world
2025-03-20-T17:31:19: RTT-Channel 0 - Message: hello world
2025-03-20-T17:31:20: RTT-Channel 0 - Message: hello world
2025-03-20-T17:31:20: RTT-Channel 0 - Message: hello world
2025-03-20-T17:31:20: RTT-Channel 0 - Message: hello world
2025-03-20-T17:31:21: RTT-Channel 0 - Message: hello world
2025-03-20-T17:31:21: RTT-Channel 0 - Message: hello world
2025-03-20-T17:31:21: RTT-Channel 0 - Message: hello world
2025-03-20-T17:31:21: RTT-Channel 0 - Message: hello world
2025-03-20-T17:31:22: RTT-Channel 0 - Message: hello world
2025-03-20-T17:31:22: RTT-Channel 0 - Message: hello world
2025-03-20-T17:31:22: RTT-Channel 0 - Message: hello world
2025-03-20-T17:31:23: RTT-Channel 0 - Message: hello world
2025-03-20-T17:31:23: RTT-Channel 0 - Message: hello world
2025-03-20-T17:31:23: RTT-Channel 0 - Message: hello world
2025-03-20-T17:31:24: RTT-Channel 0 - Message: hello world
2025-03-20-T17:31:24: RTT-Channel 0 - Message: hello world
2025-03-20-T17:31:24: RTT-Channel 0 - Message: hello world
2025-03-20-T17:31:24: RTT-Channel 0 - Message: hello world
2025-03-20-T17:31:25: RTT-Channel 0 - Message: hello world
2025-03-20-T17:31:25: RTT-Channel 0 - Message: hello world
2025-03-20-T17:31:25: RTT-Channel 0 - Message: hello world
2025-03-20-T17:31:26: RTT-Channel 0 - Message: hello world
2025-03-20-T17:31:26: RTT-Channel 0 - Message: hello world
2025-03-20-T17:31:26: RTT-Channel 0 - Message: hello world
2025-03-20-T17:31:26: RTT-Channel 0 - Message: hello world
2025-03-20-T17:31:27: RTT-Channel 0 - Message: hello world
2025-03-20-T17:31:27: RTT-Channel 0 - Message: hello world
2025-03-20-T17:31:27: RTT-Channel 0 - Message: hello world
2025-03-20-T17:31:28: RTT-Channel 0 - Message: hello world
2025-03-20-T17:31:28: RTT-Channel 0 - Message: hello world
2025-03-20-T17:31:28: RTT-Channel 0 - Message: hello world
2025-03-20-T17:31:29: RTT-Channel 0 - Message: hello world
2025-03-20-T17:31:29: RTT-Channel 0 - Message: hello world
2025-03-20-T17:31:29: RTT-Channel 0 - Message: hello world
2025-03-20-T17:31:29: RTT-Channel 0 - Message: hello world
2025-03-20-T17:31:30: RTT-Channel 0 - Message: hello world
2025-03-20-T17:31:30: RTT-Channel 0 - Message: hello world
2025-03-20-T17:31:30: RTT-Channel 0 - Message: hello world
2025-03-20-T17:31:31: RTT-Channel 0 - Message: hello world
2025-03-20-T17:31:31: RTT-Channel 0 - Message: hello world
2025-03-20-T17:31:31: RTT-Channel 0 - Message: hello world
2025-03-20-T17:31:32: RTT-Channel 0 - Message: hello world
2025-03-20-T17:31:32: RTT-Channel 0 - Message: hello world
2025-03-20-T17:31:32: RTT-Channel 0 - Message: hello world
2025-03-20-T17:31:32: RTT-Channel 0 - Message: hello world
2025-03-20-T17:31:33: RTT-Channel 0 - Message: hello world
2025-03-20-T17:31:33: RTT-Channel 0 - Message: hello world
2025-03-20-T17:31:33: RTT-Channel 0 - Message: hello world
2025-03-20-T17:31:34: RTT-Channel 0 - Message: hello world
2025-03-20-T17:31:34: RTT-Channel 0 - Message: hello world
2025-03-20-T17:31:34: RTT-Channel 0 - Message: hello world
2025-03-20-T17:31:35: RTT-Channel 0 - Message: hello world
2025-03-20-T17:31:35: RTT-Channel 0 - Message: hello world
2025-03-20-T17:31:35: RTT-Channel 0 - Message: hello world
2025-03-20-T17:31:35: RTT-Channel 0 - Message: hello world
2025-03-20-T17:31:36: RTT-Channel 0 - Message: hello world
2025-03-20-T17:31:36: RTT-Channel 0 - Message: hello world
2025-03-20-T17:31:36: RTT-Channel 0 - Message: hello world
2025-03-20-T17:31:37: RTT-Channel 0 - Message: hello world
2025-03-20-T17:31:37: RTT-Channel 0 - Message: hello world
2025-03-20-T17:31:37: RTT-Channel 0 - Message: hello world
2025-03-20-T17:31:38: RTT-Channel 0 - Message: hello world
2025-03-20-T17:31:38: RTT-Channel 0 - Message: hello world
2025-03-20-T17:31:38: RTT-Channel 0 - Message: hello world
2025-03-20-T17:31:38: RTT-Channel 0 - Message: hello world
2025-03-20-T17:31:39: RTT-Channel 0 - Message: hello world
2025-03-20-T17:31:39: RTT-Channel 0 - Message: hello world
2025-03-20-T17:31:39: RTT-Channel 0 - Message: hello world
2025-03-20-T17:31:40: RTT-Channel 0 - Message: hello world
2025-03-20-T17:31:40: RTT-Channel 0 - Message: hello world
2025-03-20-T17:31:40: RTT-Channel 0 - Message: hello world
2025-03-20-T17:31:40: RTT-Channel 0 - Message: hello world
2025-03-20-T17:31:41: RTT-Channel 0 - Message: hello world
2025-03-20-T17:31:41: RTT-Channel 0 - Message: hello world
2025-03-20-T17:31:41: RTT-Channel 0 - Message: hello world
2025-03-20-T17:31:42: RTT-Channel 0 - Message: hello world
2025-03-20-T17:31:42: RTT-Channel 0 - Message: hello world
2025-03-20-T17:31:42: RTT-Channel 0 - Message: hello world
2025-03-20-T17:31:43: RTT-Channel 0 - Message: hello world
2025-03-20-T17:31:43: RTT-Channel 0 - Message: hello world
2025-03-20-T17:31:43: RTT-Channel 0 - Message: hello world
2025-03-20-T17:31:43: RTT-Channel 0 - Message: hello world
2025-03-20-T17:31:44: RTT-Channel 0 - Message: hello world
2025-03-20-T17:31:44: RTT-Channel 0 - Message: hello world
2025-03-20-T17:31:44: RTT-Channel 0 - Message: hello world
2025-03-20-T17:31:45: RTT-Channel 0 - Message: hello world
2025-03-20-T17:31:45: RTT-Channel 0 - Message: hello world
2025-03-20-T17:31:45: RTT-Channel 0 - Message: hello world
2025-03-20-T17:31:46: RTT-Channel 0 - Message: hello world
2025-03-20-T17:31:46: RTT-Channel 0 - Message: hello world
2025-03-20-T17:31:46: RTT-Channel 0 - Message: hello world
2025-03-20-T17:31:46: RTT-Channel 0 - Message: hello world
2025-03-20-T17:31:47: RTT-Channel 0 - Message: hello world
2025-03-20-T17:31:47: RTT-Channel 0 - Message: hello world
2025-03-20-T17:31:47: RTT-Channel 0 - Message: hello world
2025-03-20-T17:31:48: RTT-Channel 0 - Message: hello world
2025-03-20-T17:31:48: RTT-Channel 0 - Message: hello world
2025-03-20-T17:31:48: RTT-Channel 0 - Message: hello world
2025-03-20-T17:31:49: RTT-Channel 0 - Message: hello world
2025-03-20-T17:31:49: RTT-Channel 0 - Message: hello world
2025-03-20-T17:31:49: RTT-Channel 0 - Message: hello world
2025-03-20-T17:31:49: RTT-Channel 0 - Message: hello world
2025-03-20-T17:31:50: RTT-Channel 0 - Message: hello world
2025-03-20-T17:31:50: RTT-Channel 0 - Message: hello world
2025-03-20-T17:31:50: RTT-Channel 0 - Message: hello world
2025-03-20-T17:31:51: RTT-Channel 0 - Message: hello world
2025-03-20-T17:31:51: RTT-Channel 0 - Message: hello world
2025-03-20-T17:31:51: RTT-Channel 0 - Message: hello world
2025-03-20-T17:31:52: RTT-Channel 0 - Message: hello world
2025-03-20-T17:31:52: RTT-Channel 0 - Message: hello world
2025-03-20-T17:31:52: RTT-Channel 0 - Message: hello world
2025-03-20-T17:31:52: RTT-Channel 0 - Message: hello world
2025-03-20-T17:31:53: RTT-Channel 0 - Message: hello world
2025-03-20-T17:31:53: RTT-Channel 0 - Message: hello world
2025-03-20-T17:31:53: RTT-Channel 0 - Message: hello world
2025-03-20-T17:31:54: RTT-Channel 0 - Message: hello world
2025-03-20-T17:31:54: RTT-Channel 0 - Message: hello world
2025-03-20-T17:31:54: RTT-Channel 0 - Message: hello world
2025-03-20-T17:31:55: RTT-Channel 0 - Message: hello world
2025-03-20-T17:31:55: RTT-Channel 0 - Message: hello world
2025-03-20-T17:31:55: RTT-Channel 0 - Message: hello world
2025-03-20-T17:31:55: RTT-Channel 0 - Message: hello world
2025-03-20-T17:31:56: RTT-Channel 0 - Message: hello world
2025-03-20-T17:31:56: RTT-Channel 0 - Message: hello world
2025-03-20-T17:31:56: RTT-Channel 0 - Message: hello world
2025-03-20-T17:31:57: RTT-Channel 0 - Message: hello world
2025-03-20-T17:31:57: RTT-Channel 0 - Message: hello world
2025-03-20-T17:31:57: RTT-Channel 0 - Message: hello world
2025-03-20-T17:31:58: RTT-Channel 0 - Message: hello world
2025-03-20-T17:31:58: RTT-Channel 0 - Message: hello world
2025-03-20-T17:31:58: RTT-Channel 0 - Message: hello world
2025-03-20-T17:31:58: RTT-Channel 0 - Message: hello world
2025-03-20-T17:31:59: RTT-Channel 0 - Message: hello world
2025-03-20-T17:31:59: RTT-Channel 0 - Message: hello world
2025-03-20-T17:31:59: RTT-Channel 0 - Message: hello world
2025-03-20-T17:32:00: RTT-Channel 0 - Message: hello world
2025-03-20-T17:32:00: RTT-Channel 0 - Message: hello world
2025-03-20-T17:32:00: RTT-Channel 0 - Message: hello world
2025-03-20-T17:32:01: RTT-Channel 0 - Message: hello world
2025-03-20-T17:32:01: RTT-Channel 0 - Message: hello world
2025-03-20-T17:32:01: RTT-Channel 0 - Message: hello world
2025-03-20-T17:32:01: RTT-Channel 0 - Message: hello world
2025-03-20-T17:32:02: RTT-Channel 0 - Message: 2025-03-20-T17:32:02: RTT-Channel 0 - Message: 2025-03-20-T17:32:02: RTT-Channel 0 - Message: hello world
2025-03-20-T17:32:02: RTT-Channel 0 - Message: hello world
2025-03-20-T17:32:03: RTT-Channel 0 - Message: hello world
2025-03-20-T17:32:03: RTT-Channel 0 - Message: hello world
2025-03-20-T17:32:03: RTT-Channel 0 - Message: hello world
2025-03-20-T17:32:04: RTT-Channel 0 - Message: hello world
2025-03-20-T17:32:04: RTT-Channel 0 - Message: hello world
2025-03-20-T17:32:04: RTT-Channel 0 - Message: hello world
2025-03-20-T17:32:04: RTT-Channel 0 - Message: hello world
2025-03-20-T17:32:05: RTT-Channel 0 - Message: hello world
2025-03-20-T17:32:05: RTT-Channel 0 - Message: hello world
2025-03-20-T17:32:05: RTT-Channel 0 - Message: hello world
2025-03-20-T17:32:06: RTT-Channel 0 - Message: hello world
2025-03-20-T17:32:06: RTT-Channel 0 - Message: hello world
2025-03-20-T17:32:06: RTT-Channel 0 - Message: hello world
2025-03-20-T17:32:06: RTT-Channel 0 - Message: hello world
2025-03-20-T17:32:07: RTT-Channel 0 - Message: hello world
2025-03-20-T17:32:07: RTT-Channel 0 - Message: hello world
2025-03-20-T17:32:07: RTT-Channel 0 - Message: hello world
2025-03-20-T17:32:08: RTT-Channel 0 - Message: hello world
2025-03-20-T17:32:08: RTT-Channel 0 - Message: hello world
2025-03-20-T17:32:08: RTT-Channel 0 - Message: hello world
2025-03-20-T17:32:09: RTT-Channel 0 - Message: hello world
2025-03-20-T17:32:09: RTT-Channel 0 - Message: hello world
2025-03-20-T17:32:09: RTT-Channel 0 - Message: hello world
2025-03-20-T17:32:09: RTT-Channel 0 - Message: hello world
2025-03-20-T17:32:10: RTT-Channel 0 - Message: hello world
2025-03-20-T17:32:10: RTT-Channel 0 - Message: hello world
2025-03-20-T17:32:10: RTT-Channel 0 - Message: hello world
2025-03-20-T17:32:11: RTT-Channel 0 - Message: hello world
2025-03-20-T17:32:11: RTT-Channel 0 - Message: hello world
2025-03-20-T17:32:11: RTT-Channel 0 - Message: hello world
2025-03-20-T17:32:12: RTT-Channel 0 - Message: hello world
2025-03-20-T17:32:12: RTT-Channel 0 - Message: hello world
2025-03-20-T17:32:12: RTT-Channel 0 - Message: hello world
2025-03-20-T17:32:12: RTT-Channel 0 - Message: hello world
2025-03-20-T17:32:13: RTT-Channel 0 - Message: hello world
2025-03-20-T17:32:13: RTT-Channel 0 - Message: hello world
2025-03-20-T17:32:13: RTT-Channel 0 - Message: hello world
2025-03-20-T17:32:14: RTT-Channel 0 - Message: hello world
2025-03-20-T17:32:14: RTT-Channel 0 - Message: hello world
2025-03-20-T17:32:14: RTT-Channel 0 - Message: hello world
2025-03-20-T17:32:15: RTT-Channel 0 - Message: hello world
2025-03-20-T17:32:15: RTT-Channel 0 - Message: hello world
2025-03-20-T17:32:15: RTT-Channel 0 - Message: hello world
2025-03-20-T17:32:15: RTT-Channel 0 - Message: hello world
2025-03-20-T17:32:16: RTT-Channel 0 - Message: hello world
2025-03-20-T17:32:16: RTT-Channel 0 - Message: hello world
2025-03-20-T17:32:16: RTT-Channel 0 - Message: hello world
2025-03-20-T17:32:17: RTT-Channel 0 - Message: hello world
2025-03-20-T17:32:17: RTT-Channel 0 - Message: hello world
2025-03-20-T17:32:17: RTT-Channel 0 - Message: hello world
2025-03-20-T17:32:17: RTT-Channel 0 - Message: hello world
2025-03-20-T17:32:18: RTT-Channel 0 - Message: hello world
2025-03-20-T17:32:18: RTT-Channel 0 - Message: hello world
2025-03-20-T17:32:18: RTT-Channel 0 - Message: hello world
2025-03-20-T17:32:19: RTT-Channel 0 - Message: hello world
2025-03-20-T17:32:19: RTT-Channel 0 - Message: hello world
2025-03-20-T17:32:19: RTT-Channel 0 - Message: hello world
2025-03-20-T17:32:20: RTT-Channel 0 - Message: hello world
2025-03-20-T17:32:20: RTT-Channel 0 - Message: hello world
2025-03-20-T17:32:20: RTT-Channel 0 - Message: hello world
2025-03-20-T17:32:20: RTT-Channel 0 - Message: hello world
2025-03-20-T17:32:21: RTT-Channel 0 - Message: hello world
2025-03-20-T17:32:21: RTT-Channel 0 - Message: hello world
2025-03-20-T17:32:21: RTT-Channel 0 - Message: hello world
2025-03-20-T17:32:22: RTT-Channel 0 - Message: hello world
2025-03-20-T17:32:22: RTT-Channel 0 - Message: hello world
2025-03-20-T17:32:22: RTT-Channel 0 - Message: hello world
2025-03-20-T17:32:23: RTT-Channel 0 - Message: hello world
2025-03-20-T17:32:23: RTT-Channel 0 - Message: hello world
2025-03-20-T17:32:23: RTT-Channel 0 - Message: hello world
2025-03-20-T17:32:23: RTT-Channel 0 - Message: hello world
2025-03-20-T17:32:24: RTT-Channel 0 - Message: hello world
2025-03-20-T17:32:24: RTT-Channel 0 - Message: hello world
2025-03-20-T17:32:24: RTT-Channel 0 - Message: hello world
2025-03-20-T17:32:25: RTT-Channel 0 - Message: hello world
2025-03-20-T17:32:25: RTT-Channel 0 - Message: hello world
2025-03-20-T17:32:25: RTT-Channel 0 - Message: hello world
2025-03-20-T17:32:26: RTT-Channel 0 - Message: hello world
2025-03-20-T17:32:26: RTT-Channel 0 - Message: hello world
2025-03-20-T17:32:26: RTT-Channel 0 - Message: hello world
2025-03-20-T17:32:26: RTT-Channel 0 - Message: hello world
2025-03-20-T17:32:27: RTT-Channel 0 - Message: hello world
2025-03-20-T17:32:27: RTT-Channel 0 - Message: hello world
2025-03-20-T17:32:27: RTT-Channel 0 - Message: hello world
2025-03-20-T17:32:28: RTT-Channel 0 - Message: hello world
2025-03-20-T17:32:28: RTT-Channel 0 - Message: hello world
2025-03-20-T17:32:28: RTT-Channel 0 - Message: hello world
2025-03-20-T17:32:29: RTT-Channel 0 - Message: hello world
2025-03-20-T17:32:29: RTT-Channel 0 - Message: hello world
2025-03-20-T17:32:29: RTT-Channel 0 - Message: hello world
2025-03-20-T17:32:29: RTT-Channel 0 - Message: hello world
2025-03-20-T17:32:30: RTT-Channel 0 - Message: hello world
2025-03-20-T17:32:30: RTT-Channel 0 - Message: hello world
2025-03-20-T17:32:30: RTT-Channel 0 - Message: hello world
2025-03-20-T17:32:31: RTT-Channel 0 - Message: hello world
2025-03-20-T17:32:31: RTT-Channel 0 - Message: hello world
2025-03-20-T17:32:31: RTT-Channel 0 - Message: hello world
2025-03-20-T17:32:32: RTT-Channel 0 - Message: hello world
2025-03-20-T17:32:32: RTT-Channel 0 - Message: hello world
2025-03-20-T17:32:32: RTT-Channel 0 - Message: hello world
2025-03-20-T17:32:32: RTT-Channel 0 - Message: hello world
2025-03-20-T17:32:33: RTT-Channel 0 - Message: hello world
2025-03-20-T17:32:33: RTT-Channel 0 - Message: hello world
2025-03-20-T17:32:33: RTT-Channel 0 - Message: hello world
2025-03-20-T17:32:34: RTT-Channel 0 - Message: hello world
2025-03-20-T17:32:34: RTT-Channel 0 - Message: hello world
2025-03-20-T17:32:34: RTT-Channel 0 - Message: hello world
2025-03-20-T17:32:34: RTT-Channel 0 - Message: hello world
2025-03-20-T17:32:35: RTT-Channel 0 - Message: hello world
2025-03-20-T17:32:35: RTT-Channel 0 - Message: hello world
2025-03-20-T17:32:35: RTT-Channel 0 - Message: hello world
2025-03-20-T17:32:36: RTT-Channel 0 - Message: hello world
2025-03-20-T17:32:36: RTT-Channel 0 - Message: hello world
2025-03-20-T17:32:36: RTT-Channel 0 - Message: hello world
2025-03-20-T17:32:37: RTT-Channel 0 - Message: hello world
2025-03-20-T17:32:37: RTT-Channel 0 - Message: hello world
2025-03-20-T17:32:37: RTT-Channel 0 - Message: hello world
2025-03-20-T17:32:37: RTT-Channel 0 - Message: hello world
2025-03-20-T17:32:38: RTT-Channel 0 - Message: hello world
2025-03-20-T17:32:38: RTT-Channel 0 - Message: hello world
2025-03-20-T17:32:38: RTT-Channel 0 - Message: hello world
2025-03-20-T17:32:39: RTT-Channel 0 - Message: hello world
2025-03-20-T17:32:39: RTT-Channel 0 - Message: hello world
2025-03-20-T17:32:39: RTT-Channel 0 - Message: hello world
2025-03-20-T17:32:40: RTT-Channel 0 - Message: hello world
2025-03-20-T17:32:40: RTT-Channel 0 - Message: hello world
2025-03-20-T17:32:40: RTT-Channel 0 - Message: hello world
2025-03-20-T17:32:40: RTT-Channel 0 - Message: hello world
2025-03-20-T17:32:41: RTT-Channel 0 - Message: hello world
2025-03-20-T17:32:41: RTT-Channel 0 - Message: hello world
2025-03-20-T17:32:41: RTT-Channel 0 - Message: hello world
2025-03-20-T17:32:42: RTT-Channel 0 - Message: hello world
2025-03-20-T17:32:42: RTT-Channel 0 - Message: hello world
2025-03-20-T17:32:42: RTT-Channel 0 - Message: hello world
2025-03-20-T17:32:43: RTT-Channel 0 - Message: hello world
2025-03-20-T17:32:43: RTT-Channel 0 - Message: hello world
2025-03-20-T17:32:43: RTT-Channel 0 - Message: hello world
2025-03-20-T17:32:43: RTT-Channel 0 - Message: hello world
2025-03-20-T17:32:44: RTT-Channel 0 - Message: hello world
2025-03-20-T17:32:44: RTT-Channel 0 - Message: hello world
2025-03-20-T17:32:44: RTT-Channel 0 - Message: hello world
2025-03-20-T17:32:45: RTT-Channel 0 - Message: hello world
2025-03-20-T17:32:45: RTT-Channel 0 - Message: hello world
2025-03-20-T17:32:45: RTT-Channel 0 - Message: hello world
2025-03-20-T17:32:46: RTT-Channel 0 - Message: hello world
2025-03-20-T17:32:46: RTT-Channel 0 - Message: hello world
2025-03-20-T17:32:46: RTT-Channel 0 - Message: hello world
2025-03-20-T17:32:46: RTT-Channel 0 - Message: hello world
2025-03-20-T17:32:47: RTT-Channel 0 - Message: hello world
2025-03-20-T17:32:47: RTT-Channel 0 - Message: hello world
2025-03-20-T17:32:47: RTT-Channel 0 - Message: hello world
2025-03-20-T17:32:48: RTT-Channel 0 - Message: hello world
2025-03-20-T17:32:48: RTT-Channel 0 - Message: hello world
2025-03-20-T17:32:48: RTT-Channel 0 - Message: hello world
2025-03-20-T17:32:49: RTT-Channel 0 - Message: hello world
2025-03-20-T17:32:49: RTT-Channel 0 - Message: hello world
2025-03-20-T17:32:49: RTT-Channel 0 - Message: hello world
2025-03-20-T17:32:49: RTT-Channel 0 - Message: hello world
2025-03-20-T17:32:50: RTT-Channel 0 - Message: hello world
2025-03-20-T17:32:50: RTT-Channel 0 - Message: hello world
2025-03-20-T17:32:50: RTT-Channel 0 - Message: hello world
2025-03-20-T17:32:51: RTT-Channel 0 - Message: hello world
2025-03-20-T17:32:51: RTT-Channel 0 - Message: hello world
2025-03-20-T17:32:51: RTT-Channel 0 - Message: hello world
2025-03-20-T17:32:52: RTT-Channel 0 - Message: hello world
2025-03-20-T17:32:52: RTT-Channel 0 - Message: hello world
2025-03-20-T17:32:52: RTT-Channel 0 - Message: hello world
2025-03-20-T17:32:52: RTT-Channel 0 - Message: hello world
2025-03-20-T17:32:53: RTT-Channel 0 - Message: hello world
2025-03-20-T17:32:53: RTT-Channel 0 - Message: hello world
2025-03-20-T17:32:53: RTT-Channel 0 - Message: hello world
2025-03-20-T17:32:54: RTT-Channel 0 - Message: hello world
2025-03-20-T17:32:54: RTT-Channel 0 - Message: hello world
2025-03-20-T17:32:54: RTT-Channel 0 - Message: hello world
2025-03-20-T17:32:55: RTT-Channel 0 - Message: hello world
2025-03-20-T17:32:55: RTT-Channel 0 - Message: hello world
2025-03-20-T17:32:55: RTT-Channel 0 - Message: hello world
2025-03-20-T17:32:55: RTT-Channel 0 - Message: hello world
2025-03-20-T17:32:56: RTT-Channel 0 - Message: hello world
2025-03-20-T17:32:56: RTT-Channel 0 - Message: hello world
2025-03-20-T17:32:56: RTT-Channel 0 - Message: hello world
2025-03-20-T17:32:57: RTT-Channel 0 - Message: hello world
2025-03-20-T17:32:57: RTT-Channel 0 - Message: hello world
2025-03-20-T17:32:57: RTT-Channel 0 - Message: hello world
2025-03-20-T17:32:57: RTT-Channel 0 - Message: hello world
2025-03-20-T17:32:58: RTT-Channel 0 - Message: hello world
2025-03-20-T17:32:58: RTT-Channel 0 - Message: hello world
2025-03-20-T17:32:58: RTT-Channel 0 - Message: hello world
2025-03-20-T17:32:59: RTT-Channel 0 - Message: hello world
2025-03-20-T17:32:59: RTT-Channel 0 - Message: hello world
2025-03-20-T17:32:59: RTT-Channel 0 - Message: hello world
2025-03-20-T17:33:00: RTT-Channel 0 - Message: hello world
2025-03-20-T17:33:00: RTT-Channel 0 - Message: hello world
2025-03-20-T17:33:00: RTT-Channel 0 - Message: hello world
2025-03-20-T17:33:00: RTT-Channel 0 - Message: hello world
2025-03-20-T17:33:01: RTT-Channel 0 - Message: hello world
2025-03-20-T17:33:01: RTT-Channel 0 - Message: hello world
2025-03-20-T17:33:01: RTT-Channel 0 - Message: hello world
2025-03-20-T17:33:02: RTT-Channel 0 - Message: hello world
2025-03-20-T17:33:02: RTT-Channel 0 - Message: hello world
2025-03-20-T17:33:02: RTT-Channel 0 - Message: hello world
2025-03-20-T17:33:03: RTT-Channel 0 - Message: hello world
2025-03-20-T17:33:03: RTT-Channel 0 - Message: hello world
2025-03-20-T17:33:03: RTT-Channel 0 - Message: hello world
2025-03-20-T17:33:03: RTT-Channel 0 - Message: hello world
2025-03-20-T17:33:04: RTT-Channel 0 - Message: hello world
2025-03-20-T17:33:04: RTT-Channel 0 - Message: hello world
2025-03-20-T17:33:04: RTT-Channel 0 - Message: hello world
2025-03-20-T17:33:05: RTT-Channel 0 - Message: hello world
2025-03-20-T17:33:05: RTT-Channel 0 - Message: hello world
2025-03-20-T17:33:05: RTT-Channel 0 - Message: hello world
2025-03-20-T17:33:06: RTT-Channel 0 - Message: hello world
2025-03-20-T17:33:06: RTT-Channel 0 - Message: hello world
2025-03-20-T17:33:06: RTT-Channel 0 - Message: hello world
2025-03-20-T17:33:06: RTT-Channel 0 - Message: hello world
2025-03-20-T17:33:07: RTT-Channel 0 - Message: hello world
2025-03-20-T17:33:07: RTT-Channel 0 - Message: hello world
2025-03-20-T17:33:07: RTT-Channel 0 - Message: hello world
2025-03-20-T17:33:08: RTT-Channel 0 - Message: hello world
2025-03-20-T17:33:08: RTT-Channel 0 - Message: hello world
2025-03-20-T17:33:08: RTT-Channel 0 - Message: hello world
2025-03-20-T17:33:09: RTT-Channel 0 - Message: hello world
2025-03-20-T17:33:09: RTT-Channel 0 - Message: hello world
2025-03-20-T17:33:09: RTT-Channel 0 - Message: hello world
2025-03-20-T17:33:09: RTT-Channel 0 - Message: hello world
2025-03-20-T17:33:10: RTT-Channel 0 - Message: hello world
2025-03-20-T17:33:10: RTT-Channel 0 - Message: hello world
2025-03-20-T17:33:10: RTT-Channel 0 - Message: hello world
2025-03-20-T17:33:11: RTT-Channel 0 - Message: hello world
2025-03-20-T17:33:11: RTT-Channel 0 - Message: hello world
2025-03-20-T17:33:11: RTT-Channel 0 - Message: hello world
2025-03-20-T17:33:12: RTT-Channel 0 - Message: hello world
2025-03-20-T17:33:12: RTT-Channel 0 - Message: hello world
2025-03-20-T17:33:12: RTT-Channel 0 - Message: hello world
2025-03-20-T17:33:12: RTT-Channel 0 - Message: hello world
2025-03-20-T17:33:13: RTT-Channel 0 - Message: hello world
2025-03-20-T17:33:13: RTT-Channel 0 - Message: hello world
2025-03-20-T17:33:13: RTT-Channel 0 - Message: hello world
2025-03-20-T17:33:14: RTT-Channel 0 - Message: hello world
2025-03-20-T17:33:14: RTT-Channel 0 - Message: hello world
2025-03-20-T17:33:14: RTT-Channel 0 - Message: hello world
2025-03-20-T17:33:15: RTT-Channel 0 - Message: hello world
2025-03-20-T17:33:15: RTT-Channel 0 - Message: hello world
2025-03-20-T17:33:15: RTT-Channel 0 - Message: hello world
2025-03-20-T17:33:15: RTT-Channel 0 - Message: hello world
2025-03-20-T17:33:16: RTT-Channel 0 - Message: hello world
2025-03-20-T17:33:16: RTT-Channel 0 - Message: hello world
2025-03-20-T17:33:16: RTT-Channel 0 - Message: hello world
2025-03-20-T17:33:17: RTT-Channel 0 - Message: hello world
2025-03-20-T17:33:17: RTT-Channel 0 - Message: hello world
2025-03-20-T17:33:17: RTT-Channel 0 - Message: hello world
2025-03-20-T17:33:17: RTT-Channel 0 - Message: hello world
2025-03-20-T17:33:18: RTT-Channel 0 - Message: hello world
2025-03-20-T17:33:18: RTT-Channel 0 - Message: hello world
2025-03-20-T17:33:18: RTT-Channel 0 - Message: hello world
2025-03-20-T17:33:19: RTT-Channel 0 - Message: hello world
2025-03-20-T17:33:19: RTT-Channel 0 - Message: hello world
2025-03-20-T17:33:19: RTT-Channel 0 - Message: hello world
2025-03-20-T17:33:20: RTT-Channel 0 - Message: hello world
2025-03-20-T17:33:20: RTT-Channel 0 - Message: hello world
2025-03-20-T17:33:20: RTT-Channel 0 - Message: hello world
2025-03-20-T17:33:20: RTT-Channel 0 - Message: hello world
2025-03-20-T17:33:21: RTT-Channel 0 - Message: hello world
2025-03-20-T17:33:21: RTT-Channel 0 - Message: hello world
2025-03-20-T17:33:21: RTT-Channel 0 - Message: hello world
2025-03-20-T17:33:22: RTT-Channel 0 - Message: hello world
2025-03-20-T17:33:22: RTT-Channel 0 - Message: hello world
2025-03-20-T17:33:22: RTT-Channel 0 - Message: hello world
2025-03-20-T17:33:23: RTT-Channel 0 - Message: hello world
2025-03-20-T17:33:23: RTT-Channel 0 - Message: hello world
2025-03-20-T17:33:23: RTT-Channel 0 - Message: hello world
2025-03-20-T17:33:23: RTT-Channel 0 - Message: hello world
2025-03-20-T17:33:24: RTT-Channel 0 - Message: hello world
2025-03-20-T17:33:24: RTT-Channel 0 - Message: hello world
2025-03-20-T17:33:24: RTT-Channel 0 - Message: hello world
2025-03-20-T17:33:25: RTT-Channel 0 - Message: hello world
2025-03-20-T17:33:25: RTT-Channel 0 - Message: hello world
2025-03-20-T17:33:25: RTT-Channel 0 - Message: hello world
2025-03-20-T17:33:26: RTT-Channel 0 - Message: hello world
2025-03-20-T17:33:26: RTT-Channel 0 - Message: hello world
2025-03-20-T17:33:26: RTT-Channel 0 - Message: hello world
2025-03-20-T17:33:26: RTT-Channel 0 - Message: hello world
2025-03-20-T17:33:27: RTT-Channel 0 - Message: hello world
2025-03-20-T17:33:27: RTT-Channel 0 - Message: hello world
2025-03-20-T17:33:27: RTT-Channel 0 - Message: hello world
2025-03-20-T17:33:28: RTT-Channel 0 - Message: hello world
2025-03-20-T17:33:28: RTT-Channel 0 - Message: hello world
2025-03-20-T17:33:28: RTT-Channel 0 - Message: hello world
2025-03-20-T17:33:29: RTT-Channel 0 - Message: hello world
2025-03-20-T17:33:29: RTT-Channel 0 - Message: hello world
2025-03-20-T17:33:29: RTT-Channel 0 - Message: hello world
2025-03-20-T17:33:29: RTT-Channel 0 - Message: hello world
2025-03-20-T17:33:30: RTT-Channel 0 - Message: hello world
2025-03-20-T17:33:30: RTT-Channel 0 - Message: hello world
2025-03-20-T17:33:30: RTT-Channel 0 - Message: hello world
2025-03-20-T17:33:31: RTT-Channel 0 - Message: hello world
2025-03-20-T17:33:31: RTT-Channel 0 - Message: hello world
2025-03-20-T17:33:31: RTT-Channel 0 - Message: hello world
2025-03-20-T17:33:32: RTT-Channel 0 - Message: hello world
2025-03-20-T17:33:32: RTT-Channel 0 - Message: hello world
2025-03-20-T17:33:32: RTT-Channel 0 - Message: hello world
2025-03-20-T17:33:32: RTT-Channel 0 - Message: hello world
2025-03-20-T17:33:33: RTT-Channel 0 - Message: hello world
2025-03-20-T17:33:33: RTT-Channel 0 - Message: hello world
2025-03-20-T17:33:33: RTT-Channel 0 - Message: hello world
2025-03-20-T17:33:34: RTT-Channel 0 - Message: hello world
2025-03-20-T17:33:34: RTT-Channel 0 - Message: hello world
2025-03-20-T17:33:34: RTT-Channel 0 - Message: hello world
2025-03-20-T17:33:34: RTT-Channel 0 - Message: hello world
2025-03-20-T17:33:35: RTT-Channel 0 - Message: hello world
2025-03-20-T17:33:35: RTT-Channel 0 - Message: hello world
2025-03-20-T17:33:35: RTT-Channel 0 - Message: hello world
2025-03-20-T17:33:36: RTT-Channel 0 - Message: hello world
2025-03-20-T17:33:36: RTT-Channel 0 - Message: hello world
2025-03-20-T17:33:36: RTT-Channel 0 - Message: hello world
2025-03-20-T17:33:37: RTT-Channel 0 - Message: hello world
2025-03-20-T17:33:37: RTT-Channel 0 - Message: hello world
2025-03-20-T17:33:37: RTT-Channel 0 - Message: hello world
2025-03-20-T17:33:37: RTT-Channel 0 - Message: hello world
2025-03-20-T17:33:38: RTT-Channel 0 - Message: hello world
2025-03-20-T17:33:38: RTT-Channel 0 - Message: hello world
2025-03-20-T17:33:38: RTT-Channel 0 - Message: hello world
2025-03-20-T17:33:39: RTT-Channel 0 - Message: hello world
2025-03-20-T17:33:39: RTT-Channel 0 - Message: hello world
2025-03-20-T17:33:39: RTT-Channel 0 - Message: hello world
2025-03-20-T17:33:40: RTT-Channel 0 - Message: hello world
2025-03-20-T17:33:40: RTT-Channel 0 - Message: hello world
2025-03-20-T17:33:40: RTT-Channel 0 - Message: hello world
2025-03-20-T17:33:40: RTT-Channel 0 - Message: hello world
2025-03-20-T17:33:41: RTT-Channel 0 - Message: hello world
2025-03-20-T17:33:41: RTT-Channel 0 - Message: hello world
2025-03-20-T17:33:41: RTT-Channel 0 - Message: hello world
2025-03-20-T17:33:42: RTT-Channel 0 - Message: hello world
2025-03-20-T17:33:42: RTT-Channel 0 - Message: hello world
2025-03-20-T17:33:42: RTT-Channel 0 - Message: hello world
2025-03-20-T17:33:43: RTT-Channel 0 - Message: hello world
2025-03-20-T17:33:43: RTT-Channel 0 - Message: hello world
2025-03-20-T17:33:43: RTT-Channel 0 - Message: hello world
2025-03-20-T17:33:44: RTT-Channel 0 - Message: hello world
2025-03-20-T20:54:32: Opening RTT channel 0 with name "defmt"!
2025-03-20-T20:54:32: RTT-Channel 0 - Message: hello world
2025-03-20-T20:54:32: RTT-Channel 0 - Message: hello world
2025-03-20-T20:54:32: RTT-Channel 0 - Message: hello world
2025-03-20-T20:54:32: RTT-Channel 0 - Message: hello world
2025-03-20-T20:54:33: RTT-Channel 0 - Message: hello world
2025-03-20-T20:54:33: RTT-Channel 0 - Message: hello world
2025-03-20-T20:54:33: RTT-Channel 0 - Message: hello world
2025-03-20-T20:54:34: RTT-Channel 0 - Message: hello world
2025-03-20-T20:54:34: RTT-Channel 0 - Message: hello world
2025-03-20-T20:54:34: RTT-Channel 0 - Message: hello world
2025-03-20-T20:54:35: RTT-Channel 0 - Message: hello world
2025-03-20-T20:54:35: RTT-Channel 0 - Message: hello world
2025-03-20-T20:54:35: RTT-Channel 0 - Message: hello world
2025-03-20-T20:54:36: RTT-Channel 0 - Message: hello world
2025-03-20-T20:54:36: RTT-Channel 0 - Message: hello world
2025-03-20-T20:54:36: RTT-Channel 0 - Message: hello world
2025-03-20-T20:54:36: RTT-Channel 0 - Message: hello world
2025-03-20-T20:54:37: RTT-Channel 0 - Message: hello world
2025-03-20-T20:54:37: RTT-Channel 0 - Message: hello world
2025-03-20-T20:54:37: RTT-Channel 0 - Message: hello world
2025-03-20-T20:54:38: RTT-Channel 0 - Message: hello world
2025-03-20-T20:54:38: RTT-Channel 0 - Message: hello world
2025-03-20-T20:54:38: RTT-Channel 0 - Message: hello world
2025-03-20-T20:54:39: RTT-Channel 0 - Message: hello world
2025-03-20-T20:54:39: RTT-Channel 0 - Message: hello world
2025-03-20-T20:54:39: RTT-Channel 0 - Message: hello world
2025-03-20-T20:54:39: RTT-Channel 0 - Message: hello world
2025-03-20-T20:54:40: RTT-Channel 0 - Message: hello world
2025-03-20-T20:54:40: RTT-Channel 0 - Message: hello world
2025-03-20-T20:54:40: RTT-Channel 0 - Message: hello world
2025-03-20-T20:54:41: RTT-Channel 0 - Message: hello world
2025-03-20-T20:54:41: RTT-Channel 0 - Message: hello world
2025-03-20-T20:54:41: RTT-Channel 0 - Message: hello world
2025-03-20-T20:54:41: RTT-Channel 0 - Message: hello world
2025-03-20-T20:54:42: RTT-Channel 0 - Message: hello world
2025-03-20-T20:54:42: RTT-Channel 0 - Message: hello world
2025-03-20-T20:54:42: RTT-Channel 0 - Message: hello world
2025-03-20-T20:54:43: RTT-Channel 0 - Message: hello world
2025-03-20-T20:54:43: RTT-Channel 0 - Message: hello world
2025-03-20-T20:54:43: RTT-Channel 0 - Message: hello world
2025-03-20-T20:54:44: RTT-Channel 0 - Message: hello world
2025-03-20-T20:54:44: RTT-Channel 0 - Message: hello world
2025-03-20-T20:54:44: RTT-Channel 0 - Message: hello world
2025-03-20-T20:54:45: RTT-Channel 0 - Message: hello world
2025-03-20-T20:54:45: RTT-Channel 0 - Message: hello world
2025-03-20-T20:54:45: RTT-Channel 0 - Message: hello world
2025-03-20-T20:54:45: RTT-Channel 0 - Message: hello world
2025-03-20-T20:54:46: RTT-Channel 0 - Message: hello world
2025-03-20-T20:54:46: RTT-Channel 0 - Message: hello world
2025-03-20-T20:54:46: RTT-Channel 0 - Message: hello world
2025-03-20-T20:54:47: RTT-Channel 0 - Message: hello world
2025-03-20-T20:54:47: RTT-Channel 0 - Message: hello world
2025-03-20-T20:54:47: RTT-Channel 0 - Message: hello world
2025-03-20-T20:54:47: RTT-Channel 0 - Message: hello world
2025-03-20-T20:58:21: Opening RTT channel 0 with name "defmt"!
